Copyright 1986-2022 Xilinx, Inc. All Rights Reserved. Copyright 2022-2025 Advanced Micro Devices, Inc. All Rights Reserved.
---------------------------------------------------------------------------------------------------------------------------------------------
| Tool Version : Vivado v.2025.2 (lin64) Build 6299465 Fri Nov 14 12:34:56 MST 2025
| Date         : Sun Sep  6 12:59:52 2026
| Host         : ip-10-70-154-191.il-central-1.compute.internal running 64-bit Rocky Linux release 8.10 (Green Obsidian)
| Command      : report_timing_summary -delay_type max -max_paths 20 -file exports/arch_dump/timing_summary.rpt
| Design       : design_1_wrapper
| Device       : 7z020-clg400
| Speed File   : -1  PRODUCTION 1.12 2019-11-22
| Design State : Routed
---------------------------------------------------------------------------------------------------------------------------------------------

Timing Summary Report

------------------------------------------------------------------------------------------------
| Timer Settings
| --------------
------------------------------------------------------------------------------------------------

  Enable Multi Corner Analysis               :  Yes
  Enable Pessimism Removal                   :  Yes
  Pessimism Removal Resolution               :  Nearest Common Node
  Enable Input Delay Default Clock           :  No
  Enable Preset / Clear Arcs                 :  No
  Disable Flight Delays                      :  No
  Ignore I/O Paths                           :  No
  Timing Early Launch at Borrowing Latches   :  No
  Borrow Time for Max Delay Exceptions       :  Yes
  Merge Timing Exceptions                    :  Yes
  Inter-SLR Compensation                     :  Conservative

  Corner  Analyze    Analyze    
  Name    Max Paths  Min Paths  
  ------  ---------  ---------  
  Slow    Yes        Yes        
  Fast    Yes        Yes        


------------------------------------------------------------------------------------------------
| Report Methodology
| ------------------
------------------------------------------------------------------------------------------------

Rule    Severity  Description                Violations  
------  --------  -------------------------  ----------  
DPIR-1  Warning   Asynchronous driver check  10608       

Note: This report is based on the most recent report_methodology run and may not be up-to-date. Run report_methodology on the current design for the latest report.



check_timing report

Table of Contents
-----------------
1. checking no_clock (0)
2. checking constant_clock (0)
3. checking pulse_width_clock (0)
4. checking unconstrained_internal_endpoints (0)
5. checking no_input_delay (0)
6. checking no_output_delay (0)
7. checking multiple_clock (0)
8. checking generated_clocks (0)
9. checking loops (0)
10. checking partial_input_delay (0)
11. checking partial_output_delay (0)
12. checking latch_loops (0)

1. checking no_clock (0)
------------------------
 There are 0 register/latch pins with no clock.


2. checking constant_clock (0)
------------------------------
 There are 0 register/latch pins with constant_clock.


3. checking pulse_width_clock (0)
---------------------------------
 There are 0 register/latch pins which need pulse_width check


4. checking unconstrained_internal_endpoints (0)
------------------------------------------------
 There are 0 pins that are not constrained for maximum delay.

 There are 0 pins that are not constrained for maximum delay due to constant clock.


5. checking no_input_delay (0)
------------------------------
 There are 0 input ports with no input delay specified.

 There are 0 input ports with no input delay but user has a false path constraint.


6. checking no_output_delay (0)
-------------------------------
 There are 0 ports with no output delay specified.

 There are 0 ports with no output delay but user has a false path constraint

 There are 0 ports with no output delay but with a timing clock defined on it or propagating through it


7. checking multiple_clock (0)
------------------------------
 There are 0 register/latch pins with multiple clocks.


8. checking generated_clocks (0)
--------------------------------
 There are 0 generated clocks that are not connected to a clock source.


9. checking loops (0)
---------------------
 There are 0 combinational loops in the design.


10. checking partial_input_delay (0)
------------------------------------
 There are 0 input ports with partial input delay specified.


11. checking partial_output_delay (0)
-------------------------------------
 There are 0 ports with partial output delay specified.


12. checking latch_loops (0)
----------------------------
 There are 0 combinational latch loops in the design through latch input



------------------------------------------------------------------------------------------------
| Design Timing Summary
| ---------------------
------------------------------------------------------------------------------------------------

    WNS(ns)      TNS(ns)  TNS Failing Endpoints  TNS Total Endpoints     WPWS(ns)     TPWS(ns)  TPWS Failing Endpoints  TPWS Total Endpoints  
    -------      -------  ---------------------  -------------------     --------     --------  ----------------------  --------------------  
     -0.280       -1.417                     17               104291        3.750        0.000                       0                 32898  


Timing constraints are not met.


------------------------------------------------------------------------------------------------
| Clock Summary
| -------------
------------------------------------------------------------------------------------------------

Clock       Waveform(ns)       Period(ns)      Frequency(MHz)
-----       ------------       ----------      --------------
clk_fpga_0  {0.000 5.000}      10.000          100.000         


------------------------------------------------------------------------------------------------
| Intra Clock Table
| -----------------
------------------------------------------------------------------------------------------------

Clock             WNS(ns)      TNS(ns)  TNS Failing Endpoints  TNS Total Endpoints     WPWS(ns)     TPWS(ns)  TPWS Failing Endpoints  TPWS Total Endpoints  
-----             -------      -------  ---------------------  -------------------     --------     --------  ----------------------  --------------------  
clk_fpga_0         -0.280       -1.417                     17                82133        3.750        0.000                       0                 32898  


------------------------------------------------------------------------------------------------
| Inter Clock Table
| -----------------
------------------------------------------------------------------------------------------------

From Clock    To Clock          WNS(ns)      TNS(ns)  TNS Failing Endpoints  TNS Total Endpoints  
----------    --------          -------      -------  ---------------------  -------------------  


------------------------------------------------------------------------------------------------
| Other Path Groups Table
| -----------------------
------------------------------------------------------------------------------------------------

Path Group         From Clock         To Clock               WNS(ns)      TNS(ns)  TNS Failing Endpoints  TNS Total Endpoints  
----------         ----------         --------               -------      -------  ---------------------  -------------------  
**async_default**  clk_fpga_0         clk_fpga_0               0.543        0.000                      0                22158  


------------------------------------------------------------------------------------------------
| Timing Details
| --------------
------------------------------------------------------------------------------------------------


---------------------------------------------------------------------------------------------------
From Clock:  clk_fpga_0
  To Clock:  clk_fpga_0

Setup :           17  Failing Endpoints,  Worst Slack       -0.280ns,  Total Violation       -1.417ns
Hold  :           NA  Failing Endpoints,  Worst Slack           NA  ,  Total Violation           NA
PW    :            0  Failing Endpoints,  Worst Slack        3.750ns,  Total Violation        0.000ns
---------------------------------------------------------------------------------------------------


Max Delay Paths
--------------------------------------------------------------------------------------
Slack (VIOLATED) :        -0.280ns  (required time - arrival time)
  Source:                 design_1_i/MM_ultra_top_0/inst/U_MM_ultra_axi/u_MM_ultra/F_length_reg[2]/C
                            (rising edge-triggered cell FDRE clocked by clk_fpga_0  {rise@0.000ns fall@5.000ns period=10.000ns})
  Destination:            design_1_i/MM_ultra_top_0/inst/U_MM_ultra_axi/u_MM_ultra/u_MM_out_buffer/F_array_reg_26/ADDRBWRADDR[13]
                            (rising edge-triggered cell RAMB36E1 clocked by clk_fpga_0  {rise@0.000ns fall@5.000ns period=10.000ns})
  Path Group:             clk_fpga_0
  Path Type:              Setup (Max at Slow Process Corner)
  Requirement:            10.000ns  (clk_fpga_0 rise@10.000ns - clk_fpga_0 rise@0.000ns)
  Data Path Delay:        9.563ns  (logic 3.460ns (36.181%)  route 6.103ns (63.819%))
  Logic Levels:           9  (CARRY4=4 LUT2=1 LUT4=1 LUT5=1 LUT6=2)
  Clock Path Skew:        0.003ns (DCD - SCD + CPR)
    Destination Clock Delay (DCD):    2.819ns = ( 12.819 - 10.000 ) 
    Source Clock Delay      (SCD):    2.945ns
    Clock Pessimism Removal (CPR):    0.129ns
  Clock Uncertainty:      0.154ns  ((TSJ^2 + TIJ^2)^1/2 + DJ) / 2 + PE
    Total System Jitter     (TSJ):    0.071ns
    Total Input Jitter      (TIJ):    0.300ns
    Discrete Jitter          (DJ):    0.000ns
    Phase Error              (PE):    0.000ns

    Location             Delay type                Incr(ns)  Path(ns)    Netlist Resource(s)
  -------------------------------------------------------------------    -------------------
                         (clock clk_fpga_0 rise edge)
                                                      0.000     0.000 r  
    PS7_X0Y0             PS7                          0.000     0.000 r  design_1_i/processing_system7_0/inst/PS7_i/FCLKCLK[0]
                         net (fo=1, routed)           1.193     1.193    design_1_i/processing_system7_0/inst/FCLK_CLK_unbuffered[0]
    BUFGCTRL_X0Y16       BUFG (Prop_bufg_I_O)         0.101     1.294 r  design_1_i/processing_system7_0/inst/buffer_fclk_clk_0.FCLK_CLK_0_BUFG/O
                         net (fo=32901, routed)       1.651     2.945    design_1_i/MM_ultra_top_0/inst/U_MM_ultra_axi/u_MM_ultra/aclk
    SLICE_X48Y99         FDRE                                         r  design_1_i/MM_ultra_top_0/inst/U_MM_ultra_axi/u_MM_ultra/F_length_reg[2]/C
  -------------------------------------------------------------------    -------------------
    SLICE_X48Y99         FDRE (Prop_fdre_C_Q)         0.456     3.401 r  design_1_i/MM_ultra_top_0/inst/U_MM_ultra_axi/u_MM_ultra/F_length_reg[2]/Q
                         net (fo=46, routed)          1.032     4.433    design_1_i/MM_ultra_top_0/inst/U_MM_ultra_axi/u_MM_ultra/u_MM_out_buffer/out_data_col_addr_reg[4]_i_4_0[2]
    SLICE_X48Y100        LUT6 (Prop_lut6_I3_O)        0.124     4.557 r  design_1_i/MM_ultra_top_0/inst/U_MM_ultra_axi/u_MM_ultra/u_MM_out_buffer/clear_addr[11]_i_33/O
                         net (fo=2, routed)           0.667     5.224    design_1_i/MM_ultra_top_0/inst/U_MM_ultra_axi/u_MM_ultra/u_MM_out_buffer/clear_addr[11]_i_33_n_0
    SLICE_X49Y100        LUT6 (Prop_lut6_I0_O)        0.124     5.348 r  design_1_i/MM_ultra_top_0/inst/U_MM_ultra_axi/u_MM_ultra/u_MM_out_buffer/clear_addr[11]_i_37/O
                         net (fo=1, routed)           0.000     5.348    design_1_i/MM_ultra_top_0/inst/U_MM_ultra_axi/u_MM_ultra/u_MM_out_buffer/clear_addr[11]_i_37_n_0
    SLICE_X49Y100        CARRY4 (Prop_carry4_S[0]_O[2])
                                                      0.547     5.895 r  design_1_i/MM_ultra_top_0/inst/U_MM_ultra_axi/u_MM_ultra/u_MM_out_buffer/clear_addr_reg[11]_i_21/O[2]
                         net (fo=2, routed)           0.369     6.264    design_1_i/MM_ultra_top_0/inst/U_MM_ultra_axi/u_MM_ultra/u_MM_out_buffer/clear_addr_reg[11]_i_21_n_5
    SLICE_X48Y100        LUT5 (Prop_lut5_I2_O)        0.302     6.566 r  design_1_i/MM_ultra_top_0/inst/U_MM_ultra_axi/u_MM_ultra/u_MM_out_buffer/clear_addr[7]_i_13/O
                         net (fo=2, routed)           0.685     7.251    design_1_i/MM_ultra_top_0/inst/U_MM_ultra_axi/u_MM_ultra/u_MM_out_buffer/clear_addr[7]_i_13_n_0
    SLICE_X50Y99         CARRY4 (Prop_carry4_DI[3]_CO[3])
                                                      0.396     7.647 r  design_1_i/MM_ultra_top_0/inst/U_MM_ultra_axi/u_MM_ultra/u_MM_out_buffer/clear_addr_reg[7]_i_8/CO[3]
                         net (fo=1, routed)           0.001     7.648    design_1_i/MM_ultra_top_0/inst/U_MM_ultra_axi/u_MM_ultra/u_MM_out_buffer/clear_addr_reg[7]_i_8_n_0
    SLICE_X50Y100        CARRY4 (Prop_carry4_CI_O[1])
                                                      0.323     7.971 r  design_1_i/MM_ultra_top_0/inst/U_MM_ultra_axi/u_MM_ultra/u_MM_out_buffer/clear_addr_reg[11]_i_9/O[1]
                         net (fo=2, routed)           0.579     8.550    design_1_i/MM_ultra_top_0/inst/U_MM_ultra_axi/u_MM_ultra/u_MM_out_buffer/clear_addr_reg[11]_i_9_n_6
    SLICE_X52Y100        LUT2 (Prop_lut2_I0_O)        0.306     8.856 r  design_1_i/MM_ultra_top_0/inst/U_MM_ultra_axi/u_MM_ultra/u_MM_out_buffer/clear_addr[11]_i_10/O
                         net (fo=1, routed)           0.000     8.856    design_1_i/MM_ultra_top_0/inst/U_MM_ultra_axi/u_MM_ultra/u_MM_out_buffer/clear_addr[11]_i_10_n_0
    SLICE_X52Y100        CARRY4 (Prop_carry4_S[1]_O[2])
                                                      0.580     9.436 r  design_1_i/MM_ultra_top_0/inst/U_MM_ultra_axi/u_MM_ultra/u_MM_out_buffer/clear_addr_reg[11]_i_4/O[2]
                         net (fo=3, routed)           0.550     9.986    design_1_i/MM_ultra_top_0/inst/U_MM_ultra_axi/u_MM_ultra/u_MM_out_buffer/out_data_addr[10]
    SLICE_X54Y100        LUT4 (Prop_lut4_I0_O)        0.302    10.288 r  design_1_i/MM_ultra_top_0/inst/U_MM_ultra_axi/u_MM_ultra/u_MM_out_buffer/F_array_reg_0_i_16/O
                         net (fo=28, routed)          2.220    12.508    design_1_i/MM_ultra_top_0/inst/U_MM_ultra_axi/u_MM_ultra/u_MM_out_buffer/out_F_array_addr[10]
    RAMB36_X4Y13         RAMB36E1                                     r  design_1_i/MM_ultra_top_0/inst/U_MM_ultra_axi/u_MM_ultra/u_MM_out_buffer/F_array_reg_26/ADDRBWRADDR[13]
  -------------------------------------------------------------------    -------------------

                         (clock clk_fpga_0 rise edge)
                                                     10.000    10.000 r  
    PS7_X0Y0             PS7                          0.000    10.000 r  design_1_i/processing_system7_0/inst/PS7_i/FCLKCLK[0]
                         net (fo=1, routed)           1.088    11.088    design_1_i/processing_system7_0/inst/FCLK_CLK_unbuffered[0]
    BUFGCTRL_X0Y16       BUFG (Prop_bufg_I_O)         0.091    11.179 r  design_1_i/processing_system7_0/inst/buffer_fclk_clk_0.FCLK_CLK_0_BUFG/O
                         net (fo=32901, routed)       1.640    12.819    design_1_i/MM_ultra_top_0/inst/U_MM_ultra_axi/u_MM_ultra/u_MM_out_buffer/aclk
    RAMB36_X4Y13         RAMB36E1                                     r  design_1_i/MM_ultra_top_0/inst/U_MM_ultra_axi/u_MM_ultra/u_MM_out_buffer/F_array_reg_26/CLKBWRCLK
                         clock pessimism              0.129    12.948    
                         clock uncertainty           -0.154    12.794    
    RAMB36_X4Y13         RAMB36E1 (Setup_ramb36e1_CLKBWRCLK_ADDRBWRADDR[13])
                                                     -0.566    12.228    design_1_i/MM_ultra_top_0/inst/U_MM_ultra_axi/u_MM_ultra/u_MM_out_buffer/F_array_reg_26
  -------------------------------------------------------------------
                         required time                         12.228    
                         arrival time                         -12.508    
  -------------------------------------------------------------------
                         slack                                 -0.280    

Slack (VIOLATED) :        -0.199ns  (required time - arrival time)
  Source:                 design_1_i/MM_ultra_top_0/inst/U_MM_ultra_axi/u_MM_ultra/F_length_reg[2]/C
                            (rising edge-triggered cell FDRE clocked by clk_fpga_0  {rise@0.000ns fall@5.000ns period=10.000ns})
  Destination:            design_1_i/MM_ultra_top_0/inst/U_MM_ultra_axi/u_MM_ultra/u_MM_out_buffer/F_array_reg_26/ADDRBWRADDR[14]
                            (rising edge-triggered cell RAMB36E1 clocked by clk_fpga_0  {rise@0.000ns fall@5.000ns period=10.000ns})
  Path Group:             clk_fpga_0
  Path Type:              Setup (Max at Slow Process Corner)
  Requirement:            10.000ns  (clk_fpga_0 rise@10.000ns - clk_fpga_0 rise@0.000ns)
  Data Path Delay:        9.482ns  (logic 3.524ns (37.166%)  route 5.958ns (62.834%))
  Logic Levels:           9  (CARRY4=4 LUT2=1 LUT4=1 LUT5=1 LUT6=2)
  Clock Path Skew:        0.003ns (DCD - SCD + CPR)
    Destination Clock Delay (DCD):    2.819ns = ( 12.819 - 10.000 ) 
    Source Clock Delay      (SCD):    2.945ns
    Clock Pessimism Removal (CPR):    0.129ns
  Clock Uncertainty:      0.154ns  ((TSJ^2 + TIJ^2)^1/2 + DJ) / 2 + PE
    Total System Jitter     (TSJ):    0.071ns
    Total Input Jitter      (TIJ):    0.300ns
    Discrete Jitter          (DJ):    0.000ns
    Phase Error              (PE):    0.000ns

    Location             Delay type                Incr(ns)  Path(ns)    Netlist Resource(s)
  -------------------------------------------------------------------    -------------------
                         (clock clk_fpga_0 rise edge)
                                                      0.000     0.000 r  
    PS7_X0Y0             PS7                          0.000     0.000 r  design_1_i/processing_system7_0/inst/PS7_i/FCLKCLK[0]
                         net (fo=1, routed)           1.193     1.193    design_1_i/processing_system7_0/inst/FCLK_CLK_unbuffered[0]
    BUFGCTRL_X0Y16       BUFG (Prop_bufg_I_O)         0.101     1.294 r  design_1_i/processing_system7_0/inst/buffer_fclk_clk_0.FCLK_CLK_0_BUFG/O
                         net (fo=32901, routed)       1.651     2.945    design_1_i/MM_ultra_top_0/inst/U_MM_ultra_axi/u_MM_ultra/aclk
    SLICE_X48Y99         FDRE                                         r  design_1_i/MM_ultra_top_0/inst/U_MM_ultra_axi/u_MM_ultra/F_length_reg[2]/C
  -------------------------------------------------------------------    -------------------
    SLICE_X48Y99         FDRE (Prop_fdre_C_Q)         0.456     3.401 r  design_1_i/MM_ultra_top_0/inst/U_MM_ultra_axi/u_MM_ultra/F_length_reg[2]/Q
                         net (fo=46, routed)          1.032     4.433    design_1_i/MM_ultra_top_0/inst/U_MM_ultra_axi/u_MM_ultra/u_MM_out_buffer/out_data_col_addr_reg[4]_i_4_0[2]
    SLICE_X48Y100        LUT6 (Prop_lut6_I3_O)        0.124     4.557 r  design_1_i/MM_ultra_top_0/inst/U_MM_ultra_axi/u_MM_ultra/u_MM_out_buffer/clear_addr[11]_i_33/O
                         net (fo=2, routed)           0.667     5.224    design_1_i/MM_ultra_top_0/inst/U_MM_ultra_axi/u_MM_ultra/u_MM_out_buffer/clear_addr[11]_i_33_n_0
    SLICE_X49Y100        LUT6 (Prop_lut6_I0_O)        0.124     5.348 r  design_1_i/MM_ultra_top_0/inst/U_MM_ultra_axi/u_MM_ultra/u_MM_out_buffer/clear_addr[11]_i_37/O
                         net (fo=1, routed)           0.000     5.348    design_1_i/MM_ultra_top_0/inst/U_MM_ultra_axi/u_MM_ultra/u_MM_out_buffer/clear_addr[11]_i_37_n_0
    SLICE_X49Y100        CARRY4 (Prop_carry4_S[0]_O[2])
                                                      0.547     5.895 r  design_1_i/MM_ultra_top_0/inst/U_MM_ultra_axi/u_MM_ultra/u_MM_out_buffer/clear_addr_reg[11]_i_21/O[2]
                         net (fo=2, routed)           0.369     6.264    design_1_i/MM_ultra_top_0/inst/U_MM_ultra_axi/u_MM_ultra/u_MM_out_buffer/clear_addr_reg[11]_i_21_n_5
    SLICE_X48Y100        LUT5 (Prop_lut5_I2_O)        0.302     6.566 r  design_1_i/MM_ultra_top_0/inst/U_MM_ultra_axi/u_MM_ultra/u_MM_out_buffer/clear_addr[7]_i_13/O
                         net (fo=2, routed)           0.685     7.251    design_1_i/MM_ultra_top_0/inst/U_MM_ultra_axi/u_MM_ultra/u_MM_out_buffer/clear_addr[7]_i_13_n_0
    SLICE_X50Y99         CARRY4 (Prop_carry4_DI[3]_CO[3])
                                                      0.396     7.647 r  design_1_i/MM_ultra_top_0/inst/U_MM_ultra_axi/u_MM_ultra/u_MM_out_buffer/clear_addr_reg[7]_i_8/CO[3]
                         net (fo=1, routed)           0.001     7.648    design_1_i/MM_ultra_top_0/inst/U_MM_ultra_axi/u_MM_ultra/u_MM_out_buffer/clear_addr_reg[7]_i_8_n_0
    SLICE_X50Y100        CARRY4 (Prop_carry4_CI_O[1])
                                                      0.323     7.971 r  design_1_i/MM_ultra_top_0/inst/U_MM_ultra_axi/u_MM_ultra/u_MM_out_buffer/clear_addr_reg[11]_i_9/O[1]
                         net (fo=2, routed)           0.579     8.550    design_1_i/MM_ultra_top_0/inst/U_MM_ultra_axi/u_MM_ultra/u_MM_out_buffer/clear_addr_reg[11]_i_9_n_6
    SLICE_X52Y100        LUT2 (Prop_lut2_I0_O)        0.306     8.856 r  design_1_i/MM_ultra_top_0/inst/U_MM_ultra_axi/u_MM_ultra/u_MM_out_buffer/clear_addr[11]_i_10/O
                         net (fo=1, routed)           0.000     8.856    design_1_i/MM_ultra_top_0/inst/U_MM_ultra_axi/u_MM_ultra/u_MM_out_buffer/clear_addr[11]_i_10_n_0
    SLICE_X52Y100        CARRY4 (Prop_carry4_S[1]_O[3])
                                                      0.640     9.496 r  design_1_i/MM_ultra_top_0/inst/U_MM_ultra_axi/u_MM_ultra/u_MM_out_buffer/clear_addr_reg[11]_i_4/O[3]
                         net (fo=3, routed)           0.784    10.280    design_1_i/MM_ultra_top_0/inst/U_MM_ultra_axi/u_MM_ultra/u_MM_out_buffer/out_data_addr[11]
    SLICE_X63Y95         LUT4 (Prop_lut4_I0_O)        0.306    10.586 r  design_1_i/MM_ultra_top_0/inst/U_MM_ultra_axi/u_MM_ultra/u_MM_out_buffer/F_array_reg_0_i_15/O
                         net (fo=28, routed)          1.841    12.427    design_1_i/MM_ultra_top_0/inst/U_MM_ultra_axi/u_MM_ultra/u_MM_out_buffer/out_F_array_addr[11]
    RAMB36_X4Y13         RAMB36E1                                     r  design_1_i/MM_ultra_top_0/inst/U_MM_ultra_axi/u_MM_ultra/u_MM_out_buffer/F_array_reg_26/ADDRBWRADDR[14]
  -------------------------------------------------------------------    -------------------

                         (clock clk_fpga_0 rise edge)
                                                     10.000    10.000 r  
    PS7_X0Y0             PS7                          0.000    10.000 r  design_1_i/processing_system7_0/inst/PS7_i/FCLKCLK[0]
                         net (fo=1, routed)           1.088    11.088    design_1_i/processing_system7_0/inst/FCLK_CLK_unbuffered[0]
    BUFGCTRL_X0Y16       BUFG (Prop_bufg_I_O)         0.091    11.179 r  design_1_i/processing_system7_0/inst/buffer_fclk_clk_0.FCLK_CLK_0_BUFG/O
                         net (fo=32901, routed)       1.640    12.819    design_1_i/MM_ultra_top_0/inst/U_MM_ultra_axi/u_MM_ultra/u_MM_out_buffer/aclk
    RAMB36_X4Y13         RAMB36E1                                     r  design_1_i/MM_ultra_top_0/inst/U_MM_ultra_axi/u_MM_ultra/u_MM_out_buffer/F_array_reg_26/CLKBWRCLK
                         clock pessimism              0.129    12.948    
                         clock uncertainty           -0.154    12.794    
    RAMB36_X4Y13         RAMB36E1 (Setup_ramb36e1_CLKBWRCLK_ADDRBWRADDR[14])
                                                     -0.566    12.228    design_1_i/MM_ultra_top_0/inst/U_MM_ultra_axi/u_MM_ultra/u_MM_out_buffer/F_array_reg_26
  -------------------------------------------------------------------
                         required time                         12.228    
                         arrival time                         -12.427    
  -------------------------------------------------------------------
                         slack                                 -0.199    

Slack (VIOLATED) :        -0.159ns  (required time - arrival time)
  Source:                 design_1_i/MM_ultra_top_0/inst/U_MM_ultra_axi/u_MM_ultra/F_length_reg[2]/C
                            (rising edge-triggered cell FDRE clocked by clk_fpga_0  {rise@0.000ns fall@5.000ns period=10.000ns})
  Destination:            design_1_i/MM_ultra_top_0/inst/U_MM_ultra_axi/u_MM_ultra/u_MM_out_buffer/F_array_reg_27/ADDRBWRADDR[14]
                            (rising edge-triggered cell RAMB36E1 clocked by clk_fpga_0  {rise@0.000ns fall@5.000ns period=10.000ns})
  Path Group:             clk_fpga_0
  Path Type:              Setup (Max at Slow Process Corner)
  Requirement:            10.000ns  (clk_fpga_0 rise@10.000ns - clk_fpga_0 rise@0.000ns)
  Data Path Delay:        9.380ns  (logic 3.524ns (37.570%)  route 5.856ns (62.430%))
  Logic Levels:           9  (CARRY4=4 LUT2=1 LUT4=1 LUT5=1 LUT6=2)
  Clock Path Skew:        -0.059ns (DCD - SCD + CPR)
    Destination Clock Delay (DCD):    2.757ns = ( 12.757 - 10.000 ) 
    Source Clock Delay      (SCD):    2.945ns
    Clock Pessimism Removal (CPR):    0.129ns
  Clock Uncertainty:      0.154ns  ((TSJ^2 + TIJ^2)^1/2 + DJ) / 2 + PE
    Total System Jitter     (TSJ):    0.071ns
    Total Input Jitter      (TIJ):    0.300ns
    Discrete Jitter          (DJ):    0.000ns
    Phase Error              (PE):    0.000ns

    Location             Delay type                Incr(ns)  Path(ns)    Netlist Resource(s)
  -------------------------------------------------------------------    -------------------
                         (clock clk_fpga_0 rise edge)
                                                      0.000     0.000 r  
    PS7_X0Y0             PS7                          0.000     0.000 r  design_1_i/processing_system7_0/inst/PS7_i/FCLKCLK[0]
                         net (fo=1, routed)           1.193     1.193    design_1_i/processing_system7_0/inst/FCLK_CLK_unbuffered[0]
    BUFGCTRL_X0Y16       BUFG (Prop_bufg_I_O)         0.101     1.294 r  design_1_i/processing_system7_0/inst/buffer_fclk_clk_0.FCLK_CLK_0_BUFG/O
                         net (fo=32901, routed)       1.651     2.945    design_1_i/MM_ultra_top_0/inst/U_MM_ultra_axi/u_MM_ultra/aclk
    SLICE_X48Y99         FDRE                                         r  design_1_i/MM_ultra_top_0/inst/U_MM_ultra_axi/u_MM_ultra/F_length_reg[2]/C
  -------------------------------------------------------------------    -------------------
    SLICE_X48Y99         FDRE (Prop_fdre_C_Q)         0.456     3.401 r  design_1_i/MM_ultra_top_0/inst/U_MM_ultra_axi/u_MM_ultra/F_length_reg[2]/Q
                         net (fo=46, routed)          1.032     4.433    design_1_i/MM_ultra_top_0/inst/U_MM_ultra_axi/u_MM_ultra/u_MM_out_buffer/out_data_col_addr_reg[4]_i_4_0[2]
    SLICE_X48Y100        LUT6 (Prop_lut6_I3_O)        0.124     4.557 r  design_1_i/MM_ultra_top_0/inst/U_MM_ultra_axi/u_MM_ultra/u_MM_out_buffer/clear_addr[11]_i_33/O
                         net (fo=2, routed)           0.667     5.224    design_1_i/MM_ultra_top_0/inst/U_MM_ultra_axi/u_MM_ultra/u_MM_out_buffer/clear_addr[11]_i_33_n_0
    SLICE_X49Y100        LUT6 (Prop_lut6_I0_O)        0.124     5.348 r  design_1_i/MM_ultra_top_0/inst/U_MM_ultra_axi/u_MM_ultra/u_MM_out_buffer/clear_addr[11]_i_37/O
                         net (fo=1, routed)           0.000     5.348    design_1_i/MM_ultra_top_0/inst/U_MM_ultra_axi/u_MM_ultra/u_MM_out_buffer/clear_addr[11]_i_37_n_0
    SLICE_X49Y100        CARRY4 (Prop_carry4_S[0]_O[2])
                                                      0.547     5.895 r  design_1_i/MM_ultra_top_0/inst/U_MM_ultra_axi/u_MM_ultra/u_MM_out_buffer/clear_addr_reg[11]_i_21/O[2]
                         net (fo=2, routed)           0.369     6.264    design_1_i/MM_ultra_top_0/inst/U_MM_ultra_axi/u_MM_ultra/u_MM_out_buffer/clear_addr_reg[11]_i_21_n_5
    SLICE_X48Y100        LUT5 (Prop_lut5_I2_O)        0.302     6.566 r  design_1_i/MM_ultra_top_0/inst/U_MM_ultra_axi/u_MM_ultra/u_MM_out_buffer/clear_addr[7]_i_13/O
                         net (fo=2, routed)           0.685     7.251    design_1_i/MM_ultra_top_0/inst/U_MM_ultra_axi/u_MM_ultra/u_MM_out_buffer/clear_addr[7]_i_13_n_0
    SLICE_X50Y99         CARRY4 (Prop_carry4_DI[3]_CO[3])
                                                      0.396     7.647 r  design_1_i/MM_ultra_top_0/inst/U_MM_ultra_axi/u_MM_ultra/u_MM_out_buffer/clear_addr_reg[7]_i_8/CO[3]
                         net (fo=1, routed)           0.001     7.648    design_1_i/MM_ultra_top_0/inst/U_MM_ultra_axi/u_MM_ultra/u_MM_out_buffer/clear_addr_reg[7]_i_8_n_0
    SLICE_X50Y100        CARRY4 (Prop_carry4_CI_O[1])
                                                      0.323     7.971 r  design_1_i/MM_ultra_top_0/inst/U_MM_ultra_axi/u_MM_ultra/u_MM_out_buffer/clear_addr_reg[11]_i_9/O[1]
                         net (fo=2, routed)           0.579     8.550    design_1_i/MM_ultra_top_0/inst/U_MM_ultra_axi/u_MM_ultra/u_MM_out_buffer/clear_addr_reg[11]_i_9_n_6
    SLICE_X52Y100        LUT2 (Prop_lut2_I0_O)        0.306     8.856 r  design_1_i/MM_ultra_top_0/inst/U_MM_ultra_axi/u_MM_ultra/u_MM_out_buffer/clear_addr[11]_i_10/O
                         net (fo=1, routed)           0.000     8.856    design_1_i/MM_ultra_top_0/inst/U_MM_ultra_axi/u_MM_ultra/u_MM_out_buffer/clear_addr[11]_i_10_n_0
    SLICE_X52Y100        CARRY4 (Prop_carry4_S[1]_O[3])
                                                      0.640     9.496 r  design_1_i/MM_ultra_top_0/inst/U_MM_ultra_axi/u_MM_ultra/u_MM_out_buffer/clear_addr_reg[11]_i_4/O[3]
                         net (fo=3, routed)           0.784    10.280    design_1_i/MM_ultra_top_0/inst/U_MM_ultra_axi/u_MM_ultra/u_MM_out_buffer/out_data_addr[11]
    SLICE_X63Y95         LUT4 (Prop_lut4_I0_O)        0.306    10.586 r  design_1_i/MM_ultra_top_0/inst/U_MM_ultra_axi/u_MM_ultra/u_MM_out_buffer/F_array_reg_0_i_15/O
                         net (fo=28, routed)          1.739    12.325    design_1_i/MM_ultra_top_0/inst/U_MM_ultra_axi/u_MM_ultra/u_MM_out_buffer/out_F_array_addr[11]
    RAMB36_X3Y11         RAMB36E1                                     r  design_1_i/MM_ultra_top_0/inst/U_MM_ultra_axi/u_MM_ultra/u_MM_out_buffer/F_array_reg_27/ADDRBWRADDR[14]
  -------------------------------------------------------------------    -------------------

                         (clock clk_fpga_0 rise edge)
                                                     10.000    10.000 r  
    PS7_X0Y0             PS7                          0.000    10.000 r  design_1_i/processing_system7_0/inst/PS7_i/FCLKCLK[0]
                         net (fo=1, routed)           1.088    11.088    design_1_i/processing_system7_0/inst/FCLK_CLK_unbuffered[0]
    BUFGCTRL_X0Y16       BUFG (Prop_bufg_I_O)         0.091    11.179 r  design_1_i/processing_system7_0/inst/buffer_fclk_clk_0.FCLK_CLK_0_BUFG/O
                         net (fo=32901, routed)       1.578    12.757    design_1_i/MM_ultra_top_0/inst/U_MM_ultra_axi/u_MM_ultra/u_MM_out_buffer/aclk
    RAMB36_X3Y11         RAMB36E1                                     r  design_1_i/MM_ultra_top_0/inst/U_MM_ultra_axi/u_MM_ultra/u_MM_out_buffer/F_array_reg_27/CLKBWRCLK
                         clock pessimism              0.129    12.886    
                         clock uncertainty           -0.154    12.732    
    RAMB36_X3Y11         RAMB36E1 (Setup_ramb36e1_CLKBWRCLK_ADDRBWRADDR[14])
                                                     -0.566    12.166    design_1_i/MM_ultra_top_0/inst/U_MM_ultra_axi/u_MM_ultra/u_MM_out_buffer/F_array_reg_27
  -------------------------------------------------------------------
                         required time                         12.166    
                         arrival time                         -12.325    
  -------------------------------------------------------------------
                         slack                                 -0.159    

Slack (VIOLATED) :        -0.122ns  (required time - arrival time)
  Source:                 design_1_i/MM_ultra_top_0/inst/U_MM_ultra_axi/u_MM_ultra/F_length_reg[2]/C
                            (rising edge-triggered cell FDRE clocked by clk_fpga_0  {rise@0.000ns fall@5.000ns period=10.000ns})
  Destination:            design_1_i/MM_ultra_top_0/inst/U_MM_ultra_axi/u_MM_ultra/u_MM_out_buffer/F_array_reg_24/ADDRBWRADDR[13]
                            (rising edge-triggered cell RAMB36E1 clocked by clk_fpga_0  {rise@0.000ns fall@5.000ns period=10.000ns})
  Path Group:             clk_fpga_0
  Path Type:              Setup (Max at Slow Process Corner)
  Requirement:            10.000ns  (clk_fpga_0 rise@10.000ns - clk_fpga_0 rise@0.000ns)
  Data Path Delay:        9.406ns  (logic 3.460ns (36.786%)  route 5.946ns (63.214%))
  Logic Levels:           9  (CARRY4=4 LUT2=1 LUT4=1 LUT5=1 LUT6=2)
  Clock Path Skew:        0.004ns (DCD - SCD + CPR)
    Destination Clock Delay (DCD):    2.820ns = ( 12.820 - 10.000 ) 
    Source Clock Delay      (SCD):    2.945ns
    Clock Pessimism Removal (CPR):    0.129ns
  Clock Uncertainty:      0.154ns  ((TSJ^2 + TIJ^2)^1/2 + DJ) / 2 + PE
    Total System Jitter     (TSJ):    0.071ns
    Total Input Jitter      (TIJ):    0.300ns
    Discrete Jitter          (DJ):    0.000ns
    Phase Error              (PE):    0.000ns

    Location             Delay type                Incr(ns)  Path(ns)    Netlist Resource(s)
  -------------------------------------------------------------------    -------------------
                         (clock clk_fpga_0 rise edge)
                                                      0.000     0.000 r  
    PS7_X0Y0             PS7                          0.000     0.000 r  design_1_i/processing_system7_0/inst/PS7_i/FCLKCLK[0]
                         net (fo=1, routed)           1.193     1.193    design_1_i/processing_system7_0/inst/FCLK_CLK_unbuffered[0]
    BUFGCTRL_X0Y16       BUFG (Prop_bufg_I_O)         0.101     1.294 r  design_1_i/processing_system7_0/inst/buffer_fclk_clk_0.FCLK_CLK_0_BUFG/O
                         net (fo=32901, routed)       1.651     2.945    design_1_i/MM_ultra_top_0/inst/U_MM_ultra_axi/u_MM_ultra/aclk
    SLICE_X48Y99         FDRE                                         r  design_1_i/MM_ultra_top_0/inst/U_MM_ultra_axi/u_MM_ultra/F_length_reg[2]/C
  -------------------------------------------------------------------    -------------------
    SLICE_X48Y99         FDRE (Prop_fdre_C_Q)         0.456     3.401 r  design_1_i/MM_ultra_top_0/inst/U_MM_ultra_axi/u_MM_ultra/F_length_reg[2]/Q
                         net (fo=46, routed)          1.032     4.433    design_1_i/MM_ultra_top_0/inst/U_MM_ultra_axi/u_MM_ultra/u_MM_out_buffer/out_data_col_addr_reg[4]_i_4_0[2]
    SLICE_X48Y100        LUT6 (Prop_lut6_I3_O)        0.124     4.557 r  design_1_i/MM_ultra_top_0/inst/U_MM_ultra_axi/u_MM_ultra/u_MM_out_buffer/clear_addr[11]_i_33/O
                         net (fo=2, routed)           0.667     5.224    design_1_i/MM_ultra_top_0/inst/U_MM_ultra_axi/u_MM_ultra/u_MM_out_buffer/clear_addr[11]_i_33_n_0
    SLICE_X49Y100        LUT6 (Prop_lut6_I0_O)        0.124     5.348 r  design_1_i/MM_ultra_top_0/inst/U_MM_ultra_axi/u_MM_ultra/u_MM_out_buffer/clear_addr[11]_i_37/O
                         net (fo=1, routed)           0.000     5.348    design_1_i/MM_ultra_top_0/inst/U_MM_ultra_axi/u_MM_ultra/u_MM_out_buffer/clear_addr[11]_i_37_n_0
    SLICE_X49Y100        CARRY4 (Prop_carry4_S[0]_O[2])
                                                      0.547     5.895 r  design_1_i/MM_ultra_top_0/inst/U_MM_ultra_axi/u_MM_ultra/u_MM_out_buffer/clear_addr_reg[11]_i_21/O[2]
                         net (fo=2, routed)           0.369     6.264    design_1_i/MM_ultra_top_0/inst/U_MM_ultra_axi/u_MM_ultra/u_MM_out_buffer/clear_addr_reg[11]_i_21_n_5
    SLICE_X48Y100        LUT5 (Prop_lut5_I2_O)        0.302     6.566 r  design_1_i/MM_ultra_top_0/inst/U_MM_ultra_axi/u_MM_ultra/u_MM_out_buffer/clear_addr[7]_i_13/O
                         net (fo=2, routed)           0.685     7.251    design_1_i/MM_ultra_top_0/inst/U_MM_ultra_axi/u_MM_ultra/u_MM_out_buffer/clear_addr[7]_i_13_n_0
    SLICE_X50Y99         CARRY4 (Prop_carry4_DI[3]_CO[3])
                                                      0.396     7.647 r  design_1_i/MM_ultra_top_0/inst/U_MM_ultra_axi/u_MM_ultra/u_MM_out_buffer/clear_addr_reg[7]_i_8/CO[3]
                         net (fo=1, routed)           0.001     7.648    design_1_i/MM_ultra_top_0/inst/U_MM_ultra_axi/u_MM_ultra/u_MM_out_buffer/clear_addr_reg[7]_i_8_n_0
    SLICE_X50Y100        CARRY4 (Prop_carry4_CI_O[1])
                                                      0.323     7.971 r  design_1_i/MM_ultra_top_0/inst/U_MM_ultra_axi/u_MM_ultra/u_MM_out_buffer/clear_addr_reg[11]_i_9/O[1]
                         net (fo=2, routed)           0.579     8.550    design_1_i/MM_ultra_top_0/inst/U_MM_ultra_axi/u_MM_ultra/u_MM_out_buffer/clear_addr_reg[11]_i_9_n_6
    SLICE_X52Y100        LUT2 (Prop_lut2_I0_O)        0.306     8.856 r  design_1_i/MM_ultra_top_0/inst/U_MM_ultra_axi/u_MM_ultra/u_MM_out_buffer/clear_addr[11]_i_10/O
                         net (fo=1, routed)           0.000     8.856    design_1_i/MM_ultra_top_0/inst/U_MM_ultra_axi/u_MM_ultra/u_MM_out_buffer/clear_addr[11]_i_10_n_0
    SLICE_X52Y100        CARRY4 (Prop_carry4_S[1]_O[2])
                                                      0.580     9.436 r  design_1_i/MM_ultra_top_0/inst/U_MM_ultra_axi/u_MM_ultra/u_MM_out_buffer/clear_addr_reg[11]_i_4/O[2]
                         net (fo=3, routed)           0.550     9.986    design_1_i/MM_ultra_top_0/inst/U_MM_ultra_axi/u_MM_ultra/u_MM_out_buffer/out_data_addr[10]
    SLICE_X54Y100        LUT4 (Prop_lut4_I0_O)        0.302    10.288 r  design_1_i/MM_ultra_top_0/inst/U_MM_ultra_axi/u_MM_ultra/u_MM_out_buffer/F_array_reg_0_i_16/O
                         net (fo=28, routed)          2.063    12.351    design_1_i/MM_ultra_top_0/inst/U_MM_ultra_axi/u_MM_ultra/u_MM_out_buffer/out_F_array_addr[10]
    RAMB36_X5Y16         RAMB36E1                                     r  design_1_i/MM_ultra_top_0/inst/U_MM_ultra_axi/u_MM_ultra/u_MM_out_buffer/F_array_reg_24/ADDRBWRADDR[13]
  -------------------------------------------------------------------    -------------------

                         (clock clk_fpga_0 rise edge)
                                                     10.000    10.000 r  
    PS7_X0Y0             PS7                          0.000    10.000 r  design_1_i/processing_system7_0/inst/PS7_i/FCLKCLK[0]
                         net (fo=1, routed)           1.088    11.088    design_1_i/processing_system7_0/inst/FCLK_CLK_unbuffered[0]
    BUFGCTRL_X0Y16       BUFG (Prop_bufg_I_O)         0.091    11.179 r  design_1_i/processing_system7_0/inst/buffer_fclk_clk_0.FCLK_CLK_0_BUFG/O
                         net (fo=32901, routed)       1.641    12.820    design_1_i/MM_ultra_top_0/inst/U_MM_ultra_axi/u_MM_ultra/u_MM_out_buffer/aclk
    RAMB36_X5Y16         RAMB36E1                                     r  design_1_i/MM_ultra_top_0/inst/U_MM_ultra_axi/u_MM_ultra/u_MM_out_buffer/F_array_reg_24/CLKBWRCLK
                         clock pessimism              0.129    12.949    
                         clock uncertainty           -0.154    12.795    
    RAMB36_X5Y16         RAMB36E1 (Setup_ramb36e1_CLKBWRCLK_ADDRBWRADDR[13])
                                                     -0.566    12.229    design_1_i/MM_ultra_top_0/inst/U_MM_ultra_axi/u_MM_ultra/u_MM_out_buffer/F_array_reg_24
  -------------------------------------------------------------------
                         required time                         12.229    
                         arrival time                         -12.351    
  -------------------------------------------------------------------
                         slack                                 -0.122    

Slack (VIOLATED) :        -0.116ns  (required time - arrival time)
  Source:                 design_1_i/MM_ultra_top_0/inst/U_MM_ultra_axi/u_MM_ultra/F_length_reg[2]/C
                            (rising edge-triggered cell FDRE clocked by clk_fpga_0  {rise@0.000ns fall@5.000ns period=10.000ns})
  Destination:            design_1_i/MM_ultra_top_0/inst/U_MM_ultra_axi/u_MM_ultra/u_MM_out_buffer/F_array_reg_34/ADDRBWRADDR[13]
                            (rising edge-triggered cell RAMB36E1 clocked by clk_fpga_0  {rise@0.000ns fall@5.000ns period=10.000ns})
  Path Group:             clk_fpga_0
  Path Type:              Setup (Max at Slow Process Corner)
  Requirement:            10.000ns  (clk_fpga_0 rise@10.000ns - clk_fpga_0 rise@0.000ns)
  Data Path Delay:        9.579ns  (logic 3.460ns (36.119%)  route 6.119ns (63.881%))
  Logic Levels:           9  (CARRY4=4 LUT2=1 LUT4=1 LUT5=1 LUT6=2)
  Clock Path Skew:        0.184ns (DCD - SCD + CPR)
    Destination Clock Delay (DCD):    3.000ns = ( 13.000 - 10.000 ) 
    Source Clock Delay      (SCD):    2.945ns
    Clock Pessimism Removal (CPR):    0.129ns
  Clock Uncertainty:      0.154ns  ((TSJ^2 + TIJ^2)^1/2 + DJ) / 2 + PE
    Total System Jitter     (TSJ):    0.071ns
    Total Input Jitter      (TIJ):    0.300ns
    Discrete Jitter          (DJ):    0.000ns
    Phase Error              (PE):    0.000ns

    Location             Delay type                Incr(ns)  Path(ns)    Netlist Resource(s)
  -------------------------------------------------------------------    -------------------
                         (clock clk_fpga_0 rise edge)
                                                      0.000     0.000 r  
    PS7_X0Y0             PS7                          0.000     0.000 r  design_1_i/processing_system7_0/inst/PS7_i/FCLKCLK[0]
                         net (fo=1, routed)           1.193     1.193    design_1_i/processing_system7_0/inst/FCLK_CLK_unbuffered[0]
    BUFGCTRL_X0Y16       BUFG (Prop_bufg_I_O)         0.101     1.294 r  design_1_i/processing_system7_0/inst/buffer_fclk_clk_0.FCLK_CLK_0_BUFG/O
                         net (fo=32901, routed)       1.651     2.945    design_1_i/MM_ultra_top_0/inst/U_MM_ultra_axi/u_MM_ultra/aclk
    SLICE_X48Y99         FDRE                                         r  design_1_i/MM_ultra_top_0/inst/U_MM_ultra_axi/u_MM_ultra/F_length_reg[2]/C
  -------------------------------------------------------------------    -------------------
    SLICE_X48Y99         FDRE (Prop_fdre_C_Q)         0.456     3.401 r  design_1_i/MM_ultra_top_0/inst/U_MM_ultra_axi/u_MM_ultra/F_length_reg[2]/Q
                         net (fo=46, routed)          1.032     4.433    design_1_i/MM_ultra_top_0/inst/U_MM_ultra_axi/u_MM_ultra/u_MM_out_buffer/out_data_col_addr_reg[4]_i_4_0[2]
    SLICE_X48Y100        LUT6 (Prop_lut6_I3_O)        0.124     4.557 r  design_1_i/MM_ultra_top_0/inst/U_MM_ultra_axi/u_MM_ultra/u_MM_out_buffer/clear_addr[11]_i_33/O
                         net (fo=2, routed)           0.667     5.224    design_1_i/MM_ultra_top_0/inst/U_MM_ultra_axi/u_MM_ultra/u_MM_out_buffer/clear_addr[11]_i_33_n_0
    SLICE_X49Y100        LUT6 (Prop_lut6_I0_O)        0.124     5.348 r  design_1_i/MM_ultra_top_0/inst/U_MM_ultra_axi/u_MM_ultra/u_MM_out_buffer/clear_addr[11]_i_37/O
                         net (fo=1, routed)           0.000     5.348    design_1_i/MM_ultra_top_0/inst/U_MM_ultra_axi/u_MM_ultra/u_MM_out_buffer/clear_addr[11]_i_37_n_0
    SLICE_X49Y100        CARRY4 (Prop_carry4_S[0]_O[2])
                                                      0.547     5.895 r  design_1_i/MM_ultra_top_0/inst/U_MM_ultra_axi/u_MM_ultra/u_MM_out_buffer/clear_addr_reg[11]_i_21/O[2]
                         net (fo=2, routed)           0.369     6.264    design_1_i/MM_ultra_top_0/inst/U_MM_ultra_axi/u_MM_ultra/u_MM_out_buffer/clear_addr_reg[11]_i_21_n_5
    SLICE_X48Y100        LUT5 (Prop_lut5_I2_O)        0.302     6.566 r  design_1_i/MM_ultra_top_0/inst/U_MM_ultra_axi/u_MM_ultra/u_MM_out_buffer/clear_addr[7]_i_13/O
                         net (fo=2, routed)           0.685     7.251    design_1_i/MM_ultra_top_0/inst/U_MM_ultra_axi/u_MM_ultra/u_MM_out_buffer/clear_addr[7]_i_13_n_0
    SLICE_X50Y99         CARRY4 (Prop_carry4_DI[3]_CO[3])
                                                      0.396     7.647 r  design_1_i/MM_ultra_top_0/inst/U_MM_ultra_axi/u_MM_ultra/u_MM_out_buffer/clear_addr_reg[7]_i_8/CO[3]
                         net (fo=1, routed)           0.001     7.648    design_1_i/MM_ultra_top_0/inst/U_MM_ultra_axi/u_MM_ultra/u_MM_out_buffer/clear_addr_reg[7]_i_8_n_0
    SLICE_X50Y100        CARRY4 (Prop_carry4_CI_O[1])
                                                      0.323     7.971 r  design_1_i/MM_ultra_top_0/inst/U_MM_ultra_axi/u_MM_ultra/u_MM_out_buffer/clear_addr_reg[11]_i_9/O[1]
                         net (fo=2, routed)           0.579     8.550    design_1_i/MM_ultra_top_0/inst/U_MM_ultra_axi/u_MM_ultra/u_MM_out_buffer/clear_addr_reg[11]_i_9_n_6
    SLICE_X52Y100        LUT2 (Prop_lut2_I0_O)        0.306     8.856 r  design_1_i/MM_ultra_top_0/inst/U_MM_ultra_axi/u_MM_ultra/u_MM_out_buffer/clear_addr[11]_i_10/O
                         net (fo=1, routed)           0.000     8.856    design_1_i/MM_ultra_top_0/inst/U_MM_ultra_axi/u_MM_ultra/u_MM_out_buffer/clear_addr[11]_i_10_n_0
    SLICE_X52Y100        CARRY4 (Prop_carry4_S[1]_O[2])
                                                      0.580     9.436 r  design_1_i/MM_ultra_top_0/inst/U_MM_ultra_axi/u_MM_ultra/u_MM_out_buffer/clear_addr_reg[11]_i_4/O[2]
                         net (fo=3, routed)           0.580    10.016    design_1_i/MM_ultra_top_0/inst/U_MM_ultra_axi/u_MM_ultra/u_MM_out_buffer/out_data_addr[10]
    SLICE_X53Y103        LUT4 (Prop_lut4_I0_O)        0.302    10.318 r  design_1_i/MM_ultra_top_0/inst/U_MM_ultra_axi/u_MM_ultra/u_MM_out_buffer/F_array_reg_28_i_16/O
                         net (fo=28, routed)          2.207    12.524    design_1_i/MM_ultra_top_0/inst/U_MM_ultra_axi/u_MM_ultra/u_MM_out_buffer/F_array_reg_28_i_16_n_0
    RAMB36_X4Y28         RAMB36E1                                     r  design_1_i/MM_ultra_top_0/inst/U_MM_ultra_axi/u_MM_ultra/u_MM_out_buffer/F_array_reg_34/ADDRBWRADDR[13]
  -------------------------------------------------------------------    -------------------

                         (clock clk_fpga_0 rise edge)
                                                     10.000    10.000 r  
    PS7_X0Y0             PS7                          0.000    10.000 r  design_1_i/processing_system7_0/inst/PS7_i/FCLKCLK[0]
                         net (fo=1, routed)           1.088    11.088    design_1_i/processing_system7_0/inst/FCLK_CLK_unbuffered[0]
    BUFGCTRL_X0Y16       BUFG (Prop_bufg_I_O)         0.091    11.179 r  design_1_i/processing_system7_0/inst/buffer_fclk_clk_0.FCLK_CLK_0_BUFG/O
                         net (fo=32901, routed)       1.821    13.000    design_1_i/MM_ultra_top_0/inst/U_MM_ultra_axi/u_MM_ultra/u_MM_out_buffer/aclk
    RAMB36_X4Y28         RAMB36E1                                     r  design_1_i/MM_ultra_top_0/inst/U_MM_ultra_axi/u_MM_ultra/u_MM_out_buffer/F_array_reg_34/CLKBWRCLK
                         clock pessimism              0.129    13.129    
                         clock uncertainty           -0.154    12.974    
    RAMB36_X4Y28         RAMB36E1 (Setup_ramb36e1_CLKBWRCLK_ADDRBWRADDR[13])
                                                     -0.566    12.408    design_1_i/MM_ultra_top_0/inst/U_MM_ultra_axi/u_MM_ultra/u_MM_out_buffer/F_array_reg_34
  -------------------------------------------------------------------
                         required time                         12.408    
                         arrival time                         -12.524    
  -------------------------------------------------------------------
                         slack                                 -0.116    

Slack (VIOLATED) :        -0.108ns  (required time - arrival time)
  Source:                 design_1_i/MM_ultra_top_0/inst/U_MM_ultra_axi/u_MM_ultra/F_length_reg[2]/C
                            (rising edge-triggered cell FDRE clocked by clk_fpga_0  {rise@0.000ns fall@5.000ns period=10.000ns})
  Destination:            design_1_i/MM_ultra_top_0/inst/U_MM_ultra_axi/u_MM_ultra/u_MM_out_buffer/F_array_reg_47/ADDRBWRADDR[14]
                            (rising edge-triggered cell RAMB36E1 clocked by clk_fpga_0  {rise@0.000ns fall@5.000ns period=10.000ns})
  Path Group:             clk_fpga_0
  Path Type:              Setup (Max at Slow Process Corner)
  Requirement:            10.000ns  (clk_fpga_0 rise@10.000ns - clk_fpga_0 rise@0.000ns)
  Data Path Delay:        9.446ns  (logic 3.524ns (37.308%)  route 5.922ns (62.692%))
  Logic Levels:           9  (CARRY4=4 LUT2=1 LUT4=1 LUT5=1 LUT6=2)
  Clock Path Skew:        0.058ns (DCD - SCD + CPR)
    Destination Clock Delay (DCD):    2.874ns = ( 12.874 - 10.000 ) 
    Source Clock Delay      (SCD):    2.945ns
    Clock Pessimism Removal (CPR):    0.129ns
  Clock Uncertainty:      0.154ns  ((TSJ^2 + TIJ^2)^1/2 + DJ) / 2 + PE
    Total System Jitter     (TSJ):    0.071ns
    Total Input Jitter      (TIJ):    0.300ns
    Discrete Jitter          (DJ):    0.000ns
    Phase Error              (PE):    0.000ns

    Location             Delay type                Incr(ns)  Path(ns)    Netlist Resource(s)
  -------------------------------------------------------------------    -------------------
                         (clock clk_fpga_0 rise edge)
                                                      0.000     0.000 r  
    PS7_X0Y0             PS7                          0.000     0.000 r  design_1_i/processing_system7_0/inst/PS7_i/FCLKCLK[0]
                         net (fo=1, routed)           1.193     1.193    design_1_i/processing_system7_0/inst/FCLK_CLK_unbuffered[0]
    BUFGCTRL_X0Y16       BUFG (Prop_bufg_I_O)         0.101     1.294 r  design_1_i/processing_system7_0/inst/buffer_fclk_clk_0.FCLK_CLK_0_BUFG/O
                         net (fo=32901, routed)       1.651     2.945    design_1_i/MM_ultra_top_0/inst/U_MM_ultra_axi/u_MM_ultra/aclk
    SLICE_X48Y99         FDRE                                         r  design_1_i/MM_ultra_top_0/inst/U_MM_ultra_axi/u_MM_ultra/F_length_reg[2]/C
  -------------------------------------------------------------------    -------------------
    SLICE_X48Y99         FDRE (Prop_fdre_C_Q)         0.456     3.401 r  design_1_i/MM_ultra_top_0/inst/U_MM_ultra_axi/u_MM_ultra/F_length_reg[2]/Q
                         net (fo=46, routed)          1.032     4.433    design_1_i/MM_ultra_top_0/inst/U_MM_ultra_axi/u_MM_ultra/u_MM_out_buffer/out_data_col_addr_reg[4]_i_4_0[2]
    SLICE_X48Y100        LUT6 (Prop_lut6_I3_O)        0.124     4.557 r  design_1_i/MM_ultra_top_0/inst/U_MM_ultra_axi/u_MM_ultra/u_MM_out_buffer/clear_addr[11]_i_33/O
                         net (fo=2, routed)           0.667     5.224    design_1_i/MM_ultra_top_0/inst/U_MM_ultra_axi/u_MM_ultra/u_MM_out_buffer/clear_addr[11]_i_33_n_0
    SLICE_X49Y100        LUT6 (Prop_lut6_I0_O)        0.124     5.348 r  design_1_i/MM_ultra_top_0/inst/U_MM_ultra_axi/u_MM_ultra/u_MM_out_buffer/clear_addr[11]_i_37/O
                         net (fo=1, routed)           0.000     5.348    design_1_i/MM_ultra_top_0/inst/U_MM_ultra_axi/u_MM_ultra/u_MM_out_buffer/clear_addr[11]_i_37_n_0
    SLICE_X49Y100        CARRY4 (Prop_carry4_S[0]_O[2])
                                                      0.547     5.895 r  design_1_i/MM_ultra_top_0/inst/U_MM_ultra_axi/u_MM_ultra/u_MM_out_buffer/clear_addr_reg[11]_i_21/O[2]
                         net (fo=2, routed)           0.369     6.264    design_1_i/MM_ultra_top_0/inst/U_MM_ultra_axi/u_MM_ultra/u_MM_out_buffer/clear_addr_reg[11]_i_21_n_5
    SLICE_X48Y100        LUT5 (Prop_lut5_I2_O)        0.302     6.566 r  design_1_i/MM_ultra_top_0/inst/U_MM_ultra_axi/u_MM_ultra/u_MM_out_buffer/clear_addr[7]_i_13/O
                         net (fo=2, routed)           0.685     7.251    design_1_i/MM_ultra_top_0/inst/U_MM_ultra_axi/u_MM_ultra/u_MM_out_buffer/clear_addr[7]_i_13_n_0
    SLICE_X50Y99         CARRY4 (Prop_carry4_DI[3]_CO[3])
                                                      0.396     7.647 r  design_1_i/MM_ultra_top_0/inst/U_MM_ultra_axi/u_MM_ultra/u_MM_out_buffer/clear_addr_reg[7]_i_8/CO[3]
                         net (fo=1, routed)           0.001     7.648    design_1_i/MM_ultra_top_0/inst/U_MM_ultra_axi/u_MM_ultra/u_MM_out_buffer/clear_addr_reg[7]_i_8_n_0
    SLICE_X50Y100        CARRY4 (Prop_carry4_CI_O[1])
                                                      0.323     7.971 r  design_1_i/MM_ultra_top_0/inst/U_MM_ultra_axi/u_MM_ultra/u_MM_out_buffer/clear_addr_reg[11]_i_9/O[1]
                         net (fo=2, routed)           0.579     8.550    design_1_i/MM_ultra_top_0/inst/U_MM_ultra_axi/u_MM_ultra/u_MM_out_buffer/clear_addr_reg[11]_i_9_n_6
    SLICE_X52Y100        LUT2 (Prop_lut2_I0_O)        0.306     8.856 r  design_1_i/MM_ultra_top_0/inst/U_MM_ultra_axi/u_MM_ultra/u_MM_out_buffer/clear_addr[11]_i_10/O
                         net (fo=1, routed)           0.000     8.856    design_1_i/MM_ultra_top_0/inst/U_MM_ultra_axi/u_MM_ultra/u_MM_out_buffer/clear_addr[11]_i_10_n_0
    SLICE_X52Y100        CARRY4 (Prop_carry4_S[1]_O[3])
                                                      0.640     9.496 r  design_1_i/MM_ultra_top_0/inst/U_MM_ultra_axi/u_MM_ultra/u_MM_out_buffer/clear_addr_reg[11]_i_4/O[3]
                         net (fo=3, routed)           0.472     9.968    design_1_i/MM_ultra_top_0/inst/U_MM_ultra_axi/u_MM_ultra/u_MM_out_buffer/out_data_addr[11]
    SLICE_X53Y104        LUT4 (Prop_lut4_I0_O)        0.306    10.274 r  design_1_i/MM_ultra_top_0/inst/U_MM_ultra_axi/u_MM_ultra/u_MM_out_buffer/F_array_reg_28_i_15/O
                         net (fo=28, routed)          2.117    12.391    design_1_i/MM_ultra_top_0/inst/U_MM_ultra_axi/u_MM_ultra/u_MM_out_buffer/F_array_reg_28_i_15_n_0
    RAMB36_X2Y28         RAMB36E1                                     r  design_1_i/MM_ultra_top_0/inst/U_MM_ultra_axi/u_MM_ultra/u_MM_out_buffer/F_array_reg_47/ADDRBWRADDR[14]
  -------------------------------------------------------------------    -------------------

                         (clock clk_fpga_0 rise edge)
                                                     10.000    10.000 r  
    PS7_X0Y0             PS7                          0.000    10.000 r  design_1_i/processing_system7_0/inst/PS7_i/FCLKCLK[0]
                         net (fo=1, routed)           1.088    11.088    design_1_i/processing_system7_0/inst/FCLK_CLK_unbuffered[0]
    BUFGCTRL_X0Y16       BUFG (Prop_bufg_I_O)         0.091    11.179 r  design_1_i/processing_system7_0/inst/buffer_fclk_clk_0.FCLK_CLK_0_BUFG/O
                         net (fo=32901, routed)       1.695    12.874    design_1_i/MM_ultra_top_0/inst/U_MM_ultra_axi/u_MM_ultra/u_MM_out_buffer/aclk
    RAMB36_X2Y28         RAMB36E1                                     r  design_1_i/MM_ultra_top_0/inst/U_MM_ultra_axi/u_MM_ultra/u_MM_out_buffer/F_array_reg_47/CLKBWRCLK
                         clock pessimism              0.129    13.003    
                         clock uncertainty           -0.154    12.848    
    RAMB36_X2Y28         RAMB36E1 (Setup_ramb36e1_CLKBWRCLK_ADDRBWRADDR[14])
                                                     -0.566    12.282    design_1_i/MM_ultra_top_0/inst/U_MM_ultra_axi/u_MM_ultra/u_MM_out_buffer/F_array_reg_47
  -------------------------------------------------------------------
                         required time                         12.282    
                         arrival time                         -12.391    
  -------------------------------------------------------------------
                         slack                                 -0.108    

Slack (VIOLATED) :        -0.077ns  (required time - arrival time)
  Source:                 design_1_i/MM_ultra_top_0/inst/U_MM_ultra_axi/u_MM_ultra/F_length_reg[2]/C
                            (rising edge-triggered cell FDRE clocked by clk_fpga_0  {rise@0.000ns fall@5.000ns period=10.000ns})
  Destination:            design_1_i/MM_ultra_top_0/inst/U_MM_ultra_axi/u_MM_ultra/u_MM_out_buffer/F_array_reg_24/ADDRBWRADDR[14]
                            (rising edge-triggered cell RAMB36E1 clocked by clk_fpga_0  {rise@0.000ns fall@5.000ns period=10.000ns})
  Path Group:             clk_fpga_0
  Path Type:              Setup (Max at Slow Process Corner)
  Requirement:            10.000ns  (clk_fpga_0 rise@10.000ns - clk_fpga_0 rise@0.000ns)
  Data Path Delay:        9.361ns  (logic 3.524ns (37.645%)  route 5.837ns (62.355%))
  Logic Levels:           9  (CARRY4=4 LUT2=1 LUT4=1 LUT5=1 LUT6=2)
  Clock Path Skew:        0.004ns (DCD - SCD + CPR)
    Destination Clock Delay (DCD):    2.820ns = ( 12.820 - 10.000 ) 
    Source Clock Delay      (SCD):    2.945ns
    Clock Pessimism Removal (CPR):    0.129ns
  Clock Uncertainty:      0.154ns  ((TSJ^2 + TIJ^2)^1/2 + DJ) / 2 + PE
    Total System Jitter     (TSJ):    0.071ns
    Total Input Jitter      (TIJ):    0.300ns
    Discrete Jitter          (DJ):    0.000ns
    Phase Error              (PE):    0.000ns

    Location             Delay type                Incr(ns)  Path(ns)    Netlist Resource(s)
  -------------------------------------------------------------------    -------------------
                         (clock clk_fpga_0 rise edge)
                                                      0.000     0.000 r  
    PS7_X0Y0             PS7                          0.000     0.000 r  design_1_i/processing_system7_0/inst/PS7_i/FCLKCLK[0]
                         net (fo=1, routed)           1.193     1.193    design_1_i/processing_system7_0/inst/FCLK_CLK_unbuffered[0]
    BUFGCTRL_X0Y16       BUFG (Prop_bufg_I_O)         0.101     1.294 r  design_1_i/processing_system7_0/inst/buffer_fclk_clk_0.FCLK_CLK_0_BUFG/O
                         net (fo=32901, routed)       1.651     2.945    design_1_i/MM_ultra_top_0/inst/U_MM_ultra_axi/u_MM_ultra/aclk
    SLICE_X48Y99         FDRE                                         r  design_1_i/MM_ultra_top_0/inst/U_MM_ultra_axi/u_MM_ultra/F_length_reg[2]/C
  -------------------------------------------------------------------    -------------------
    SLICE_X48Y99         FDRE (Prop_fdre_C_Q)         0.456     3.401 r  design_1_i/MM_ultra_top_0/inst/U_MM_ultra_axi/u_MM_ultra/F_length_reg[2]/Q
                         net (fo=46, routed)          1.032     4.433    design_1_i/MM_ultra_top_0/inst/U_MM_ultra_axi/u_MM_ultra/u_MM_out_buffer/out_data_col_addr_reg[4]_i_4_0[2]
    SLICE_X48Y100        LUT6 (Prop_lut6_I3_O)        0.124     4.557 r  design_1_i/MM_ultra_top_0/inst/U_MM_ultra_axi/u_MM_ultra/u_MM_out_buffer/clear_addr[11]_i_33/O
                         net (fo=2, routed)           0.667     5.224    design_1_i/MM_ultra_top_0/inst/U_MM_ultra_axi/u_MM_ultra/u_MM_out_buffer/clear_addr[11]_i_33_n_0
    SLICE_X49Y100        LUT6 (Prop_lut6_I0_O)        0.124     5.348 r  design_1_i/MM_ultra_top_0/inst/U_MM_ultra_axi/u_MM_ultra/u_MM_out_buffer/clear_addr[11]_i_37/O
                         net (fo=1, routed)           0.000     5.348    design_1_i/MM_ultra_top_0/inst/U_MM_ultra_axi/u_MM_ultra/u_MM_out_buffer/clear_addr[11]_i_37_n_0
    SLICE_X49Y100        CARRY4 (Prop_carry4_S[0]_O[2])
                                                      0.547     5.895 r  design_1_i/MM_ultra_top_0/inst/U_MM_ultra_axi/u_MM_ultra/u_MM_out_buffer/clear_addr_reg[11]_i_21/O[2]
                         net (fo=2, routed)           0.369     6.264    design_1_i/MM_ultra_top_0/inst/U_MM_ultra_axi/u_MM_ultra/u_MM_out_buffer/clear_addr_reg[11]_i_21_n_5
    SLICE_X48Y100        LUT5 (Prop_lut5_I2_O)        0.302     6.566 r  design_1_i/MM_ultra_top_0/inst/U_MM_ultra_axi/u_MM_ultra/u_MM_out_buffer/clear_addr[7]_i_13/O
                         net (fo=2, routed)           0.685     7.251    design_1_i/MM_ultra_top_0/inst/U_MM_ultra_axi/u_MM_ultra/u_MM_out_buffer/clear_addr[7]_i_13_n_0
    SLICE_X50Y99         CARRY4 (Prop_carry4_DI[3]_CO[3])
                                                      0.396     7.647 r  design_1_i/MM_ultra_top_0/inst/U_MM_ultra_axi/u_MM_ultra/u_MM_out_buffer/clear_addr_reg[7]_i_8/CO[3]
                         net (fo=1, routed)           0.001     7.648    design_1_i/MM_ultra_top_0/inst/U_MM_ultra_axi/u_MM_ultra/u_MM_out_buffer/clear_addr_reg[7]_i_8_n_0
    SLICE_X50Y100        CARRY4 (Prop_carry4_CI_O[1])
                                                      0.323     7.971 r  design_1_i/MM_ultra_top_0/inst/U_MM_ultra_axi/u_MM_ultra/u_MM_out_buffer/clear_addr_reg[11]_i_9/O[1]
                         net (fo=2, routed)           0.579     8.550    design_1_i/MM_ultra_top_0/inst/U_MM_ultra_axi/u_MM_ultra/u_MM_out_buffer/clear_addr_reg[11]_i_9_n_6
    SLICE_X52Y100        LUT2 (Prop_lut2_I0_O)        0.306     8.856 r  design_1_i/MM_ultra_top_0/inst/U_MM_ultra_axi/u_MM_ultra/u_MM_out_buffer/clear_addr[11]_i_10/O
                         net (fo=1, routed)           0.000     8.856    design_1_i/MM_ultra_top_0/inst/U_MM_ultra_axi/u_MM_ultra/u_MM_out_buffer/clear_addr[11]_i_10_n_0
    SLICE_X52Y100        CARRY4 (Prop_carry4_S[1]_O[3])
                                                      0.640     9.496 r  design_1_i/MM_ultra_top_0/inst/U_MM_ultra_axi/u_MM_ultra/u_MM_out_buffer/clear_addr_reg[11]_i_4/O[3]
                         net (fo=3, routed)           0.784    10.280    design_1_i/MM_ultra_top_0/inst/U_MM_ultra_axi/u_MM_ultra/u_MM_out_buffer/out_data_addr[11]
    SLICE_X63Y95         LUT4 (Prop_lut4_I0_O)        0.306    10.586 r  design_1_i/MM_ultra_top_0/inst/U_MM_ultra_axi/u_MM_ultra/u_MM_out_buffer/F_array_reg_0_i_15/O
                         net (fo=28, routed)          1.721    12.306    design_1_i/MM_ultra_top_0/inst/U_MM_ultra_axi/u_MM_ultra/u_MM_out_buffer/out_F_array_addr[11]
    RAMB36_X5Y16         RAMB36E1                                     r  design_1_i/MM_ultra_top_0/inst/U_MM_ultra_axi/u_MM_ultra/u_MM_out_buffer/F_array_reg_24/ADDRBWRADDR[14]
  -------------------------------------------------------------------    -------------------

                         (clock clk_fpga_0 rise edge)
                                                     10.000    10.000 r  
    PS7_X0Y0             PS7                          0.000    10.000 r  design_1_i/processing_system7_0/inst/PS7_i/FCLKCLK[0]
                         net (fo=1, routed)           1.088    11.088    design_1_i/processing_system7_0/inst/FCLK_CLK_unbuffered[0]
    BUFGCTRL_X0Y16       BUFG (Prop_bufg_I_O)         0.091    11.179 r  design_1_i/processing_system7_0/inst/buffer_fclk_clk_0.FCLK_CLK_0_BUFG/O
                         net (fo=32901, routed)       1.641    12.820    design_1_i/MM_ultra_top_0/inst/U_MM_ultra_axi/u_MM_ultra/u_MM_out_buffer/aclk
    RAMB36_X5Y16         RAMB36E1                                     r  design_1_i/MM_ultra_top_0/inst/U_MM_ultra_axi/u_MM_ultra/u_MM_out_buffer/F_array_reg_24/CLKBWRCLK
                         clock pessimism              0.129    12.949    
                         clock uncertainty           -0.154    12.795    
    RAMB36_X5Y16         RAMB36E1 (Setup_ramb36e1_CLKBWRCLK_ADDRBWRADDR[14])
                                                     -0.566    12.229    design_1_i/MM_ultra_top_0/inst/U_MM_ultra_axi/u_MM_ultra/u_MM_out_buffer/F_array_reg_24
  -------------------------------------------------------------------
                         required time                         12.229    
                         arrival time                         -12.306    
  -------------------------------------------------------------------
                         slack                                 -0.077    

Slack (VIOLATED) :        -0.074ns  (required time - arrival time)
  Source:                 design_1_i/MM_ultra_top_0/inst/U_MM_ultra_axi/u_MM_ultra/F_length_reg[2]/C
                            (rising edge-triggered cell FDRE clocked by clk_fpga_0  {rise@0.000ns fall@5.000ns period=10.000ns})
  Destination:            design_1_i/MM_ultra_top_0/inst/U_MM_ultra_axi/u_MM_ultra/u_MM_out_buffer/F_array_reg_34/ADDRBWRADDR[14]
                            (rising edge-triggered cell RAMB36E1 clocked by clk_fpga_0  {rise@0.000ns fall@5.000ns period=10.000ns})
  Path Group:             clk_fpga_0
  Path Type:              Setup (Max at Slow Process Corner)
  Requirement:            10.000ns  (clk_fpga_0 rise@10.000ns - clk_fpga_0 rise@0.000ns)
  Data Path Delay:        9.538ns  (logic 3.524ns (36.948%)  route 6.014ns (63.052%))
  Logic Levels:           9  (CARRY4=4 LUT2=1 LUT4=1 LUT5=1 LUT6=2)
  Clock Path Skew:        0.184ns (DCD - SCD + CPR)
    Destination Clock Delay (DCD):    3.000ns = ( 13.000 - 10.000 ) 
    Source Clock Delay      (SCD):    2.945ns
    Clock Pessimism Removal (CPR):    0.129ns
  Clock Uncertainty:      0.154ns  ((TSJ^2 + TIJ^2)^1/2 + DJ) / 2 + PE
    Total System Jitter     (TSJ):    0.071ns
    Total Input Jitter      (TIJ):    0.300ns
    Discrete Jitter          (DJ):    0.000ns
    Phase Error              (PE):    0.000ns

    Location             Delay type                Incr(ns)  Path(ns)    Netlist Resource(s)
  -------------------------------------------------------------------    -------------------
                         (clock clk_fpga_0 rise edge)
                                                      0.000     0.000 r  
    PS7_X0Y0             PS7                          0.000     0.000 r  design_1_i/processing_system7_0/inst/PS7_i/FCLKCLK[0]
                         net (fo=1, routed)           1.193     1.193    design_1_i/processing_system7_0/inst/FCLK_CLK_unbuffered[0]
    BUFGCTRL_X0Y16       BUFG (Prop_bufg_I_O)         0.101     1.294 r  design_1_i/processing_system7_0/inst/buffer_fclk_clk_0.FCLK_CLK_0_BUFG/O
                         net (fo=32901, routed)       1.651     2.945    design_1_i/MM_ultra_top_0/inst/U_MM_ultra_axi/u_MM_ultra/aclk
    SLICE_X48Y99         FDRE                                         r  design_1_i/MM_ultra_top_0/inst/U_MM_ultra_axi/u_MM_ultra/F_length_reg[2]/C
  -------------------------------------------------------------------    -------------------
    SLICE_X48Y99         FDRE (Prop_fdre_C_Q)         0.456     3.401 r  design_1_i/MM_ultra_top_0/inst/U_MM_ultra_axi/u_MM_ultra/F_length_reg[2]/Q
                         net (fo=46, routed)          1.032     4.433    design_1_i/MM_ultra_top_0/inst/U_MM_ultra_axi/u_MM_ultra/u_MM_out_buffer/out_data_col_addr_reg[4]_i_4_0[2]
    SLICE_X48Y100        LUT6 (Prop_lut6_I3_O)        0.124     4.557 r  design_1_i/MM_ultra_top_0/inst/U_MM_ultra_axi/u_MM_ultra/u_MM_out_buffer/clear_addr[11]_i_33/O
                         net (fo=2, routed)           0.667     5.224    design_1_i/MM_ultra_top_0/inst/U_MM_ultra_axi/u_MM_ultra/u_MM_out_buffer/clear_addr[11]_i_33_n_0
    SLICE_X49Y100        LUT6 (Prop_lut6_I0_O)        0.124     5.348 r  design_1_i/MM_ultra_top_0/inst/U_MM_ultra_axi/u_MM_ultra/u_MM_out_buffer/clear_addr[11]_i_37/O
                         net (fo=1, routed)           0.000     5.348    design_1_i/MM_ultra_top_0/inst/U_MM_ultra_axi/u_MM_ultra/u_MM_out_buffer/clear_addr[11]_i_37_n_0
    SLICE_X49Y100        CARRY4 (Prop_carry4_S[0]_O[2])
                                                      0.547     5.895 r  design_1_i/MM_ultra_top_0/inst/U_MM_ultra_axi/u_MM_ultra/u_MM_out_buffer/clear_addr_reg[11]_i_21/O[2]
                         net (fo=2, routed)           0.369     6.264    design_1_i/MM_ultra_top_0/inst/U_MM_ultra_axi/u_MM_ultra/u_MM_out_buffer/clear_addr_reg[11]_i_21_n_5
    SLICE_X48Y100        LUT5 (Prop_lut5_I2_O)        0.302     6.566 r  design_1_i/MM_ultra_top_0/inst/U_MM_ultra_axi/u_MM_ultra/u_MM_out_buffer/clear_addr[7]_i_13/O
                         net (fo=2, routed)           0.685     7.251    design_1_i/MM_ultra_top_0/inst/U_MM_ultra_axi/u_MM_ultra/u_MM_out_buffer/clear_addr[7]_i_13_n_0
    SLICE_X50Y99         CARRY4 (Prop_carry4_DI[3]_CO[3])
                                                      0.396     7.647 r  design_1_i/MM_ultra_top_0/inst/U_MM_ultra_axi/u_MM_ultra/u_MM_out_buffer/clear_addr_reg[7]_i_8/CO[3]
                         net (fo=1, routed)           0.001     7.648    design_1_i/MM_ultra_top_0/inst/U_MM_ultra_axi/u_MM_ultra/u_MM_out_buffer/clear_addr_reg[7]_i_8_n_0
    SLICE_X50Y100        CARRY4 (Prop_carry4_CI_O[1])
                                                      0.323     7.971 r  design_1_i/MM_ultra_top_0/inst/U_MM_ultra_axi/u_MM_ultra/u_MM_out_buffer/clear_addr_reg[11]_i_9/O[1]
                         net (fo=2, routed)           0.579     8.550    design_1_i/MM_ultra_top_0/inst/U_MM_ultra_axi/u_MM_ultra/u_MM_out_buffer/clear_addr_reg[11]_i_9_n_6
    SLICE_X52Y100        LUT2 (Prop_lut2_I0_O)        0.306     8.856 r  design_1_i/MM_ultra_top_0/inst/U_MM_ultra_axi/u_MM_ultra/u_MM_out_buffer/clear_addr[11]_i_10/O
                         net (fo=1, routed)           0.000     8.856    design_1_i/MM_ultra_top_0/inst/U_MM_ultra_axi/u_MM_ultra/u_MM_out_buffer/clear_addr[11]_i_10_n_0
    SLICE_X52Y100        CARRY4 (Prop_carry4_S[1]_O[3])
                                                      0.640     9.496 r  design_1_i/MM_ultra_top_0/inst/U_MM_ultra_axi/u_MM_ultra/u_MM_out_buffer/clear_addr_reg[11]_i_4/O[3]
                         net (fo=3, routed)           0.472     9.968    design_1_i/MM_ultra_top_0/inst/U_MM_ultra_axi/u_MM_ultra/u_MM_out_buffer/out_data_addr[11]
    SLICE_X53Y104        LUT4 (Prop_lut4_I0_O)        0.306    10.274 r  design_1_i/MM_ultra_top_0/inst/U_MM_ultra_axi/u_MM_ultra/u_MM_out_buffer/F_array_reg_28_i_15/O
                         net (fo=28, routed)          2.209    12.483    design_1_i/MM_ultra_top_0/inst/U_MM_ultra_axi/u_MM_ultra/u_MM_out_buffer/F_array_reg_28_i_15_n_0
    RAMB36_X4Y28         RAMB36E1                                     r  design_1_i/MM_ultra_top_0/inst/U_MM_ultra_axi/u_MM_ultra/u_MM_out_buffer/F_array_reg_34/ADDRBWRADDR[14]
  -------------------------------------------------------------------    -------------------

                         (clock clk_fpga_0 rise edge)
                                                     10.000    10.000 r  
    PS7_X0Y0             PS7                          0.000    10.000 r  design_1_i/processing_system7_0/inst/PS7_i/FCLKCLK[0]
                         net (fo=1, routed)           1.088    11.088    design_1_i/processing_system7_0/inst/FCLK_CLK_unbuffered[0]
    BUFGCTRL_X0Y16       BUFG (Prop_bufg_I_O)         0.091    11.179 r  design_1_i/processing_system7_0/inst/buffer_fclk_clk_0.FCLK_CLK_0_BUFG/O
                         net (fo=32901, routed)       1.821    13.000    design_1_i/MM_ultra_top_0/inst/U_MM_ultra_axi/u_MM_ultra/u_MM_out_buffer/aclk
    RAMB36_X4Y28         RAMB36E1                                     r  design_1_i/MM_ultra_top_0/inst/U_MM_ultra_axi/u_MM_ultra/u_MM_out_buffer/F_array_reg_34/CLKBWRCLK
                         clock pessimism              0.129    13.129    
                         clock uncertainty           -0.154    12.974    
    RAMB36_X4Y28         RAMB36E1 (Setup_ramb36e1_CLKBWRCLK_ADDRBWRADDR[14])
                                                     -0.566    12.408    design_1_i/MM_ultra_top_0/inst/U_MM_ultra_axi/u_MM_ultra/u_MM_out_buffer/F_array_reg_34
  -------------------------------------------------------------------
                         required time                         12.408    
                         arrival time                         -12.483    
  -------------------------------------------------------------------
                         slack                                 -0.074    

Slack (VIOLATED) :        -0.070ns  (required time - arrival time)
  Source:                 design_1_i/MM_ultra_top_0/inst/U_MM_ultra_axi/u_MM_ultra/F_length_reg[2]/C
                            (rising edge-triggered cell FDRE clocked by clk_fpga_0  {rise@0.000ns fall@5.000ns period=10.000ns})
  Destination:            design_1_i/MM_ultra_top_0/inst/U_MM_ultra_axi/u_MM_ultra/u_MM_out_buffer/F_array_reg_27/ADDRBWRADDR[13]
                            (rising edge-triggered cell RAMB36E1 clocked by clk_fpga_0  {rise@0.000ns fall@5.000ns period=10.000ns})
  Path Group:             clk_fpga_0
  Path Type:              Setup (Max at Slow Process Corner)
  Requirement:            10.000ns  (clk_fpga_0 rise@10.000ns - clk_fpga_0 rise@0.000ns)
  Data Path Delay:        9.291ns  (logic 3.460ns (37.240%)  route 5.831ns (62.760%))
  Logic Levels:           9  (CARRY4=4 LUT2=1 LUT4=1 LUT5=1 LUT6=2)
  Clock Path Skew:        -0.059ns (DCD - SCD + CPR)
    Destination Clock Delay (DCD):    2.757ns = ( 12.757 - 10.000 ) 
    Source Clock Delay      (SCD):    2.945ns
    Clock Pessimism Removal (CPR):    0.129ns
  Clock Uncertainty:      0.154ns  ((TSJ^2 + TIJ^2)^1/2 + DJ) / 2 + PE
    Total System Jitter     (TSJ):    0.071ns
    Total Input Jitter      (TIJ):    0.300ns
    Discrete Jitter          (DJ):    0.000ns
    Phase Error              (PE):    0.000ns

    Location             Delay type                Incr(ns)  Path(ns)    Netlist Resource(s)
  -------------------------------------------------------------------    -------------------
                         (clock clk_fpga_0 rise edge)
                                                      0.000     0.000 r  
    PS7_X0Y0             PS7                          0.000     0.000 r  design_1_i/processing_system7_0/inst/PS7_i/FCLKCLK[0]
                         net (fo=1, routed)           1.193     1.193    design_1_i/processing_system7_0/inst/FCLK_CLK_unbuffered[0]
    BUFGCTRL_X0Y16       BUFG (Prop_bufg_I_O)         0.101     1.294 r  design_1_i/processing_system7_0/inst/buffer_fclk_clk_0.FCLK_CLK_0_BUFG/O
                         net (fo=32901, routed)       1.651     2.945    design_1_i/MM_ultra_top_0/inst/U_MM_ultra_axi/u_MM_ultra/aclk
    SLICE_X48Y99         FDRE                                         r  design_1_i/MM_ultra_top_0/inst/U_MM_ultra_axi/u_MM_ultra/F_length_reg[2]/C
  -------------------------------------------------------------------    -------------------
    SLICE_X48Y99         FDRE (Prop_fdre_C_Q)         0.456     3.401 r  design_1_i/MM_ultra_top_0/inst/U_MM_ultra_axi/u_MM_ultra/F_length_reg[2]/Q
                         net (fo=46, routed)          1.032     4.433    design_1_i/MM_ultra_top_0/inst/U_MM_ultra_axi/u_MM_ultra/u_MM_out_buffer/out_data_col_addr_reg[4]_i_4_0[2]
    SLICE_X48Y100        LUT6 (Prop_lut6_I3_O)        0.124     4.557 r  design_1_i/MM_ultra_top_0/inst/U_MM_ultra_axi/u_MM_ultra/u_MM_out_buffer/clear_addr[11]_i_33/O
                         net (fo=2, routed)           0.667     5.224    design_1_i/MM_ultra_top_0/inst/U_MM_ultra_axi/u_MM_ultra/u_MM_out_buffer/clear_addr[11]_i_33_n_0
    SLICE_X49Y100        LUT6 (Prop_lut6_I0_O)        0.124     5.348 r  design_1_i/MM_ultra_top_0/inst/U_MM_ultra_axi/u_MM_ultra/u_MM_out_buffer/clear_addr[11]_i_37/O
                         net (fo=1, routed)           0.000     5.348    design_1_i/MM_ultra_top_0/inst/U_MM_ultra_axi/u_MM_ultra/u_MM_out_buffer/clear_addr[11]_i_37_n_0
    SLICE_X49Y100        CARRY4 (Prop_carry4_S[0]_O[2])
                                                      0.547     5.895 r  design_1_i/MM_ultra_top_0/inst/U_MM_ultra_axi/u_MM_ultra/u_MM_out_buffer/clear_addr_reg[11]_i_21/O[2]
                         net (fo=2, routed)           0.369     6.264    design_1_i/MM_ultra_top_0/inst/U_MM_ultra_axi/u_MM_ultra/u_MM_out_buffer/clear_addr_reg[11]_i_21_n_5
    SLICE_X48Y100        LUT5 (Prop_lut5_I2_O)        0.302     6.566 r  design_1_i/MM_ultra_top_0/inst/U_MM_ultra_axi/u_MM_ultra/u_MM_out_buffer/clear_addr[7]_i_13/O
                         net (fo=2, routed)           0.685     7.251    design_1_i/MM_ultra_top_0/inst/U_MM_ultra_axi/u_MM_ultra/u_MM_out_buffer/clear_addr[7]_i_13_n_0
    SLICE_X50Y99         CARRY4 (Prop_carry4_DI[3]_CO[3])
                                                      0.396     7.647 r  design_1_i/MM_ultra_top_0/inst/U_MM_ultra_axi/u_MM_ultra/u_MM_out_buffer/clear_addr_reg[7]_i_8/CO[3]
                         net (fo=1, routed)           0.001     7.648    design_1_i/MM_ultra_top_0/inst/U_MM_ultra_axi/u_MM_ultra/u_MM_out_buffer/clear_addr_reg[7]_i_8_n_0
    SLICE_X50Y100        CARRY4 (Prop_carry4_CI_O[1])
                                                      0.323     7.971 r  design_1_i/MM_ultra_top_0/inst/U_MM_ultra_axi/u_MM_ultra/u_MM_out_buffer/clear_addr_reg[11]_i_9/O[1]
                         net (fo=2, routed)           0.579     8.550    design_1_i/MM_ultra_top_0/inst/U_MM_ultra_axi/u_MM_ultra/u_MM_out_buffer/clear_addr_reg[11]_i_9_n_6
    SLICE_X52Y100        LUT2 (Prop_lut2_I0_O)        0.306     8.856 r  design_1_i/MM_ultra_top_0/inst/U_MM_ultra_axi/u_MM_ultra/u_MM_out_buffer/clear_addr[11]_i_10/O
                         net (fo=1, routed)           0.000     8.856    design_1_i/MM_ultra_top_0/inst/U_MM_ultra_axi/u_MM_ultra/u_MM_out_buffer/clear_addr[11]_i_10_n_0
    SLICE_X52Y100        CARRY4 (Prop_carry4_S[1]_O[2])
                                                      0.580     9.436 r  design_1_i/MM_ultra_top_0/inst/U_MM_ultra_axi/u_MM_ultra/u_MM_out_buffer/clear_addr_reg[11]_i_4/O[2]
                         net (fo=3, routed)           0.550     9.986    design_1_i/MM_ultra_top_0/inst/U_MM_ultra_axi/u_MM_ultra/u_MM_out_buffer/out_data_addr[10]
    SLICE_X54Y100        LUT4 (Prop_lut4_I0_O)        0.302    10.288 r  design_1_i/MM_ultra_top_0/inst/U_MM_ultra_axi/u_MM_ultra/u_MM_out_buffer/F_array_reg_0_i_16/O
                         net (fo=28, routed)          1.948    12.236    design_1_i/MM_ultra_top_0/inst/U_MM_ultra_axi/u_MM_ultra/u_MM_out_buffer/out_F_array_addr[10]
    RAMB36_X3Y11         RAMB36E1                                     r  design_1_i/MM_ultra_top_0/inst/U_MM_ultra_axi/u_MM_ultra/u_MM_out_buffer/F_array_reg_27/ADDRBWRADDR[13]
  -------------------------------------------------------------------    -------------------

                         (clock clk_fpga_0 rise edge)
                                                     10.000    10.000 r  
    PS7_X0Y0             PS7                          0.000    10.000 r  design_1_i/processing_system7_0/inst/PS7_i/FCLKCLK[0]
                         net (fo=1, routed)           1.088    11.088    design_1_i/processing_system7_0/inst/FCLK_CLK_unbuffered[0]
    BUFGCTRL_X0Y16       BUFG (Prop_bufg_I_O)         0.091    11.179 r  design_1_i/processing_system7_0/inst/buffer_fclk_clk_0.FCLK_CLK_0_BUFG/O
                         net (fo=32901, routed)       1.578    12.757    design_1_i/MM_ultra_top_0/inst/U_MM_ultra_axi/u_MM_ultra/u_MM_out_buffer/aclk
    RAMB36_X3Y11         RAMB36E1                                     r  design_1_i/MM_ultra_top_0/inst/U_MM_ultra_axi/u_MM_ultra/u_MM_out_buffer/F_array_reg_27/CLKBWRCLK
                         clock pessimism              0.129    12.886    
                         clock uncertainty           -0.154    12.732    
    RAMB36_X3Y11         RAMB36E1 (Setup_ramb36e1_CLKBWRCLK_ADDRBWRADDR[13])
                                                     -0.566    12.166    design_1_i/MM_ultra_top_0/inst/U_MM_ultra_axi/u_MM_ultra/u_MM_out_buffer/F_array_reg_27
  -------------------------------------------------------------------
                         required time                         12.166    
                         arrival time                         -12.236    
  -------------------------------------------------------------------
                         slack                                 -0.070    

Slack (VIOLATED) :        -0.051ns  (required time - arrival time)
  Source:                 design_1_i/MM_ultra_top_0/inst/U_MM_ultra_axi/u_MM_ultra/F_length_reg[2]/C
                            (rising edge-triggered cell FDRE clocked by clk_fpga_0  {rise@0.000ns fall@5.000ns period=10.000ns})
  Destination:            design_1_i/MM_ultra_top_0/inst/U_MM_ultra_axi/u_MM_ultra/u_MM_out_buffer/F_array_reg_21/ADDRBWRADDR[13]
                            (rising edge-triggered cell RAMB36E1 clocked by clk_fpga_0  {rise@0.000ns fall@5.000ns period=10.000ns})
  Path Group:             clk_fpga_0
  Path Type:              Setup (Max at Slow Process Corner)
  Requirement:            10.000ns  (clk_fpga_0 rise@10.000ns - clk_fpga_0 rise@0.000ns)
  Data Path Delay:        9.329ns  (logic 3.460ns (37.088%)  route 5.869ns (62.912%))
  Logic Levels:           9  (CARRY4=4 LUT2=1 LUT4=1 LUT5=1 LUT6=2)
  Clock Path Skew:        -0.002ns (DCD - SCD + CPR)
    Destination Clock Delay (DCD):    2.814ns = ( 12.814 - 10.000 ) 
    Source Clock Delay      (SCD):    2.945ns
    Clock Pessimism Removal (CPR):    0.129ns
  Clock Uncertainty:      0.154ns  ((TSJ^2 + TIJ^2)^1/2 + DJ) / 2 + PE
    Total System Jitter     (TSJ):    0.071ns
    Total Input Jitter      (TIJ):    0.300ns
    Discrete Jitter          (DJ):    0.000ns
    Phase Error              (PE):    0.000ns

    Location             Delay type                Incr(ns)  Path(ns)    Netlist Resource(s)
  -------------------------------------------------------------------    -------------------
                         (clock clk_fpga_0 rise edge)
                                                      0.000     0.000 r  
    PS7_X0Y0             PS7                          0.000     0.000 r  design_1_i/processing_system7_0/inst/PS7_i/FCLKCLK[0]
                         net (fo=1, routed)           1.193     1.193    design_1_i/processing_system7_0/inst/FCLK_CLK_unbuffered[0]
    BUFGCTRL_X0Y16       BUFG (Prop_bufg_I_O)         0.101     1.294 r  design_1_i/processing_system7_0/inst/buffer_fclk_clk_0.FCLK_CLK_0_BUFG/O
                         net (fo=32901, routed)       1.651     2.945    design_1_i/MM_ultra_top_0/inst/U_MM_ultra_axi/u_MM_ultra/aclk
    SLICE_X48Y99         FDRE                                         r  design_1_i/MM_ultra_top_0/inst/U_MM_ultra_axi/u_MM_ultra/F_length_reg[2]/C
  -------------------------------------------------------------------    -------------------
    SLICE_X48Y99         FDRE (Prop_fdre_C_Q)         0.456     3.401 r  design_1_i/MM_ultra_top_0/inst/U_MM_ultra_axi/u_MM_ultra/F_length_reg[2]/Q
                         net (fo=46, routed)          1.032     4.433    design_1_i/MM_ultra_top_0/inst/U_MM_ultra_axi/u_MM_ultra/u_MM_out_buffer/out_data_col_addr_reg[4]_i_4_0[2]
    SLICE_X48Y100        LUT6 (Prop_lut6_I3_O)        0.124     4.557 r  design_1_i/MM_ultra_top_0/inst/U_MM_ultra_axi/u_MM_ultra/u_MM_out_buffer/clear_addr[11]_i_33/O
                         net (fo=2, routed)           0.667     5.224    design_1_i/MM_ultra_top_0/inst/U_MM_ultra_axi/u_MM_ultra/u_MM_out_buffer/clear_addr[11]_i_33_n_0
    SLICE_X49Y100        LUT6 (Prop_lut6_I0_O)        0.124     5.348 r  design_1_i/MM_ultra_top_0/inst/U_MM_ultra_axi/u_MM_ultra/u_MM_out_buffer/clear_addr[11]_i_37/O
                         net (fo=1, routed)           0.000     5.348    design_1_i/MM_ultra_top_0/inst/U_MM_ultra_axi/u_MM_ultra/u_MM_out_buffer/clear_addr[11]_i_37_n_0
    SLICE_X49Y100        CARRY4 (Prop_carry4_S[0]_O[2])
                                                      0.547     5.895 r  design_1_i/MM_ultra_top_0/inst/U_MM_ultra_axi/u_MM_ultra/u_MM_out_buffer/clear_addr_reg[11]_i_21/O[2]
                         net (fo=2, routed)           0.369     6.264    design_1_i/MM_ultra_top_0/inst/U_MM_ultra_axi/u_MM_ultra/u_MM_out_buffer/clear_addr_reg[11]_i_21_n_5
    SLICE_X48Y100        LUT5 (Prop_lut5_I2_O)        0.302     6.566 r  design_1_i/MM_ultra_top_0/inst/U_MM_ultra_axi/u_MM_ultra/u_MM_out_buffer/clear_addr[7]_i_13/O
                         net (fo=2, routed)           0.685     7.251    design_1_i/MM_ultra_top_0/inst/U_MM_ultra_axi/u_MM_ultra/u_MM_out_buffer/clear_addr[7]_i_13_n_0
    SLICE_X50Y99         CARRY4 (Prop_carry4_DI[3]_CO[3])
                                                      0.396     7.647 r  design_1_i/MM_ultra_top_0/inst/U_MM_ultra_axi/u_MM_ultra/u_MM_out_buffer/clear_addr_reg[7]_i_8/CO[3]
                         net (fo=1, routed)           0.001     7.648    design_1_i/MM_ultra_top_0/inst/U_MM_ultra_axi/u_MM_ultra/u_MM_out_buffer/clear_addr_reg[7]_i_8_n_0
    SLICE_X50Y100        CARRY4 (Prop_carry4_CI_O[1])
                                                      0.323     7.971 r  design_1_i/MM_ultra_top_0/inst/U_MM_ultra_axi/u_MM_ultra/u_MM_out_buffer/clear_addr_reg[11]_i_9/O[1]
                         net (fo=2, routed)           0.579     8.550    design_1_i/MM_ultra_top_0/inst/U_MM_ultra_axi/u_MM_ultra/u_MM_out_buffer/clear_addr_reg[11]_i_9_n_6
    SLICE_X52Y100        LUT2 (Prop_lut2_I0_O)        0.306     8.856 r  design_1_i/MM_ultra_top_0/inst/U_MM_ultra_axi/u_MM_ultra/u_MM_out_buffer/clear_addr[11]_i_10/O
                         net (fo=1, routed)           0.000     8.856    design_1_i/MM_ultra_top_0/inst/U_MM_ultra_axi/u_MM_ultra/u_MM_out_buffer/clear_addr[11]_i_10_n_0
    SLICE_X52Y100        CARRY4 (Prop_carry4_S[1]_O[2])
                                                      0.580     9.436 r  design_1_i/MM_ultra_top_0/inst/U_MM_ultra_axi/u_MM_ultra/u_MM_out_buffer/clear_addr_reg[11]_i_4/O[2]
                         net (fo=3, routed)           0.550     9.986    design_1_i/MM_ultra_top_0/inst/U_MM_ultra_axi/u_MM_ultra/u_MM_out_buffer/out_data_addr[10]
    SLICE_X54Y100        LUT4 (Prop_lut4_I0_O)        0.302    10.288 r  design_1_i/MM_ultra_top_0/inst/U_MM_ultra_axi/u_MM_ultra/u_MM_out_buffer/F_array_reg_0_i_16/O
                         net (fo=28, routed)          1.986    12.274    design_1_i/MM_ultra_top_0/inst/U_MM_ultra_axi/u_MM_ultra/u_MM_out_buffer/out_F_array_addr[10]
    RAMB36_X4Y14         RAMB36E1                                     r  design_1_i/MM_ultra_top_0/inst/U_MM_ultra_axi/u_MM_ultra/u_MM_out_buffer/F_array_reg_21/ADDRBWRADDR[13]
  -------------------------------------------------------------------    -------------------

                         (clock clk_fpga_0 rise edge)
                                                     10.000    10.000 r  
    PS7_X0Y0             PS7                          0.000    10.000 r  design_1_i/processing_system7_0/inst/PS7_i/FCLKCLK[0]
                         net (fo=1, routed)           1.088    11.088    design_1_i/processing_system7_0/inst/FCLK_CLK_unbuffered[0]
    BUFGCTRL_X0Y16       BUFG (Prop_bufg_I_O)         0.091    11.179 r  design_1_i/processing_system7_0/inst/buffer_fclk_clk_0.FCLK_CLK_0_BUFG/O
                         net (fo=32901, routed)       1.635    12.814    design_1_i/MM_ultra_top_0/inst/U_MM_ultra_axi/u_MM_ultra/u_MM_out_buffer/aclk
    RAMB36_X4Y14         RAMB36E1                                     r  design_1_i/MM_ultra_top_0/inst/U_MM_ultra_axi/u_MM_ultra/u_MM_out_buffer/F_array_reg_21/CLKBWRCLK
                         clock pessimism              0.129    12.943    
                         clock uncertainty           -0.154    12.789    
    RAMB36_X4Y14         RAMB36E1 (Setup_ramb36e1_CLKBWRCLK_ADDRBWRADDR[13])
                                                     -0.566    12.223    design_1_i/MM_ultra_top_0/inst/U_MM_ultra_axi/u_MM_ultra/u_MM_out_buffer/F_array_reg_21
  -------------------------------------------------------------------
                         required time                         12.223    
                         arrival time                         -12.274    
  -------------------------------------------------------------------
                         slack                                 -0.051    

Slack (VIOLATED) :        -0.030ns  (required time - arrival time)
  Source:                 design_1_i/MM_ultra_top_0/inst/U_MM_ultra_axi/u_MM_ultra/F_length_reg[2]/C
                            (rising edge-triggered cell FDRE clocked by clk_fpga_0  {rise@0.000ns fall@5.000ns period=10.000ns})
  Destination:            design_1_i/MM_ultra_top_0/inst/U_MM_ultra_axi/u_MM_ultra/u_MM_out_buffer/F_array_reg_55/ADDRBWRADDR[14]
                            (rising edge-triggered cell RAMB36E1 clocked by clk_fpga_0  {rise@0.000ns fall@5.000ns period=10.000ns})
  Path Group:             clk_fpga_0
  Path Type:              Setup (Max at Slow Process Corner)
  Requirement:            10.000ns  (clk_fpga_0 rise@10.000ns - clk_fpga_0 rise@0.000ns)
  Data Path Delay:        9.484ns  (logic 3.524ns (37.159%)  route 5.960ns (62.841%))
  Logic Levels:           9  (CARRY4=4 LUT2=1 LUT4=1 LUT5=1 LUT6=2)
  Clock Path Skew:        0.174ns (DCD - SCD + CPR)
    Destination Clock Delay (DCD):    2.990ns = ( 12.990 - 10.000 ) 
    Source Clock Delay      (SCD):    2.945ns
    Clock Pessimism Removal (CPR):    0.129ns
  Clock Uncertainty:      0.154ns  ((TSJ^2 + TIJ^2)^1/2 + DJ) / 2 + PE
    Total System Jitter     (TSJ):    0.071ns
    Total Input Jitter      (TIJ):    0.300ns
    Discrete Jitter          (DJ):    0.000ns
    Phase Error              (PE):    0.000ns

    Location             Delay type                Incr(ns)  Path(ns)    Netlist Resource(s)
  -------------------------------------------------------------------    -------------------
                         (clock clk_fpga_0 rise edge)
                                                      0.000     0.000 r  
    PS7_X0Y0             PS7                          0.000     0.000 r  design_1_i/processing_system7_0/inst/PS7_i/FCLKCLK[0]
                         net (fo=1, routed)           1.193     1.193    design_1_i/processing_system7_0/inst/FCLK_CLK_unbuffered[0]
    BUFGCTRL_X0Y16       BUFG (Prop_bufg_I_O)         0.101     1.294 r  design_1_i/processing_system7_0/inst/buffer_fclk_clk_0.FCLK_CLK_0_BUFG/O
                         net (fo=32901, routed)       1.651     2.945    design_1_i/MM_ultra_top_0/inst/U_MM_ultra_axi/u_MM_ultra/aclk
    SLICE_X48Y99         FDRE                                         r  design_1_i/MM_ultra_top_0/inst/U_MM_ultra_axi/u_MM_ultra/F_length_reg[2]/C
  -------------------------------------------------------------------    -------------------
    SLICE_X48Y99         FDRE (Prop_fdre_C_Q)         0.456     3.401 r  design_1_i/MM_ultra_top_0/inst/U_MM_ultra_axi/u_MM_ultra/F_length_reg[2]/Q
                         net (fo=46, routed)          1.032     4.433    design_1_i/MM_ultra_top_0/inst/U_MM_ultra_axi/u_MM_ultra/u_MM_out_buffer/out_data_col_addr_reg[4]_i_4_0[2]
    SLICE_X48Y100        LUT6 (Prop_lut6_I3_O)        0.124     4.557 r  design_1_i/MM_ultra_top_0/inst/U_MM_ultra_axi/u_MM_ultra/u_MM_out_buffer/clear_addr[11]_i_33/O
                         net (fo=2, routed)           0.667     5.224    design_1_i/MM_ultra_top_0/inst/U_MM_ultra_axi/u_MM_ultra/u_MM_out_buffer/clear_addr[11]_i_33_n_0
    SLICE_X49Y100        LUT6 (Prop_lut6_I0_O)        0.124     5.348 r  design_1_i/MM_ultra_top_0/inst/U_MM_ultra_axi/u_MM_ultra/u_MM_out_buffer/clear_addr[11]_i_37/O
                         net (fo=1, routed)           0.000     5.348    design_1_i/MM_ultra_top_0/inst/U_MM_ultra_axi/u_MM_ultra/u_MM_out_buffer/clear_addr[11]_i_37_n_0
    SLICE_X49Y100        CARRY4 (Prop_carry4_S[0]_O[2])
                                                      0.547     5.895 r  design_1_i/MM_ultra_top_0/inst/U_MM_ultra_axi/u_MM_ultra/u_MM_out_buffer/clear_addr_reg[11]_i_21/O[2]
                         net (fo=2, routed)           0.369     6.264    design_1_i/MM_ultra_top_0/inst/U_MM_ultra_axi/u_MM_ultra/u_MM_out_buffer/clear_addr_reg[11]_i_21_n_5
    SLICE_X48Y100        LUT5 (Prop_lut5_I2_O)        0.302     6.566 r  design_1_i/MM_ultra_top_0/inst/U_MM_ultra_axi/u_MM_ultra/u_MM_out_buffer/clear_addr[7]_i_13/O
                         net (fo=2, routed)           0.685     7.251    design_1_i/MM_ultra_top_0/inst/U_MM_ultra_axi/u_MM_ultra/u_MM_out_buffer/clear_addr[7]_i_13_n_0
    SLICE_X50Y99         CARRY4 (Prop_carry4_DI[3]_CO[3])
                                                      0.396     7.647 r  design_1_i/MM_ultra_top_0/inst/U_MM_ultra_axi/u_MM_ultra/u_MM_out_buffer/clear_addr_reg[7]_i_8/CO[3]
                         net (fo=1, routed)           0.001     7.648    design_1_i/MM_ultra_top_0/inst/U_MM_ultra_axi/u_MM_ultra/u_MM_out_buffer/clear_addr_reg[7]_i_8_n_0
    SLICE_X50Y100        CARRY4 (Prop_carry4_CI_O[1])
                                                      0.323     7.971 r  design_1_i/MM_ultra_top_0/inst/U_MM_ultra_axi/u_MM_ultra/u_MM_out_buffer/clear_addr_reg[11]_i_9/O[1]
                         net (fo=2, routed)           0.579     8.550    design_1_i/MM_ultra_top_0/inst/U_MM_ultra_axi/u_MM_ultra/u_MM_out_buffer/clear_addr_reg[11]_i_9_n_6
    SLICE_X52Y100        LUT2 (Prop_lut2_I0_O)        0.306     8.856 r  design_1_i/MM_ultra_top_0/inst/U_MM_ultra_axi/u_MM_ultra/u_MM_out_buffer/clear_addr[11]_i_10/O
                         net (fo=1, routed)           0.000     8.856    design_1_i/MM_ultra_top_0/inst/U_MM_ultra_axi/u_MM_ultra/u_MM_out_buffer/clear_addr[11]_i_10_n_0
    SLICE_X52Y100        CARRY4 (Prop_carry4_S[1]_O[3])
                                                      0.640     9.496 r  design_1_i/MM_ultra_top_0/inst/U_MM_ultra_axi/u_MM_ultra/u_MM_out_buffer/clear_addr_reg[11]_i_4/O[3]
                         net (fo=3, routed)           0.472     9.968    design_1_i/MM_ultra_top_0/inst/U_MM_ultra_axi/u_MM_ultra/u_MM_out_buffer/out_data_addr[11]
    SLICE_X53Y104        LUT4 (Prop_lut4_I0_O)        0.306    10.274 r  design_1_i/MM_ultra_top_0/inst/U_MM_ultra_axi/u_MM_ultra/u_MM_out_buffer/F_array_reg_28_i_15/O
                         net (fo=28, routed)          2.154    12.429    design_1_i/MM_ultra_top_0/inst/U_MM_ultra_axi/u_MM_ultra/u_MM_out_buffer/F_array_reg_28_i_15_n_0
    RAMB36_X5Y25         RAMB36E1                                     r  design_1_i/MM_ultra_top_0/inst/U_MM_ultra_axi/u_MM_ultra/u_MM_out_buffer/F_array_reg_55/ADDRBWRADDR[14]
  -------------------------------------------------------------------    -------------------

                         (clock clk_fpga_0 rise edge)
                                                     10.000    10.000 r  
    PS7_X0Y0             PS7                          0.000    10.000 r  design_1_i/processing_system7_0/inst/PS7_i/FCLKCLK[0]
                         net (fo=1, routed)           1.088    11.088    design_1_i/processing_system7_0/inst/FCLK_CLK_unbuffered[0]
    BUFGCTRL_X0Y16       BUFG (Prop_bufg_I_O)         0.091    11.179 r  design_1_i/processing_system7_0/inst/buffer_fclk_clk_0.FCLK_CLK_0_BUFG/O
                         net (fo=32901, routed)       1.811    12.990    design_1_i/MM_ultra_top_0/inst/U_MM_ultra_axi/u_MM_ultra/u_MM_out_buffer/aclk
    RAMB36_X5Y25         RAMB36E1                                     r  design_1_i/MM_ultra_top_0/inst/U_MM_ultra_axi/u_MM_ultra/u_MM_out_buffer/F_array_reg_55/CLKBWRCLK
                         clock pessimism              0.129    13.119    
                         clock uncertainty           -0.154    12.964    
    RAMB36_X5Y25         RAMB36E1 (Setup_ramb36e1_CLKBWRCLK_ADDRBWRADDR[14])
                                                     -0.566    12.398    design_1_i/MM_ultra_top_0/inst/U_MM_ultra_axi/u_MM_ultra/u_MM_out_buffer/F_array_reg_55
  -------------------------------------------------------------------
                         required time                         12.398    
                         arrival time                         -12.429    
  -------------------------------------------------------------------
                         slack                                 -0.030    

Slack (VIOLATED) :        -0.030ns  (required time - arrival time)
  Source:                 design_1_i/MM_ultra_top_0/inst/U_MM_ultra_axi/u_MM_ultra/F_length_reg[2]/C
                            (rising edge-triggered cell FDRE clocked by clk_fpga_0  {rise@0.000ns fall@5.000ns period=10.000ns})
  Destination:            design_1_i/MM_ultra_top_0/inst/U_MM_ultra_axi/u_MM_ultra/u_MM_out_buffer/F_array_reg_21/ADDRBWRADDR[14]
                            (rising edge-triggered cell RAMB36E1 clocked by clk_fpga_0  {rise@0.000ns fall@5.000ns period=10.000ns})
  Path Group:             clk_fpga_0
  Path Type:              Setup (Max at Slow Process Corner)
  Requirement:            10.000ns  (clk_fpga_0 rise@10.000ns - clk_fpga_0 rise@0.000ns)
  Data Path Delay:        9.308ns  (logic 3.524ns (37.861%)  route 5.784ns (62.139%))
  Logic Levels:           9  (CARRY4=4 LUT2=1 LUT4=1 LUT5=1 LUT6=2)
  Clock Path Skew:        -0.002ns (DCD - SCD + CPR)
    Destination Clock Delay (DCD):    2.814ns = ( 12.814 - 10.000 ) 
    Source Clock Delay      (SCD):    2.945ns
    Clock Pessimism Removal (CPR):    0.129ns
  Clock Uncertainty:      0.154ns  ((TSJ^2 + TIJ^2)^1/2 + DJ) / 2 + PE
    Total System Jitter     (TSJ):    0.071ns
    Total Input Jitter      (TIJ):    0.300ns
    Discrete Jitter          (DJ):    0.000ns
    Phase Error              (PE):    0.000ns

    Location             Delay type                Incr(ns)  Path(ns)    Netlist Resource(s)
  -------------------------------------------------------------------    -------------------
                         (clock clk_fpga_0 rise edge)
                                                      0.000     0.000 r  
    PS7_X0Y0             PS7                          0.000     0.000 r  design_1_i/processing_system7_0/inst/PS7_i/FCLKCLK[0]
                         net (fo=1, routed)           1.193     1.193    design_1_i/processing_system7_0/inst/FCLK_CLK_unbuffered[0]
    BUFGCTRL_X0Y16       BUFG (Prop_bufg_I_O)         0.101     1.294 r  design_1_i/processing_system7_0/inst/buffer_fclk_clk_0.FCLK_CLK_0_BUFG/O
                         net (fo=32901, routed)       1.651     2.945    design_1_i/MM_ultra_top_0/inst/U_MM_ultra_axi/u_MM_ultra/aclk
    SLICE_X48Y99         FDRE                                         r  design_1_i/MM_ultra_top_0/inst/U_MM_ultra_axi/u_MM_ultra/F_length_reg[2]/C
  -------------------------------------------------------------------    -------------------
    SLICE_X48Y99         FDRE (Prop_fdre_C_Q)         0.456     3.401 r  design_1_i/MM_ultra_top_0/inst/U_MM_ultra_axi/u_MM_ultra/F_length_reg[2]/Q
                         net (fo=46, routed)          1.032     4.433    design_1_i/MM_ultra_top_0/inst/U_MM_ultra_axi/u_MM_ultra/u_MM_out_buffer/out_data_col_addr_reg[4]_i_4_0[2]
    SLICE_X48Y100        LUT6 (Prop_lut6_I3_O)        0.124     4.557 r  design_1_i/MM_ultra_top_0/inst/U_MM_ultra_axi/u_MM_ultra/u_MM_out_buffer/clear_addr[11]_i_33/O
                         net (fo=2, routed)           0.667     5.224    design_1_i/MM_ultra_top_0/inst/U_MM_ultra_axi/u_MM_ultra/u_MM_out_buffer/clear_addr[11]_i_33_n_0
    SLICE_X49Y100        LUT6 (Prop_lut6_I0_O)        0.124     5.348 r  design_1_i/MM_ultra_top_0/inst/U_MM_ultra_axi/u_MM_ultra/u_MM_out_buffer/clear_addr[11]_i_37/O
                         net (fo=1, routed)           0.000     5.348    design_1_i/MM_ultra_top_0/inst/U_MM_ultra_axi/u_MM_ultra/u_MM_out_buffer/clear_addr[11]_i_37_n_0
    SLICE_X49Y100        CARRY4 (Prop_carry4_S[0]_O[2])
                                                      0.547     5.895 r  design_1_i/MM_ultra_top_0/inst/U_MM_ultra_axi/u_MM_ultra/u_MM_out_buffer/clear_addr_reg[11]_i_21/O[2]
                         net (fo=2, routed)           0.369     6.264    design_1_i/MM_ultra_top_0/inst/U_MM_ultra_axi/u_MM_ultra/u_MM_out_buffer/clear_addr_reg[11]_i_21_n_5
    SLICE_X48Y100        LUT5 (Prop_lut5_I2_O)        0.302     6.566 r  design_1_i/MM_ultra_top_0/inst/U_MM_ultra_axi/u_MM_ultra/u_MM_out_buffer/clear_addr[7]_i_13/O
                         net (fo=2, routed)           0.685     7.251    design_1_i/MM_ultra_top_0/inst/U_MM_ultra_axi/u_MM_ultra/u_MM_out_buffer/clear_addr[7]_i_13_n_0
    SLICE_X50Y99         CARRY4 (Prop_carry4_DI[3]_CO[3])
                                                      0.396     7.647 r  design_1_i/MM_ultra_top_0/inst/U_MM_ultra_axi/u_MM_ultra/u_MM_out_buffer/clear_addr_reg[7]_i_8/CO[3]
                         net (fo=1, routed)           0.001     7.648    design_1_i/MM_ultra_top_0/inst/U_MM_ultra_axi/u_MM_ultra/u_MM_out_buffer/clear_addr_reg[7]_i_8_n_0
    SLICE_X50Y100        CARRY4 (Prop_carry4_CI_O[1])
                                                      0.323     7.971 r  design_1_i/MM_ultra_top_0/inst/U_MM_ultra_axi/u_MM_ultra/u_MM_out_buffer/clear_addr_reg[11]_i_9/O[1]
                         net (fo=2, routed)           0.579     8.550    design_1_i/MM_ultra_top_0/inst/U_MM_ultra_axi/u_MM_ultra/u_MM_out_buffer/clear_addr_reg[11]_i_9_n_6
    SLICE_X52Y100        LUT2 (Prop_lut2_I0_O)        0.306     8.856 r  design_1_i/MM_ultra_top_0/inst/U_MM_ultra_axi/u_MM_ultra/u_MM_out_buffer/clear_addr[11]_i_10/O
                         net (fo=1, routed)           0.000     8.856    design_1_i/MM_ultra_top_0/inst/U_MM_ultra_axi/u_MM_ultra/u_MM_out_buffer/clear_addr[11]_i_10_n_0
    SLICE_X52Y100        CARRY4 (Prop_carry4_S[1]_O[3])
                                                      0.640     9.496 r  design_1_i/MM_ultra_top_0/inst/U_MM_ultra_axi/u_MM_ultra/u_MM_out_buffer/clear_addr_reg[11]_i_4/O[3]
                         net (fo=3, routed)           0.784    10.280    design_1_i/MM_ultra_top_0/inst/U_MM_ultra_axi/u_MM_ultra/u_MM_out_buffer/out_data_addr[11]
    SLICE_X63Y95         LUT4 (Prop_lut4_I0_O)        0.306    10.586 r  design_1_i/MM_ultra_top_0/inst/U_MM_ultra_axi/u_MM_ultra/u_MM_out_buffer/F_array_reg_0_i_15/O
                         net (fo=28, routed)          1.667    12.253    design_1_i/MM_ultra_top_0/inst/U_MM_ultra_axi/u_MM_ultra/u_MM_out_buffer/out_F_array_addr[11]
    RAMB36_X4Y14         RAMB36E1                                     r  design_1_i/MM_ultra_top_0/inst/U_MM_ultra_axi/u_MM_ultra/u_MM_out_buffer/F_array_reg_21/ADDRBWRADDR[14]
  -------------------------------------------------------------------    -------------------

                         (clock clk_fpga_0 rise edge)
                                                     10.000    10.000 r  
    PS7_X0Y0             PS7                          0.000    10.000 r  design_1_i/processing_system7_0/inst/PS7_i/FCLKCLK[0]
                         net (fo=1, routed)           1.088    11.088    design_1_i/processing_system7_0/inst/FCLK_CLK_unbuffered[0]
    BUFGCTRL_X0Y16       BUFG (Prop_bufg_I_O)         0.091    11.179 r  design_1_i/processing_system7_0/inst/buffer_fclk_clk_0.FCLK_CLK_0_BUFG/O
                         net (fo=32901, routed)       1.635    12.814    design_1_i/MM_ultra_top_0/inst/U_MM_ultra_axi/u_MM_ultra/u_MM_out_buffer/aclk
    RAMB36_X4Y14         RAMB36E1                                     r  design_1_i/MM_ultra_top_0/inst/U_MM_ultra_axi/u_MM_ultra/u_MM_out_buffer/F_array_reg_21/CLKBWRCLK
                         clock pessimism              0.129    12.943    
                         clock uncertainty           -0.154    12.789    
    RAMB36_X4Y14         RAMB36E1 (Setup_ramb36e1_CLKBWRCLK_ADDRBWRADDR[14])
                                                     -0.566    12.223    design_1_i/MM_ultra_top_0/inst/U_MM_ultra_axi/u_MM_ultra/u_MM_out_buffer/F_array_reg_21
  -------------------------------------------------------------------
                         required time                         12.223    
                         arrival time                         -12.253    
  -------------------------------------------------------------------
                         slack                                 -0.030    

Slack (VIOLATED) :        -0.028ns  (required time - arrival time)
  Source:                 design_1_i/MM_ultra_top_0/inst/U_MM_ultra_axi/u_MM_ultra/F_length_reg[2]/C
                            (rising edge-triggered cell FDRE clocked by clk_fpga_0  {rise@0.000ns fall@5.000ns period=10.000ns})
  Destination:            design_1_i/MM_ultra_top_0/inst/U_MM_ultra_axi/u_MM_ultra/u_MM_out_buffer/F_array_reg_39/ADDRBWRADDR[14]
                            (rising edge-triggered cell RAMB36E1 clocked by clk_fpga_0  {rise@0.000ns fall@5.000ns period=10.000ns})
  Path Group:             clk_fpga_0
  Path Type:              Setup (Max at Slow Process Corner)
  Requirement:            10.000ns  (clk_fpga_0 rise@10.000ns - clk_fpga_0 rise@0.000ns)
  Data Path Delay:        9.362ns  (logic 3.524ns (37.642%)  route 5.838ns (62.358%))
  Logic Levels:           9  (CARRY4=4 LUT2=1 LUT4=1 LUT5=1 LUT6=2)
  Clock Path Skew:        0.054ns (DCD - SCD + CPR)
    Destination Clock Delay (DCD):    2.870ns = ( 12.870 - 10.000 ) 
    Source Clock Delay      (SCD):    2.945ns
    Clock Pessimism Removal (CPR):    0.129ns
  Clock Uncertainty:      0.154ns  ((TSJ^2 + TIJ^2)^1/2 + DJ) / 2 + PE
    Total System Jitter     (TSJ):    0.071ns
    Total Input Jitter      (TIJ):    0.300ns
    Discrete Jitter          (DJ):    0.000ns
    Phase Error              (PE):    0.000ns

    Location             Delay type                Incr(ns)  Path(ns)    Netlist Resource(s)
  -------------------------------------------------------------------    -------------------
                         (clock clk_fpga_0 rise edge)
                                                      0.000     0.000 r  
    PS7_X0Y0             PS7                          0.000     0.000 r  design_1_i/processing_system7_0/inst/PS7_i/FCLKCLK[0]
                         net (fo=1, routed)           1.193     1.193    design_1_i/processing_system7_0/inst/FCLK_CLK_unbuffered[0]
    BUFGCTRL_X0Y16       BUFG (Prop_bufg_I_O)         0.101     1.294 r  design_1_i/processing_system7_0/inst/buffer_fclk_clk_0.FCLK_CLK_0_BUFG/O
                         net (fo=32901, routed)       1.651     2.945    design_1_i/MM_ultra_top_0/inst/U_MM_ultra_axi/u_MM_ultra/aclk
    SLICE_X48Y99         FDRE                                         r  design_1_i/MM_ultra_top_0/inst/U_MM_ultra_axi/u_MM_ultra/F_length_reg[2]/C
  -------------------------------------------------------------------    -------------------
    SLICE_X48Y99         FDRE (Prop_fdre_C_Q)         0.456     3.401 r  design_1_i/MM_ultra_top_0/inst/U_MM_ultra_axi/u_MM_ultra/F_length_reg[2]/Q
                         net (fo=46, routed)          1.032     4.433    design_1_i/MM_ultra_top_0/inst/U_MM_ultra_axi/u_MM_ultra/u_MM_out_buffer/out_data_col_addr_reg[4]_i_4_0[2]
    SLICE_X48Y100        LUT6 (Prop_lut6_I3_O)        0.124     4.557 r  design_1_i/MM_ultra_top_0/inst/U_MM_ultra_axi/u_MM_ultra/u_MM_out_buffer/clear_addr[11]_i_33/O
                         net (fo=2, routed)           0.667     5.224    design_1_i/MM_ultra_top_0/inst/U_MM_ultra_axi/u_MM_ultra/u_MM_out_buffer/clear_addr[11]_i_33_n_0
    SLICE_X49Y100        LUT6 (Prop_lut6_I0_O)        0.124     5.348 r  design_1_i/MM_ultra_top_0/inst/U_MM_ultra_axi/u_MM_ultra/u_MM_out_buffer/clear_addr[11]_i_37/O
                         net (fo=1, routed)           0.000     5.348    design_1_i/MM_ultra_top_0/inst/U_MM_ultra_axi/u_MM_ultra/u_MM_out_buffer/clear_addr[11]_i_37_n_0
    SLICE_X49Y100        CARRY4 (Prop_carry4_S[0]_O[2])
                                                      0.547     5.895 r  design_1_i/MM_ultra_top_0/inst/U_MM_ultra_axi/u_MM_ultra/u_MM_out_buffer/clear_addr_reg[11]_i_21/O[2]
                         net (fo=2, routed)           0.369     6.264    design_1_i/MM_ultra_top_0/inst/U_MM_ultra_axi/u_MM_ultra/u_MM_out_buffer/clear_addr_reg[11]_i_21_n_5
    SLICE_X48Y100        LUT5 (Prop_lut5_I2_O)        0.302     6.566 r  design_1_i/MM_ultra_top_0/inst/U_MM_ultra_axi/u_MM_ultra/u_MM_out_buffer/clear_addr[7]_i_13/O
                         net (fo=2, routed)           0.685     7.251    design_1_i/MM_ultra_top_0/inst/U_MM_ultra_axi/u_MM_ultra/u_MM_out_buffer/clear_addr[7]_i_13_n_0
    SLICE_X50Y99         CARRY4 (Prop_carry4_DI[3]_CO[3])
                                                      0.396     7.647 r  design_1_i/MM_ultra_top_0/inst/U_MM_ultra_axi/u_MM_ultra/u_MM_out_buffer/clear_addr_reg[7]_i_8/CO[3]
                         net (fo=1, routed)           0.001     7.648    design_1_i/MM_ultra_top_0/inst/U_MM_ultra_axi/u_MM_ultra/u_MM_out_buffer/clear_addr_reg[7]_i_8_n_0
    SLICE_X50Y100        CARRY4 (Prop_carry4_CI_O[1])
                                                      0.323     7.971 r  design_1_i/MM_ultra_top_0/inst/U_MM_ultra_axi/u_MM_ultra/u_MM_out_buffer/clear_addr_reg[11]_i_9/O[1]
                         net (fo=2, routed)           0.579     8.550    design_1_i/MM_ultra_top_0/inst/U_MM_ultra_axi/u_MM_ultra/u_MM_out_buffer/clear_addr_reg[11]_i_9_n_6
    SLICE_X52Y100        LUT2 (Prop_lut2_I0_O)        0.306     8.856 r  design_1_i/MM_ultra_top_0/inst/U_MM_ultra_axi/u_MM_ultra/u_MM_out_buffer/clear_addr[11]_i_10/O
                         net (fo=1, routed)           0.000     8.856    design_1_i/MM_ultra_top_0/inst/U_MM_ultra_axi/u_MM_ultra/u_MM_out_buffer/clear_addr[11]_i_10_n_0
    SLICE_X52Y100        CARRY4 (Prop_carry4_S[1]_O[3])
                                                      0.640     9.496 r  design_1_i/MM_ultra_top_0/inst/U_MM_ultra_axi/u_MM_ultra/u_MM_out_buffer/clear_addr_reg[11]_i_4/O[3]
                         net (fo=3, routed)           0.472     9.968    design_1_i/MM_ultra_top_0/inst/U_MM_ultra_axi/u_MM_ultra/u_MM_out_buffer/out_data_addr[11]
    SLICE_X53Y104        LUT4 (Prop_lut4_I0_O)        0.306    10.274 r  design_1_i/MM_ultra_top_0/inst/U_MM_ultra_axi/u_MM_ultra/u_MM_out_buffer/F_array_reg_28_i_15/O
                         net (fo=28, routed)          2.033    12.307    design_1_i/MM_ultra_top_0/inst/U_MM_ultra_axi/u_MM_ultra/u_MM_out_buffer/F_array_reg_28_i_15_n_0
    RAMB36_X2Y27         RAMB36E1                                     r  design_1_i/MM_ultra_top_0/inst/U_MM_ultra_axi/u_MM_ultra/u_MM_out_buffer/F_array_reg_39/ADDRBWRADDR[14]
  -------------------------------------------------------------------    -------------------

                         (clock clk_fpga_0 rise edge)
                                                     10.000    10.000 r  
    PS7_X0Y0             PS7                          0.000    10.000 r  design_1_i/processing_system7_0/inst/PS7_i/FCLKCLK[0]
                         net (fo=1, routed)           1.088    11.088    design_1_i/processing_system7_0/inst/FCLK_CLK_unbuffered[0]
    BUFGCTRL_X0Y16       BUFG (Prop_bufg_I_O)         0.091    11.179 r  design_1_i/processing_system7_0/inst/buffer_fclk_clk_0.FCLK_CLK_0_BUFG/O
                         net (fo=32901, routed)       1.691    12.870    design_1_i/MM_ultra_top_0/inst/U_MM_ultra_axi/u_MM_ultra/u_MM_out_buffer/aclk
    RAMB36_X2Y27         RAMB36E1                                     r  design_1_i/MM_ultra_top_0/inst/U_MM_ultra_axi/u_MM_ultra/u_MM_out_buffer/F_array_reg_39/CLKBWRCLK
                         clock pessimism              0.129    12.999    
                         clock uncertainty           -0.154    12.844    
    RAMB36_X2Y27         RAMB36E1 (Setup_ramb36e1_CLKBWRCLK_ADDRBWRADDR[14])
                                                     -0.566    12.278    design_1_i/MM_ultra_top_0/inst/U_MM_ultra_axi/u_MM_ultra/u_MM_out_buffer/F_array_reg_39
  -------------------------------------------------------------------
                         required time                         12.278    
                         arrival time                         -12.307    
  -------------------------------------------------------------------
                         slack                                 -0.028    

Slack (VIOLATED) :        -0.024ns  (required time - arrival time)
  Source:                 design_1_i/MM_ultra_top_0/inst/U_MM_ultra_axi/u_MM_ultra/F_length_reg[2]/C
                            (rising edge-triggered cell FDRE clocked by clk_fpga_0  {rise@0.000ns fall@5.000ns period=10.000ns})
  Destination:            design_1_i/MM_ultra_top_0/inst/U_MM_ultra_axi/u_MM_ultra/u_MM_out_buffer/F_array_reg_3/ADDRBWRADDR[13]
                            (rising edge-triggered cell RAMB36E1 clocked by clk_fpga_0  {rise@0.000ns fall@5.000ns period=10.000ns})
  Path Group:             clk_fpga_0
  Path Type:              Setup (Max at Slow Process Corner)
  Requirement:            10.000ns  (clk_fpga_0 rise@10.000ns - clk_fpga_0 rise@0.000ns)
  Data Path Delay:        9.313ns  (logic 3.460ns (37.152%)  route 5.853ns (62.848%))
  Logic Levels:           9  (CARRY4=4 LUT2=1 LUT4=1 LUT5=1 LUT6=2)
  Clock Path Skew:        0.009ns (DCD - SCD + CPR)
    Destination Clock Delay (DCD):    2.825ns = ( 12.825 - 10.000 ) 
    Source Clock Delay      (SCD):    2.945ns
    Clock Pessimism Removal (CPR):    0.129ns
  Clock Uncertainty:      0.154ns  ((TSJ^2 + TIJ^2)^1/2 + DJ) / 2 + PE
    Total System Jitter     (TSJ):    0.071ns
    Total Input Jitter      (TIJ):    0.300ns
    Discrete Jitter          (DJ):    0.000ns
    Phase Error              (PE):    0.000ns

    Location             Delay type                Incr(ns)  Path(ns)    Netlist Resource(s)
  -------------------------------------------------------------------    -------------------
                         (clock clk_fpga_0 rise edge)
                                                      0.000     0.000 r  
    PS7_X0Y0             PS7                          0.000     0.000 r  design_1_i/processing_system7_0/inst/PS7_i/FCLKCLK[0]
                         net (fo=1, routed)           1.193     1.193    design_1_i/processing_system7_0/inst/FCLK_CLK_unbuffered[0]
    BUFGCTRL_X0Y16       BUFG (Prop_bufg_I_O)         0.101     1.294 r  design_1_i/processing_system7_0/inst/buffer_fclk_clk_0.FCLK_CLK_0_BUFG/O
                         net (fo=32901, routed)       1.651     2.945    design_1_i/MM_ultra_top_0/inst/U_MM_ultra_axi/u_MM_ultra/aclk
    SLICE_X48Y99         FDRE                                         r  design_1_i/MM_ultra_top_0/inst/U_MM_ultra_axi/u_MM_ultra/F_length_reg[2]/C
  -------------------------------------------------------------------    -------------------
    SLICE_X48Y99         FDRE (Prop_fdre_C_Q)         0.456     3.401 r  design_1_i/MM_ultra_top_0/inst/U_MM_ultra_axi/u_MM_ultra/F_length_reg[2]/Q
                         net (fo=46, routed)          1.032     4.433    design_1_i/MM_ultra_top_0/inst/U_MM_ultra_axi/u_MM_ultra/u_MM_out_buffer/out_data_col_addr_reg[4]_i_4_0[2]
    SLICE_X48Y100        LUT6 (Prop_lut6_I3_O)        0.124     4.557 r  design_1_i/MM_ultra_top_0/inst/U_MM_ultra_axi/u_MM_ultra/u_MM_out_buffer/clear_addr[11]_i_33/O
                         net (fo=2, routed)           0.667     5.224    design_1_i/MM_ultra_top_0/inst/U_MM_ultra_axi/u_MM_ultra/u_MM_out_buffer/clear_addr[11]_i_33_n_0
    SLICE_X49Y100        LUT6 (Prop_lut6_I0_O)        0.124     5.348 r  design_1_i/MM_ultra_top_0/inst/U_MM_ultra_axi/u_MM_ultra/u_MM_out_buffer/clear_addr[11]_i_37/O
                         net (fo=1, routed)           0.000     5.348    design_1_i/MM_ultra_top_0/inst/U_MM_ultra_axi/u_MM_ultra/u_MM_out_buffer/clear_addr[11]_i_37_n_0
    SLICE_X49Y100        CARRY4 (Prop_carry4_S[0]_O[2])
                                                      0.547     5.895 r  design_1_i/MM_ultra_top_0/inst/U_MM_ultra_axi/u_MM_ultra/u_MM_out_buffer/clear_addr_reg[11]_i_21/O[2]
                         net (fo=2, routed)           0.369     6.264    design_1_i/MM_ultra_top_0/inst/U_MM_ultra_axi/u_MM_ultra/u_MM_out_buffer/clear_addr_reg[11]_i_21_n_5
    SLICE_X48Y100        LUT5 (Prop_lut5_I2_O)        0.302     6.566 r  design_1_i/MM_ultra_top_0/inst/U_MM_ultra_axi/u_MM_ultra/u_MM_out_buffer/clear_addr[7]_i_13/O
                         net (fo=2, routed)           0.685     7.251    design_1_i/MM_ultra_top_0/inst/U_MM_ultra_axi/u_MM_ultra/u_MM_out_buffer/clear_addr[7]_i_13_n_0
    SLICE_X50Y99         CARRY4 (Prop_carry4_DI[3]_CO[3])
                                                      0.396     7.647 r  design_1_i/MM_ultra_top_0/inst/U_MM_ultra_axi/u_MM_ultra/u_MM_out_buffer/clear_addr_reg[7]_i_8/CO[3]
                         net (fo=1, routed)           0.001     7.648    design_1_i/MM_ultra_top_0/inst/U_MM_ultra_axi/u_MM_ultra/u_MM_out_buffer/clear_addr_reg[7]_i_8_n_0
    SLICE_X50Y100        CARRY4 (Prop_carry4_CI_O[1])
                                                      0.323     7.971 r  design_1_i/MM_ultra_top_0/inst/U_MM_ultra_axi/u_MM_ultra/u_MM_out_buffer/clear_addr_reg[11]_i_9/O[1]
                         net (fo=2, routed)           0.579     8.550    design_1_i/MM_ultra_top_0/inst/U_MM_ultra_axi/u_MM_ultra/u_MM_out_buffer/clear_addr_reg[11]_i_9_n_6
    SLICE_X52Y100        LUT2 (Prop_lut2_I0_O)        0.306     8.856 r  design_1_i/MM_ultra_top_0/inst/U_MM_ultra_axi/u_MM_ultra/u_MM_out_buffer/clear_addr[11]_i_10/O
                         net (fo=1, routed)           0.000     8.856    design_1_i/MM_ultra_top_0/inst/U_MM_ultra_axi/u_MM_ultra/u_MM_out_buffer/clear_addr[11]_i_10_n_0
    SLICE_X52Y100        CARRY4 (Prop_carry4_S[1]_O[2])
                                                      0.580     9.436 r  design_1_i/MM_ultra_top_0/inst/U_MM_ultra_axi/u_MM_ultra/u_MM_out_buffer/clear_addr_reg[11]_i_4/O[2]
                         net (fo=3, routed)           0.550     9.986    design_1_i/MM_ultra_top_0/inst/U_MM_ultra_axi/u_MM_ultra/u_MM_out_buffer/out_data_addr[10]
    SLICE_X54Y100        LUT4 (Prop_lut4_I0_O)        0.302    10.288 r  design_1_i/MM_ultra_top_0/inst/U_MM_ultra_axi/u_MM_ultra/u_MM_out_buffer/F_array_reg_0_i_16/O
                         net (fo=28, routed)          1.970    12.258    design_1_i/MM_ultra_top_0/inst/U_MM_ultra_axi/u_MM_ultra/u_MM_out_buffer/out_F_array_addr[10]
    RAMB36_X5Y17         RAMB36E1                                     r  design_1_i/MM_ultra_top_0/inst/U_MM_ultra_axi/u_MM_ultra/u_MM_out_buffer/F_array_reg_3/ADDRBWRADDR[13]
  -------------------------------------------------------------------    -------------------

                         (clock clk_fpga_0 rise edge)
                                                     10.000    10.000 r  
    PS7_X0Y0             PS7                          0.000    10.000 r  design_1_i/processing_system7_0/inst/PS7_i/FCLKCLK[0]
                         net (fo=1, routed)           1.088    11.088    design_1_i/processing_system7_0/inst/FCLK_CLK_unbuffered[0]
    BUFGCTRL_X0Y16       BUFG (Prop_bufg_I_O)         0.091    11.179 r  design_1_i/processing_system7_0/inst/buffer_fclk_clk_0.FCLK_CLK_0_BUFG/O
                         net (fo=32901, routed)       1.646    12.825    design_1_i/MM_ultra_top_0/inst/U_MM_ultra_axi/u_MM_ultra/u_MM_out_buffer/aclk
    RAMB36_X5Y17         RAMB36E1                                     r  design_1_i/MM_ultra_top_0/inst/U_MM_ultra_axi/u_MM_ultra/u_MM_out_buffer/F_array_reg_3/CLKBWRCLK
                         clock pessimism              0.129    12.954    
                         clock uncertainty           -0.154    12.800    
    RAMB36_X5Y17         RAMB36E1 (Setup_ramb36e1_CLKBWRCLK_ADDRBWRADDR[13])
                                                     -0.566    12.234    design_1_i/MM_ultra_top_0/inst/U_MM_ultra_axi/u_MM_ultra/u_MM_out_buffer/F_array_reg_3
  -------------------------------------------------------------------
                         required time                         12.234    
                         arrival time                         -12.258    
  -------------------------------------------------------------------
                         slack                                 -0.024    

Slack (VIOLATED) :        -0.022ns  (required time - arrival time)
  Source:                 design_1_i/MM_ultra_top_0/inst/U_MM_ultra_axi/u_MM_ultra/F_length_reg[2]/C
                            (rising edge-triggered cell FDRE clocked by clk_fpga_0  {rise@0.000ns fall@5.000ns period=10.000ns})
  Destination:            design_1_i/MM_ultra_top_0/inst/U_MM_ultra_axi/u_MM_ultra/u_MM_out_buffer/F_array_reg_47/ADDRBWRADDR[13]
                            (rising edge-triggered cell RAMB36E1 clocked by clk_fpga_0  {rise@0.000ns fall@5.000ns period=10.000ns})
  Path Group:             clk_fpga_0
  Path Type:              Setup (Max at Slow Process Corner)
  Requirement:            10.000ns  (clk_fpga_0 rise@10.000ns - clk_fpga_0 rise@0.000ns)
  Data Path Delay:        9.359ns  (logic 3.460ns (36.970%)  route 5.899ns (63.030%))
  Logic Levels:           9  (CARRY4=4 LUT2=1 LUT4=1 LUT5=1 LUT6=2)
  Clock Path Skew:        0.058ns (DCD - SCD + CPR)
    Destination Clock Delay (DCD):    2.874ns = ( 12.874 - 10.000 ) 
    Source Clock Delay      (SCD):    2.945ns
    Clock Pessimism Removal (CPR):    0.129ns
  Clock Uncertainty:      0.154ns  ((TSJ^2 + TIJ^2)^1/2 + DJ) / 2 + PE
    Total System Jitter     (TSJ):    0.071ns
    Total Input Jitter      (TIJ):    0.300ns
    Discrete Jitter          (DJ):    0.000ns
    Phase Error              (PE):    0.000ns

    Location             Delay type                Incr(ns)  Path(ns)    Netlist Resource(s)
  -------------------------------------------------------------------    -------------------
                         (clock clk_fpga_0 rise edge)
                                                      0.000     0.000 r  
    PS7_X0Y0             PS7                          0.000     0.000 r  design_1_i/processing_system7_0/inst/PS7_i/FCLKCLK[0]
                         net (fo=1, routed)           1.193     1.193    design_1_i/processing_system7_0/inst/FCLK_CLK_unbuffered[0]
    BUFGCTRL_X0Y16       BUFG (Prop_bufg_I_O)         0.101     1.294 r  design_1_i/processing_system7_0/inst/buffer_fclk_clk_0.FCLK_CLK_0_BUFG/O
                         net (fo=32901, routed)       1.651     2.945    design_1_i/MM_ultra_top_0/inst/U_MM_ultra_axi/u_MM_ultra/aclk
    SLICE_X48Y99         FDRE                                         r  design_1_i/MM_ultra_top_0/inst/U_MM_ultra_axi/u_MM_ultra/F_length_reg[2]/C
  -------------------------------------------------------------------    -------------------
    SLICE_X48Y99         FDRE (Prop_fdre_C_Q)         0.456     3.401 r  design_1_i/MM_ultra_top_0/inst/U_MM_ultra_axi/u_MM_ultra/F_length_reg[2]/Q
                         net (fo=46, routed)          1.032     4.433    design_1_i/MM_ultra_top_0/inst/U_MM_ultra_axi/u_MM_ultra/u_MM_out_buffer/out_data_col_addr_reg[4]_i_4_0[2]
    SLICE_X48Y100        LUT6 (Prop_lut6_I3_O)        0.124     4.557 r  design_1_i/MM_ultra_top_0/inst/U_MM_ultra_axi/u_MM_ultra/u_MM_out_buffer/clear_addr[11]_i_33/O
                         net (fo=2, routed)           0.667     5.224    design_1_i/MM_ultra_top_0/inst/U_MM_ultra_axi/u_MM_ultra/u_MM_out_buffer/clear_addr[11]_i_33_n_0
    SLICE_X49Y100        LUT6 (Prop_lut6_I0_O)        0.124     5.348 r  design_1_i/MM_ultra_top_0/inst/U_MM_ultra_axi/u_MM_ultra/u_MM_out_buffer/clear_addr[11]_i_37/O
                         net (fo=1, routed)           0.000     5.348    design_1_i/MM_ultra_top_0/inst/U_MM_ultra_axi/u_MM_ultra/u_MM_out_buffer/clear_addr[11]_i_37_n_0
    SLICE_X49Y100        CARRY4 (Prop_carry4_S[0]_O[2])
                                                      0.547     5.895 r  design_1_i/MM_ultra_top_0/inst/U_MM_ultra_axi/u_MM_ultra/u_MM_out_buffer/clear_addr_reg[11]_i_21/O[2]
                         net (fo=2, routed)           0.369     6.264    design_1_i/MM_ultra_top_0/inst/U_MM_ultra_axi/u_MM_ultra/u_MM_out_buffer/clear_addr_reg[11]_i_21_n_5
    SLICE_X48Y100        LUT5 (Prop_lut5_I2_O)        0.302     6.566 r  design_1_i/MM_ultra_top_0/inst/U_MM_ultra_axi/u_MM_ultra/u_MM_out_buffer/clear_addr[7]_i_13/O
                         net (fo=2, routed)           0.685     7.251    design_1_i/MM_ultra_top_0/inst/U_MM_ultra_axi/u_MM_ultra/u_MM_out_buffer/clear_addr[7]_i_13_n_0
    SLICE_X50Y99         CARRY4 (Prop_carry4_DI[3]_CO[3])
                                                      0.396     7.647 r  design_1_i/MM_ultra_top_0/inst/U_MM_ultra_axi/u_MM_ultra/u_MM_out_buffer/clear_addr_reg[7]_i_8/CO[3]
                         net (fo=1, routed)           0.001     7.648    design_1_i/MM_ultra_top_0/inst/U_MM_ultra_axi/u_MM_ultra/u_MM_out_buffer/clear_addr_reg[7]_i_8_n_0
    SLICE_X50Y100        CARRY4 (Prop_carry4_CI_O[1])
                                                      0.323     7.971 r  design_1_i/MM_ultra_top_0/inst/U_MM_ultra_axi/u_MM_ultra/u_MM_out_buffer/clear_addr_reg[11]_i_9/O[1]
                         net (fo=2, routed)           0.579     8.550    design_1_i/MM_ultra_top_0/inst/U_MM_ultra_axi/u_MM_ultra/u_MM_out_buffer/clear_addr_reg[11]_i_9_n_6
    SLICE_X52Y100        LUT2 (Prop_lut2_I0_O)        0.306     8.856 r  design_1_i/MM_ultra_top_0/inst/U_MM_ultra_axi/u_MM_ultra/u_MM_out_buffer/clear_addr[11]_i_10/O
                         net (fo=1, routed)           0.000     8.856    design_1_i/MM_ultra_top_0/inst/U_MM_ultra_axi/u_MM_ultra/u_MM_out_buffer/clear_addr[11]_i_10_n_0
    SLICE_X52Y100        CARRY4 (Prop_carry4_S[1]_O[2])
                                                      0.580     9.436 r  design_1_i/MM_ultra_top_0/inst/U_MM_ultra_axi/u_MM_ultra/u_MM_out_buffer/clear_addr_reg[11]_i_4/O[2]
                         net (fo=3, routed)           0.580    10.016    design_1_i/MM_ultra_top_0/inst/U_MM_ultra_axi/u_MM_ultra/u_MM_out_buffer/out_data_addr[10]
    SLICE_X53Y103        LUT4 (Prop_lut4_I0_O)        0.302    10.318 r  design_1_i/MM_ultra_top_0/inst/U_MM_ultra_axi/u_MM_ultra/u_MM_out_buffer/F_array_reg_28_i_16/O
                         net (fo=28, routed)          1.986    12.304    design_1_i/MM_ultra_top_0/inst/U_MM_ultra_axi/u_MM_ultra/u_MM_out_buffer/F_array_reg_28_i_16_n_0
    RAMB36_X2Y28         RAMB36E1                                     r  design_1_i/MM_ultra_top_0/inst/U_MM_ultra_axi/u_MM_ultra/u_MM_out_buffer/F_array_reg_47/ADDRBWRADDR[13]
  -------------------------------------------------------------------    -------------------

                         (clock clk_fpga_0 rise edge)
                                                     10.000    10.000 r  
    PS7_X0Y0             PS7                          0.000    10.000 r  design_1_i/processing_system7_0/inst/PS7_i/FCLKCLK[0]
                         net (fo=1, routed)           1.088    11.088    design_1_i/processing_system7_0/inst/FCLK_CLK_unbuffered[0]
    BUFGCTRL_X0Y16       BUFG (Prop_bufg_I_O)         0.091    11.179 r  design_1_i/processing_system7_0/inst/buffer_fclk_clk_0.FCLK_CLK_0_BUFG/O
                         net (fo=32901, routed)       1.695    12.874    design_1_i/MM_ultra_top_0/inst/U_MM_ultra_axi/u_MM_ultra/u_MM_out_buffer/aclk
    RAMB36_X2Y28         RAMB36E1                                     r  design_1_i/MM_ultra_top_0/inst/U_MM_ultra_axi/u_MM_ultra/u_MM_out_buffer/F_array_reg_47/CLKBWRCLK
                         clock pessimism              0.129    13.003    
                         clock uncertainty           -0.154    12.848    
    RAMB36_X2Y28         RAMB36E1 (Setup_ramb36e1_CLKBWRCLK_ADDRBWRADDR[13])
                                                     -0.566    12.282    design_1_i/MM_ultra_top_0/inst/U_MM_ultra_axi/u_MM_ultra/u_MM_out_buffer/F_array_reg_47
  -------------------------------------------------------------------
                         required time                         12.282    
                         arrival time                         -12.304    
  -------------------------------------------------------------------
                         slack                                 -0.022    

Slack (VIOLATED) :        -0.018ns  (required time - arrival time)
  Source:                 design_1_i/MM_ultra_top_0/inst/U_MM_ultra_axi/u_MM_ultra/F_length_reg[2]/C
                            (rising edge-triggered cell FDRE clocked by clk_fpga_0  {rise@0.000ns fall@5.000ns period=10.000ns})
  Destination:            design_1_i/MM_ultra_top_0/inst/U_MM_ultra_axi/u_MM_ultra/u_MM_out_buffer/F_array_reg_50/ADDRBWRADDR[14]
                            (rising edge-triggered cell RAMB36E1 clocked by clk_fpga_0  {rise@0.000ns fall@5.000ns period=10.000ns})
  Path Group:             clk_fpga_0
  Path Type:              Setup (Max at Slow Process Corner)
  Requirement:            10.000ns  (clk_fpga_0 rise@10.000ns - clk_fpga_0 rise@0.000ns)
  Data Path Delay:        9.477ns  (logic 3.524ns (37.185%)  route 5.953ns (62.816%))
  Logic Levels:           9  (CARRY4=4 LUT2=1 LUT4=1 LUT5=1 LUT6=2)
  Clock Path Skew:        0.180ns (DCD - SCD + CPR)
    Destination Clock Delay (DCD):    2.996ns = ( 12.996 - 10.000 ) 
    Source Clock Delay      (SCD):    2.945ns
    Clock Pessimism Removal (CPR):    0.129ns
  Clock Uncertainty:      0.154ns  ((TSJ^2 + TIJ^2)^1/2 + DJ) / 2 + PE
    Total System Jitter     (TSJ):    0.071ns
    Total Input Jitter      (TIJ):    0.300ns
    Discrete Jitter          (DJ):    0.000ns
    Phase Error              (PE):    0.000ns

    Location             Delay type                Incr(ns)  Path(ns)    Netlist Resource(s)
  -------------------------------------------------------------------    -------------------
                         (clock clk_fpga_0 rise edge)
                                                      0.000     0.000 r  
    PS7_X0Y0             PS7                          0.000     0.000 r  design_1_i/processing_system7_0/inst/PS7_i/FCLKCLK[0]
                         net (fo=1, routed)           1.193     1.193    design_1_i/processing_system7_0/inst/FCLK_CLK_unbuffered[0]
    BUFGCTRL_X0Y16       BUFG (Prop_bufg_I_O)         0.101     1.294 r  design_1_i/processing_system7_0/inst/buffer_fclk_clk_0.FCLK_CLK_0_BUFG/O
                         net (fo=32901, routed)       1.651     2.945    design_1_i/MM_ultra_top_0/inst/U_MM_ultra_axi/u_MM_ultra/aclk
    SLICE_X48Y99         FDRE                                         r  design_1_i/MM_ultra_top_0/inst/U_MM_ultra_axi/u_MM_ultra/F_length_reg[2]/C
  -------------------------------------------------------------------    -------------------
    SLICE_X48Y99         FDRE (Prop_fdre_C_Q)         0.456     3.401 r  design_1_i/MM_ultra_top_0/inst/U_MM_ultra_axi/u_MM_ultra/F_length_reg[2]/Q
                         net (fo=46, routed)          1.032     4.433    design_1_i/MM_ultra_top_0/inst/U_MM_ultra_axi/u_MM_ultra/u_MM_out_buffer/out_data_col_addr_reg[4]_i_4_0[2]
    SLICE_X48Y100        LUT6 (Prop_lut6_I3_O)        0.124     4.557 r  design_1_i/MM_ultra_top_0/inst/U_MM_ultra_axi/u_MM_ultra/u_MM_out_buffer/clear_addr[11]_i_33/O
                         net (fo=2, routed)           0.667     5.224    design_1_i/MM_ultra_top_0/inst/U_MM_ultra_axi/u_MM_ultra/u_MM_out_buffer/clear_addr[11]_i_33_n_0
    SLICE_X49Y100        LUT6 (Prop_lut6_I0_O)        0.124     5.348 r  design_1_i/MM_ultra_top_0/inst/U_MM_ultra_axi/u_MM_ultra/u_MM_out_buffer/clear_addr[11]_i_37/O
                         net (fo=1, routed)           0.000     5.348    design_1_i/MM_ultra_top_0/inst/U_MM_ultra_axi/u_MM_ultra/u_MM_out_buffer/clear_addr[11]_i_37_n_0
    SLICE_X49Y100        CARRY4 (Prop_carry4_S[0]_O[2])
                                                      0.547     5.895 r  design_1_i/MM_ultra_top_0/inst/U_MM_ultra_axi/u_MM_ultra/u_MM_out_buffer/clear_addr_reg[11]_i_21/O[2]
                         net (fo=2, routed)           0.369     6.264    design_1_i/MM_ultra_top_0/inst/U_MM_ultra_axi/u_MM_ultra/u_MM_out_buffer/clear_addr_reg[11]_i_21_n_5
    SLICE_X48Y100        LUT5 (Prop_lut5_I2_O)        0.302     6.566 r  design_1_i/MM_ultra_top_0/inst/U_MM_ultra_axi/u_MM_ultra/u_MM_out_buffer/clear_addr[7]_i_13/O
                         net (fo=2, routed)           0.685     7.251    design_1_i/MM_ultra_top_0/inst/U_MM_ultra_axi/u_MM_ultra/u_MM_out_buffer/clear_addr[7]_i_13_n_0
    SLICE_X50Y99         CARRY4 (Prop_carry4_DI[3]_CO[3])
                                                      0.396     7.647 r  design_1_i/MM_ultra_top_0/inst/U_MM_ultra_axi/u_MM_ultra/u_MM_out_buffer/clear_addr_reg[7]_i_8/CO[3]
                         net (fo=1, routed)           0.001     7.648    design_1_i/MM_ultra_top_0/inst/U_MM_ultra_axi/u_MM_ultra/u_MM_out_buffer/clear_addr_reg[7]_i_8_n_0
    SLICE_X50Y100        CARRY4 (Prop_carry4_CI_O[1])
                                                      0.323     7.971 r  design_1_i/MM_ultra_top_0/inst/U_MM_ultra_axi/u_MM_ultra/u_MM_out_buffer/clear_addr_reg[11]_i_9/O[1]
                         net (fo=2, routed)           0.579     8.550    design_1_i/MM_ultra_top_0/inst/U_MM_ultra_axi/u_MM_ultra/u_MM_out_buffer/clear_addr_reg[11]_i_9_n_6
    SLICE_X52Y100        LUT2 (Prop_lut2_I0_O)        0.306     8.856 r  design_1_i/MM_ultra_top_0/inst/U_MM_ultra_axi/u_MM_ultra/u_MM_out_buffer/clear_addr[11]_i_10/O
                         net (fo=1, routed)           0.000     8.856    design_1_i/MM_ultra_top_0/inst/U_MM_ultra_axi/u_MM_ultra/u_MM_out_buffer/clear_addr[11]_i_10_n_0
    SLICE_X52Y100        CARRY4 (Prop_carry4_S[1]_O[3])
                                                      0.640     9.496 r  design_1_i/MM_ultra_top_0/inst/U_MM_ultra_axi/u_MM_ultra/u_MM_out_buffer/clear_addr_reg[11]_i_4/O[3]
                         net (fo=3, routed)           0.472     9.968    design_1_i/MM_ultra_top_0/inst/U_MM_ultra_axi/u_MM_ultra/u_MM_out_buffer/out_data_addr[11]
    SLICE_X53Y104        LUT4 (Prop_lut4_I0_O)        0.306    10.274 r  design_1_i/MM_ultra_top_0/inst/U_MM_ultra_axi/u_MM_ultra/u_MM_out_buffer/F_array_reg_28_i_15/O
                         net (fo=28, routed)          2.148    12.422    design_1_i/MM_ultra_top_0/inst/U_MM_ultra_axi/u_MM_ultra/u_MM_out_buffer/F_array_reg_28_i_15_n_0
    RAMB36_X4Y27         RAMB36E1                                     r  design_1_i/MM_ultra_top_0/inst/U_MM_ultra_axi/u_MM_ultra/u_MM_out_buffer/F_array_reg_50/ADDRBWRADDR[14]
  -------------------------------------------------------------------    -------------------

                         (clock clk_fpga_0 rise edge)
                                                     10.000    10.000 r  
    PS7_X0Y0             PS7                          0.000    10.000 r  design_1_i/processing_system7_0/inst/PS7_i/FCLKCLK[0]
                         net (fo=1, routed)           1.088    11.088    design_1_i/processing_system7_0/inst/FCLK_CLK_unbuffered[0]
    BUFGCTRL_X0Y16       BUFG (Prop_bufg_I_O)         0.091    11.179 r  design_1_i/processing_system7_0/inst/buffer_fclk_clk_0.FCLK_CLK_0_BUFG/O
                         net (fo=32901, routed)       1.817    12.996    design_1_i/MM_ultra_top_0/inst/U_MM_ultra_axi/u_MM_ultra/u_MM_out_buffer/aclk
    RAMB36_X4Y27         RAMB36E1                                     r  design_1_i/MM_ultra_top_0/inst/U_MM_ultra_axi/u_MM_ultra/u_MM_out_buffer/F_array_reg_50/CLKBWRCLK
                         clock pessimism              0.129    13.125    
                         clock uncertainty           -0.154    12.970    
    RAMB36_X4Y27         RAMB36E1 (Setup_ramb36e1_CLKBWRCLK_ADDRBWRADDR[14])
                                                     -0.566    12.404    design_1_i/MM_ultra_top_0/inst/U_MM_ultra_axi/u_MM_ultra/u_MM_out_buffer/F_array_reg_50
  -------------------------------------------------------------------
                         required time                         12.404    
                         arrival time                         -12.422    
  -------------------------------------------------------------------
                         slack                                 -0.018    

Slack (VIOLATED) :        -0.009ns  (required time - arrival time)
  Source:                 design_1_i/MM_ultra_top_0/inst/U_MM_ultra_axi/u_MM_ultra/F_length_reg[2]/C
                            (rising edge-triggered cell FDRE clocked by clk_fpga_0  {rise@0.000ns fall@5.000ns period=10.000ns})
  Destination:            design_1_i/MM_ultra_top_0/inst/U_MM_ultra_axi/u_MM_ultra/u_MM_out_buffer/F_array_reg_48/ADDRBWRADDR[13]
                            (rising edge-triggered cell RAMB36E1 clocked by clk_fpga_0  {rise@0.000ns fall@5.000ns period=10.000ns})
  Path Group:             clk_fpga_0
  Path Type:              Setup (Max at Slow Process Corner)
  Requirement:            10.000ns  (clk_fpga_0 rise@10.000ns - clk_fpga_0 rise@0.000ns)
  Data Path Delay:        9.464ns  (logic 3.460ns (36.560%)  route 6.004ns (63.440%))
  Logic Levels:           9  (CARRY4=4 LUT2=1 LUT4=1 LUT5=1 LUT6=2)
  Clock Path Skew:        0.175ns (DCD - SCD + CPR)
    Destination Clock Delay (DCD):    2.991ns = ( 12.991 - 10.000 ) 
    Source Clock Delay      (SCD):    2.945ns
    Clock Pessimism Removal (CPR):    0.129ns
  Clock Uncertainty:      0.154ns  ((TSJ^2 + TIJ^2)^1/2 + DJ) / 2 + PE
    Total System Jitter     (TSJ):    0.071ns
    Total Input Jitter      (TIJ):    0.300ns
    Discrete Jitter          (DJ):    0.000ns
    Phase Error              (PE):    0.000ns

    Location             Delay type                Incr(ns)  Path(ns)    Netlist Resource(s)
  -------------------------------------------------------------------    -------------------
                         (clock clk_fpga_0 rise edge)
                                                      0.000     0.000 r  
    PS7_X0Y0             PS7                          0.000     0.000 r  design_1_i/processing_system7_0/inst/PS7_i/FCLKCLK[0]
                         net (fo=1, routed)           1.193     1.193    design_1_i/processing_system7_0/inst/FCLK_CLK_unbuffered[0]
    BUFGCTRL_X0Y16       BUFG (Prop_bufg_I_O)         0.101     1.294 r  design_1_i/processing_system7_0/inst/buffer_fclk_clk_0.FCLK_CLK_0_BUFG/O
                         net (fo=32901, routed)       1.651     2.945    design_1_i/MM_ultra_top_0/inst/U_MM_ultra_axi/u_MM_ultra/aclk
    SLICE_X48Y99         FDRE                                         r  design_1_i/MM_ultra_top_0/inst/U_MM_ultra_axi/u_MM_ultra/F_length_reg[2]/C
  -------------------------------------------------------------------    -------------------
    SLICE_X48Y99         FDRE (Prop_fdre_C_Q)         0.456     3.401 r  design_1_i/MM_ultra_top_0/inst/U_MM_ultra_axi/u_MM_ultra/F_length_reg[2]/Q
                         net (fo=46, routed)          1.032     4.433    design_1_i/MM_ultra_top_0/inst/U_MM_ultra_axi/u_MM_ultra/u_MM_out_buffer/out_data_col_addr_reg[4]_i_4_0[2]
    SLICE_X48Y100        LUT6 (Prop_lut6_I3_O)        0.124     4.557 r  design_1_i/MM_ultra_top_0/inst/U_MM_ultra_axi/u_MM_ultra/u_MM_out_buffer/clear_addr[11]_i_33/O
                         net (fo=2, routed)           0.667     5.224    design_1_i/MM_ultra_top_0/inst/U_MM_ultra_axi/u_MM_ultra/u_MM_out_buffer/clear_addr[11]_i_33_n_0
    SLICE_X49Y100        LUT6 (Prop_lut6_I0_O)        0.124     5.348 r  design_1_i/MM_ultra_top_0/inst/U_MM_ultra_axi/u_MM_ultra/u_MM_out_buffer/clear_addr[11]_i_37/O
                         net (fo=1, routed)           0.000     5.348    design_1_i/MM_ultra_top_0/inst/U_MM_ultra_axi/u_MM_ultra/u_MM_out_buffer/clear_addr[11]_i_37_n_0
    SLICE_X49Y100        CARRY4 (Prop_carry4_S[0]_O[2])
                                                      0.547     5.895 r  design_1_i/MM_ultra_top_0/inst/U_MM_ultra_axi/u_MM_ultra/u_MM_out_buffer/clear_addr_reg[11]_i_21/O[2]
                         net (fo=2, routed)           0.369     6.264    design_1_i/MM_ultra_top_0/inst/U_MM_ultra_axi/u_MM_ultra/u_MM_out_buffer/clear_addr_reg[11]_i_21_n_5
    SLICE_X48Y100        LUT5 (Prop_lut5_I2_O)        0.302     6.566 r  design_1_i/MM_ultra_top_0/inst/U_MM_ultra_axi/u_MM_ultra/u_MM_out_buffer/clear_addr[7]_i_13/O
                         net (fo=2, routed)           0.685     7.251    design_1_i/MM_ultra_top_0/inst/U_MM_ultra_axi/u_MM_ultra/u_MM_out_buffer/clear_addr[7]_i_13_n_0
    SLICE_X50Y99         CARRY4 (Prop_carry4_DI[3]_CO[3])
                                                      0.396     7.647 r  design_1_i/MM_ultra_top_0/inst/U_MM_ultra_axi/u_MM_ultra/u_MM_out_buffer/clear_addr_reg[7]_i_8/CO[3]
                         net (fo=1, routed)           0.001     7.648    design_1_i/MM_ultra_top_0/inst/U_MM_ultra_axi/u_MM_ultra/u_MM_out_buffer/clear_addr_reg[7]_i_8_n_0
    SLICE_X50Y100        CARRY4 (Prop_carry4_CI_O[1])
                                                      0.323     7.971 r  design_1_i/MM_ultra_top_0/inst/U_MM_ultra_axi/u_MM_ultra/u_MM_out_buffer/clear_addr_reg[11]_i_9/O[1]
                         net (fo=2, routed)           0.579     8.550    design_1_i/MM_ultra_top_0/inst/U_MM_ultra_axi/u_MM_ultra/u_MM_out_buffer/clear_addr_reg[11]_i_9_n_6
    SLICE_X52Y100        LUT2 (Prop_lut2_I0_O)        0.306     8.856 r  design_1_i/MM_ultra_top_0/inst/U_MM_ultra_axi/u_MM_ultra/u_MM_out_buffer/clear_addr[11]_i_10/O
                         net (fo=1, routed)           0.000     8.856    design_1_i/MM_ultra_top_0/inst/U_MM_ultra_axi/u_MM_ultra/u_MM_out_buffer/clear_addr[11]_i_10_n_0
    SLICE_X52Y100        CARRY4 (Prop_carry4_S[1]_O[2])
                                                      0.580     9.436 r  design_1_i/MM_ultra_top_0/inst/U_MM_ultra_axi/u_MM_ultra/u_MM_out_buffer/clear_addr_reg[11]_i_4/O[2]
                         net (fo=3, routed)           0.580    10.016    design_1_i/MM_ultra_top_0/inst/U_MM_ultra_axi/u_MM_ultra/u_MM_out_buffer/out_data_addr[10]
    SLICE_X53Y103        LUT4 (Prop_lut4_I0_O)        0.302    10.318 r  design_1_i/MM_ultra_top_0/inst/U_MM_ultra_axi/u_MM_ultra/u_MM_out_buffer/F_array_reg_28_i_16/O
                         net (fo=28, routed)          2.091    12.409    design_1_i/MM_ultra_top_0/inst/U_MM_ultra_axi/u_MM_ultra/u_MM_out_buffer/F_array_reg_28_i_16_n_0
    RAMB36_X4Y26         RAMB36E1                                     r  design_1_i/MM_ultra_top_0/inst/U_MM_ultra_axi/u_MM_ultra/u_MM_out_buffer/F_array_reg_48/ADDRBWRADDR[13]
  -------------------------------------------------------------------    -------------------

                         (clock clk_fpga_0 rise edge)
                                                     10.000    10.000 r  
    PS7_X0Y0             PS7                          0.000    10.000 r  design_1_i/processing_system7_0/inst/PS7_i/FCLKCLK[0]
                         net (fo=1, routed)           1.088    11.088    design_1_i/processing_system7_0/inst/FCLK_CLK_unbuffered[0]
    BUFGCTRL_X0Y16       BUFG (Prop_bufg_I_O)         0.091    11.179 r  design_1_i/processing_system7_0/inst/buffer_fclk_clk_0.FCLK_CLK_0_BUFG/O
                         net (fo=32901, routed)       1.812    12.991    design_1_i/MM_ultra_top_0/inst/U_MM_ultra_axi/u_MM_ultra/u_MM_out_buffer/aclk
    RAMB36_X4Y26         RAMB36E1                                     r  design_1_i/MM_ultra_top_0/inst/U_MM_ultra_axi/u_MM_ultra/u_MM_out_buffer/F_array_reg_48/CLKBWRCLK
                         clock pessimism              0.129    13.120    
                         clock uncertainty           -0.154    12.965    
    RAMB36_X4Y26         RAMB36E1 (Setup_ramb36e1_CLKBWRCLK_ADDRBWRADDR[13])
                                                     -0.566    12.399    design_1_i/MM_ultra_top_0/inst/U_MM_ultra_axi/u_MM_ultra/u_MM_out_buffer/F_array_reg_48
  -------------------------------------------------------------------
                         required time                         12.399    
                         arrival time                         -12.409    
  -------------------------------------------------------------------
                         slack                                 -0.009    

Slack (MET) :             0.003ns  (required time - arrival time)
  Source:                 design_1_i/MM_ultra_top_0/inst/U_MM_ultra_axi/u_MM_ultra/F_length_reg[2]/C
                            (rising edge-triggered cell FDRE clocked by clk_fpga_0  {rise@0.000ns fall@5.000ns period=10.000ns})
  Destination:            design_1_i/MM_ultra_top_0/inst/U_MM_ultra_axi/u_MM_ultra/u_MM_out_buffer/F_array_reg_39/ADDRBWRADDR[13]
                            (rising edge-triggered cell RAMB36E1 clocked by clk_fpga_0  {rise@0.000ns fall@5.000ns period=10.000ns})
  Path Group:             clk_fpga_0
  Path Type:              Setup (Max at Slow Process Corner)
  Requirement:            10.000ns  (clk_fpga_0 rise@10.000ns - clk_fpga_0 rise@0.000ns)
  Data Path Delay:        9.330ns  (logic 3.460ns (37.084%)  route 5.870ns (62.916%))
  Logic Levels:           9  (CARRY4=4 LUT2=1 LUT4=1 LUT5=1 LUT6=2)
  Clock Path Skew:        0.054ns (DCD - SCD + CPR)
    Destination Clock Delay (DCD):    2.870ns = ( 12.870 - 10.000 ) 
    Source Clock Delay      (SCD):    2.945ns
    Clock Pessimism Removal (CPR):    0.129ns
  Clock Uncertainty:      0.154ns  ((TSJ^2 + TIJ^2)^1/2 + DJ) / 2 + PE
    Total System Jitter     (TSJ):    0.071ns
    Total Input Jitter      (TIJ):    0.300ns
    Discrete Jitter          (DJ):    0.000ns
    Phase Error              (PE):    0.000ns

    Location             Delay type                Incr(ns)  Path(ns)    Netlist Resource(s)
  -------------------------------------------------------------------    -------------------
                         (clock clk_fpga_0 rise edge)
                                                      0.000     0.000 r  
    PS7_X0Y0             PS7                          0.000     0.000 r  design_1_i/processing_system7_0/inst/PS7_i/FCLKCLK[0]
                         net (fo=1, routed)           1.193     1.193    design_1_i/processing_system7_0/inst/FCLK_CLK_unbuffered[0]
    BUFGCTRL_X0Y16       BUFG (Prop_bufg_I_O)         0.101     1.294 r  design_1_i/processing_system7_0/inst/buffer_fclk_clk_0.FCLK_CLK_0_BUFG/O
                         net (fo=32901, routed)       1.651     2.945    design_1_i/MM_ultra_top_0/inst/U_MM_ultra_axi/u_MM_ultra/aclk
    SLICE_X48Y99         FDRE                                         r  design_1_i/MM_ultra_top_0/inst/U_MM_ultra_axi/u_MM_ultra/F_length_reg[2]/C
  -------------------------------------------------------------------    -------------------
    SLICE_X48Y99         FDRE (Prop_fdre_C_Q)         0.456     3.401 r  design_1_i/MM_ultra_top_0/inst/U_MM_ultra_axi/u_MM_ultra/F_length_reg[2]/Q
                         net (fo=46, routed)          1.032     4.433    design_1_i/MM_ultra_top_0/inst/U_MM_ultra_axi/u_MM_ultra/u_MM_out_buffer/out_data_col_addr_reg[4]_i_4_0[2]
    SLICE_X48Y100        LUT6 (Prop_lut6_I3_O)        0.124     4.557 r  design_1_i/MM_ultra_top_0/inst/U_MM_ultra_axi/u_MM_ultra/u_MM_out_buffer/clear_addr[11]_i_33/O
                         net (fo=2, routed)           0.667     5.224    design_1_i/MM_ultra_top_0/inst/U_MM_ultra_axi/u_MM_ultra/u_MM_out_buffer/clear_addr[11]_i_33_n_0
    SLICE_X49Y100        LUT6 (Prop_lut6_I0_O)        0.124     5.348 r  design_1_i/MM_ultra_top_0/inst/U_MM_ultra_axi/u_MM_ultra/u_MM_out_buffer/clear_addr[11]_i_37/O
                         net (fo=1, routed)           0.000     5.348    design_1_i/MM_ultra_top_0/inst/U_MM_ultra_axi/u_MM_ultra/u_MM_out_buffer/clear_addr[11]_i_37_n_0
    SLICE_X49Y100        CARRY4 (Prop_carry4_S[0]_O[2])
                                                      0.547     5.895 r  design_1_i/MM_ultra_top_0/inst/U_MM_ultra_axi/u_MM_ultra/u_MM_out_buffer/clear_addr_reg[11]_i_21/O[2]
                         net (fo=2, routed)           0.369     6.264    design_1_i/MM_ultra_top_0/inst/U_MM_ultra_axi/u_MM_ultra/u_MM_out_buffer/clear_addr_reg[11]_i_21_n_5
    SLICE_X48Y100        LUT5 (Prop_lut5_I2_O)        0.302     6.566 r  design_1_i/MM_ultra_top_0/inst/U_MM_ultra_axi/u_MM_ultra/u_MM_out_buffer/clear_addr[7]_i_13/O
                         net (fo=2, routed)           0.685     7.251    design_1_i/MM_ultra_top_0/inst/U_MM_ultra_axi/u_MM_ultra/u_MM_out_buffer/clear_addr[7]_i_13_n_0
    SLICE_X50Y99         CARRY4 (Prop_carry4_DI[3]_CO[3])
                                                      0.396     7.647 r  design_1_i/MM_ultra_top_0/inst/U_MM_ultra_axi/u_MM_ultra/u_MM_out_buffer/clear_addr_reg[7]_i_8/CO[3]
                         net (fo=1, routed)           0.001     7.648    design_1_i/MM_ultra_top_0/inst/U_MM_ultra_axi/u_MM_ultra/u_MM_out_buffer/clear_addr_reg[7]_i_8_n_0
    SLICE_X50Y100        CARRY4 (Prop_carry4_CI_O[1])
                                                      0.323     7.971 r  design_1_i/MM_ultra_top_0/inst/U_MM_ultra_axi/u_MM_ultra/u_MM_out_buffer/clear_addr_reg[11]_i_9/O[1]
                         net (fo=2, routed)           0.579     8.550    design_1_i/MM_ultra_top_0/inst/U_MM_ultra_axi/u_MM_ultra/u_MM_out_buffer/clear_addr_reg[11]_i_9_n_6
    SLICE_X52Y100        LUT2 (Prop_lut2_I0_O)        0.306     8.856 r  design_1_i/MM_ultra_top_0/inst/U_MM_ultra_axi/u_MM_ultra/u_MM_out_buffer/clear_addr[11]_i_10/O
                         net (fo=1, routed)           0.000     8.856    design_1_i/MM_ultra_top_0/inst/U_MM_ultra_axi/u_MM_ultra/u_MM_out_buffer/clear_addr[11]_i_10_n_0
    SLICE_X52Y100        CARRY4 (Prop_carry4_S[1]_O[2])
                                                      0.580     9.436 r  design_1_i/MM_ultra_top_0/inst/U_MM_ultra_axi/u_MM_ultra/u_MM_out_buffer/clear_addr_reg[11]_i_4/O[2]
                         net (fo=3, routed)           0.580    10.016    design_1_i/MM_ultra_top_0/inst/U_MM_ultra_axi/u_MM_ultra/u_MM_out_buffer/out_data_addr[10]
    SLICE_X53Y103        LUT4 (Prop_lut4_I0_O)        0.302    10.318 r  design_1_i/MM_ultra_top_0/inst/U_MM_ultra_axi/u_MM_ultra/u_MM_out_buffer/F_array_reg_28_i_16/O
                         net (fo=28, routed)          1.958    12.275    design_1_i/MM_ultra_top_0/inst/U_MM_ultra_axi/u_MM_ultra/u_MM_out_buffer/F_array_reg_28_i_16_n_0
    RAMB36_X2Y27         RAMB36E1                                     r  design_1_i/MM_ultra_top_0/inst/U_MM_ultra_axi/u_MM_ultra/u_MM_out_buffer/F_array_reg_39/ADDRBWRADDR[13]
  -------------------------------------------------------------------    -------------------

                         (clock clk_fpga_0 rise edge)
                                                     10.000    10.000 r  
    PS7_X0Y0             PS7                          0.000    10.000 r  design_1_i/processing_system7_0/inst/PS7_i/FCLKCLK[0]
                         net (fo=1, routed)           1.088    11.088    design_1_i/processing_system7_0/inst/FCLK_CLK_unbuffered[0]
    BUFGCTRL_X0Y16       BUFG (Prop_bufg_I_O)         0.091    11.179 r  design_1_i/processing_system7_0/inst/buffer_fclk_clk_0.FCLK_CLK_0_BUFG/O
                         net (fo=32901, routed)       1.691    12.870    design_1_i/MM_ultra_top_0/inst/U_MM_ultra_axi/u_MM_ultra/u_MM_out_buffer/aclk
    RAMB36_X2Y27         RAMB36E1                                     r  design_1_i/MM_ultra_top_0/inst/U_MM_ultra_axi/u_MM_ultra/u_MM_out_buffer/F_array_reg_39/CLKBWRCLK
                         clock pessimism              0.129    12.999    
                         clock uncertainty           -0.154    12.844    
    RAMB36_X2Y27         RAMB36E1 (Setup_ramb36e1_CLKBWRCLK_ADDRBWRADDR[13])
                                                     -0.566    12.278    design_1_i/MM_ultra_top_0/inst/U_MM_ultra_axi/u_MM_ultra/u_MM_out_buffer/F_array_reg_39
  -------------------------------------------------------------------
                         required time                         12.278    
                         arrival time                         -12.275    
  -------------------------------------------------------------------
                         slack                                  0.003    

Slack (MET) :             0.027ns  (required time - arrival time)
  Source:                 design_1_i/MM_ultra_top_0/inst/U_MM_ultra_axi/u_MM_ultra/F_length_reg[2]/C
                            (rising edge-triggered cell FDRE clocked by clk_fpga_0  {rise@0.000ns fall@5.000ns period=10.000ns})
  Destination:            design_1_i/MM_ultra_top_0/inst/U_MM_ultra_axi/u_MM_ultra/u_MM_out_buffer/F_array_reg_55/ADDRBWRADDR[13]
                            (rising edge-triggered cell RAMB36E1 clocked by clk_fpga_0  {rise@0.000ns fall@5.000ns period=10.000ns})
  Path Group:             clk_fpga_0
  Path Type:              Setup (Max at Slow Process Corner)
  Requirement:            10.000ns  (clk_fpga_0 rise@10.000ns - clk_fpga_0 rise@0.000ns)
  Data Path Delay:        9.427ns  (logic 3.460ns (36.704%)  route 5.967ns (63.296%))
  Logic Levels:           9  (CARRY4=4 LUT2=1 LUT4=1 LUT5=1 LUT6=2)
  Clock Path Skew:        0.174ns (DCD - SCD + CPR)
    Destination Clock Delay (DCD):    2.990ns = ( 12.990 - 10.000 ) 
    Source Clock Delay      (SCD):    2.945ns
    Clock Pessimism Removal (CPR):    0.129ns
  Clock Uncertainty:      0.154ns  ((TSJ^2 + TIJ^2)^1/2 + DJ) / 2 + PE
    Total System Jitter     (TSJ):    0.071ns
    Total Input Jitter      (TIJ):    0.300ns
    Discrete Jitter          (DJ):    0.000ns
    Phase Error              (PE):    0.000ns

    Location             Delay type                Incr(ns)  Path(ns)    Netlist Resource(s)
  -------------------------------------------------------------------    -------------------
                         (clock clk_fpga_0 rise edge)
                                                      0.000     0.000 r  
    PS7_X0Y0             PS7                          0.000     0.000 r  design_1_i/processing_system7_0/inst/PS7_i/FCLKCLK[0]
                         net (fo=1, routed)           1.193     1.193    design_1_i/processing_system7_0/inst/FCLK_CLK_unbuffered[0]
    BUFGCTRL_X0Y16       BUFG (Prop_bufg_I_O)         0.101     1.294 r  design_1_i/processing_system7_0/inst/buffer_fclk_clk_0.FCLK_CLK_0_BUFG/O
                         net (fo=32901, routed)       1.651     2.945    design_1_i/MM_ultra_top_0/inst/U_MM_ultra_axi/u_MM_ultra/aclk
    SLICE_X48Y99         FDRE                                         r  design_1_i/MM_ultra_top_0/inst/U_MM_ultra_axi/u_MM_ultra/F_length_reg[2]/C
  -------------------------------------------------------------------    -------------------
    SLICE_X48Y99         FDRE (Prop_fdre_C_Q)         0.456     3.401 r  design_1_i/MM_ultra_top_0/inst/U_MM_ultra_axi/u_MM_ultra/F_length_reg[2]/Q
                         net (fo=46, routed)          1.032     4.433    design_1_i/MM_ultra_top_0/inst/U_MM_ultra_axi/u_MM_ultra/u_MM_out_buffer/out_data_col_addr_reg[4]_i_4_0[2]
    SLICE_X48Y100        LUT6 (Prop_lut6_I3_O)        0.124     4.557 r  design_1_i/MM_ultra_top_0/inst/U_MM_ultra_axi/u_MM_ultra/u_MM_out_buffer/clear_addr[11]_i_33/O
                         net (fo=2, routed)           0.667     5.224    design_1_i/MM_ultra_top_0/inst/U_MM_ultra_axi/u_MM_ultra/u_MM_out_buffer/clear_addr[11]_i_33_n_0
    SLICE_X49Y100        LUT6 (Prop_lut6_I0_O)        0.124     5.348 r  design_1_i/MM_ultra_top_0/inst/U_MM_ultra_axi/u_MM_ultra/u_MM_out_buffer/clear_addr[11]_i_37/O
                         net (fo=1, routed)           0.000     5.348    design_1_i/MM_ultra_top_0/inst/U_MM_ultra_axi/u_MM_ultra/u_MM_out_buffer/clear_addr[11]_i_37_n_0
    SLICE_X49Y100        CARRY4 (Prop_carry4_S[0]_O[2])
                                                      0.547     5.895 r  design_1_i/MM_ultra_top_0/inst/U_MM_ultra_axi/u_MM_ultra/u_MM_out_buffer/clear_addr_reg[11]_i_21/O[2]
                         net (fo=2, routed)           0.369     6.264    design_1_i/MM_ultra_top_0/inst/U_MM_ultra_axi/u_MM_ultra/u_MM_out_buffer/clear_addr_reg[11]_i_21_n_5
    SLICE_X48Y100        LUT5 (Prop_lut5_I2_O)        0.302     6.566 r  design_1_i/MM_ultra_top_0/inst/U_MM_ultra_axi/u_MM_ultra/u_MM_out_buffer/clear_addr[7]_i_13/O
                         net (fo=2, routed)           0.685     7.251    design_1_i/MM_ultra_top_0/inst/U_MM_ultra_axi/u_MM_ultra/u_MM_out_buffer/clear_addr[7]_i_13_n_0
    SLICE_X50Y99         CARRY4 (Prop_carry4_DI[3]_CO[3])
                                                      0.396     7.647 r  design_1_i/MM_ultra_top_0/inst/U_MM_ultra_axi/u_MM_ultra/u_MM_out_buffer/clear_addr_reg[7]_i_8/CO[3]
                         net (fo=1, routed)           0.001     7.648    design_1_i/MM_ultra_top_0/inst/U_MM_ultra_axi/u_MM_ultra/u_MM_out_buffer/clear_addr_reg[7]_i_8_n_0
    SLICE_X50Y100        CARRY4 (Prop_carry4_CI_O[1])
                                                      0.323     7.971 r  design_1_i/MM_ultra_top_0/inst/U_MM_ultra_axi/u_MM_ultra/u_MM_out_buffer/clear_addr_reg[11]_i_9/O[1]
                         net (fo=2, routed)           0.579     8.550    design_1_i/MM_ultra_top_0/inst/U_MM_ultra_axi/u_MM_ultra/u_MM_out_buffer/clear_addr_reg[11]_i_9_n_6
    SLICE_X52Y100        LUT2 (Prop_lut2_I0_O)        0.306     8.856 r  design_1_i/MM_ultra_top_0/inst/U_MM_ultra_axi/u_MM_ultra/u_MM_out_buffer/clear_addr[11]_i_10/O
                         net (fo=1, routed)           0.000     8.856    design_1_i/MM_ultra_top_0/inst/U_MM_ultra_axi/u_MM_ultra/u_MM_out_buffer/clear_addr[11]_i_10_n_0
    SLICE_X52Y100        CARRY4 (Prop_carry4_S[1]_O[2])
                                                      0.580     9.436 r  design_1_i/MM_ultra_top_0/inst/U_MM_ultra_axi/u_MM_ultra/u_MM_out_buffer/clear_addr_reg[11]_i_4/O[2]
                         net (fo=3, routed)           0.580    10.016    design_1_i/MM_ultra_top_0/inst/U_MM_ultra_axi/u_MM_ultra/u_MM_out_buffer/out_data_addr[10]
    SLICE_X53Y103        LUT4 (Prop_lut4_I0_O)        0.302    10.318 r  design_1_i/MM_ultra_top_0/inst/U_MM_ultra_axi/u_MM_ultra/u_MM_out_buffer/F_array_reg_28_i_16/O
                         net (fo=28, routed)          2.054    12.372    design_1_i/MM_ultra_top_0/inst/U_MM_ultra_axi/u_MM_ultra/u_MM_out_buffer/F_array_reg_28_i_16_n_0
    RAMB36_X5Y25         RAMB36E1                                     r  design_1_i/MM_ultra_top_0/inst/U_MM_ultra_axi/u_MM_ultra/u_MM_out_buffer/F_array_reg_55/ADDRBWRADDR[13]
  -------------------------------------------------------------------    -------------------

                         (clock clk_fpga_0 rise edge)
                                                     10.000    10.000 r  
    PS7_X0Y0             PS7                          0.000    10.000 r  design_1_i/processing_system7_0/inst/PS7_i/FCLKCLK[0]
                         net (fo=1, routed)           1.088    11.088    design_1_i/processing_system7_0/inst/FCLK_CLK_unbuffered[0]
    BUFGCTRL_X0Y16       BUFG (Prop_bufg_I_O)         0.091    11.179 r  design_1_i/processing_system7_0/inst/buffer_fclk_clk_0.FCLK_CLK_0_BUFG/O
                         net (fo=32901, routed)       1.811    12.990    design_1_i/MM_ultra_top_0/inst/U_MM_ultra_axi/u_MM_ultra/u_MM_out_buffer/aclk
    RAMB36_X5Y25         RAMB36E1                                     r  design_1_i/MM_ultra_top_0/inst/U_MM_ultra_axi/u_MM_ultra/u_MM_out_buffer/F_array_reg_55/CLKBWRCLK
                         clock pessimism              0.129    13.119    
                         clock uncertainty           -0.154    12.964    
    RAMB36_X5Y25         RAMB36E1 (Setup_ramb36e1_CLKBWRCLK_ADDRBWRADDR[13])
                                                     -0.566    12.398    design_1_i/MM_ultra_top_0/inst/U_MM_ultra_axi/u_MM_ultra/u_MM_out_buffer/F_array_reg_55
  -------------------------------------------------------------------
                         required time                         12.398    
                         arrival time                         -12.372    
  -------------------------------------------------------------------
                         slack                                  0.027    

Slack (MET) :             0.027ns  (required time - arrival time)
  Source:                 design_1_i/MM_ultra_top_0/inst/U_MM_ultra_axi/u_MM_ultra/F_length_reg[2]/C
                            (rising edge-triggered cell FDRE clocked by clk_fpga_0  {rise@0.000ns fall@5.000ns period=10.000ns})
  Destination:            design_1_i/MM_ultra_top_0/inst/U_MM_ultra_axi/u_MM_ultra/u_MM_out_buffer/F_array_reg_8/ADDRBWRADDR[13]
                            (rising edge-triggered cell RAMB36E1 clocked by clk_fpga_0  {rise@0.000ns fall@5.000ns period=10.000ns})
  Path Group:             clk_fpga_0
  Path Type:              Setup (Max at Slow Process Corner)
  Requirement:            10.000ns  (clk_fpga_0 rise@10.000ns - clk_fpga_0 rise@0.000ns)
  Data Path Delay:        9.266ns  (logic 3.460ns (37.339%)  route 5.806ns (62.661%))
  Logic Levels:           9  (CARRY4=4 LUT2=1 LUT4=1 LUT5=1 LUT6=2)
  Clock Path Skew:        0.013ns (DCD - SCD + CPR)
    Destination Clock Delay (DCD):    2.829ns = ( 12.829 - 10.000 ) 
    Source Clock Delay      (SCD):    2.945ns
    Clock Pessimism Removal (CPR):    0.129ns
  Clock Uncertainty:      0.154ns  ((TSJ^2 + TIJ^2)^1/2 + DJ) / 2 + PE
    Total System Jitter     (TSJ):    0.071ns
    Total Input Jitter      (TIJ):    0.300ns
    Discrete Jitter          (DJ):    0.000ns
    Phase Error              (PE):    0.000ns

    Location             Delay type                Incr(ns)  Path(ns)    Netlist Resource(s)
  -------------------------------------------------------------------    -------------------
                         (clock clk_fpga_0 rise edge)
                                                      0.000     0.000 r  
    PS7_X0Y0             PS7                          0.000     0.000 r  design_1_i/processing_system7_0/inst/PS7_i/FCLKCLK[0]
                         net (fo=1, routed)           1.193     1.193    design_1_i/processing_system7_0/inst/FCLK_CLK_unbuffered[0]
    BUFGCTRL_X0Y16       BUFG (Prop_bufg_I_O)         0.101     1.294 r  design_1_i/processing_system7_0/inst/buffer_fclk_clk_0.FCLK_CLK_0_BUFG/O
                         net (fo=32901, routed)       1.651     2.945    design_1_i/MM_ultra_top_0/inst/U_MM_ultra_axi/u_MM_ultra/aclk
    SLICE_X48Y99         FDRE                                         r  design_1_i/MM_ultra_top_0/inst/U_MM_ultra_axi/u_MM_ultra/F_length_reg[2]/C
  -------------------------------------------------------------------    -------------------
    SLICE_X48Y99         FDRE (Prop_fdre_C_Q)         0.456     3.401 r  design_1_i/MM_ultra_top_0/inst/U_MM_ultra_axi/u_MM_ultra/F_length_reg[2]/Q
                         net (fo=46, routed)          1.032     4.433    design_1_i/MM_ultra_top_0/inst/U_MM_ultra_axi/u_MM_ultra/u_MM_out_buffer/out_data_col_addr_reg[4]_i_4_0[2]
    SLICE_X48Y100        LUT6 (Prop_lut6_I3_O)        0.124     4.557 r  design_1_i/MM_ultra_top_0/inst/U_MM_ultra_axi/u_MM_ultra/u_MM_out_buffer/clear_addr[11]_i_33/O
                         net (fo=2, routed)           0.667     5.224    design_1_i/MM_ultra_top_0/inst/U_MM_ultra_axi/u_MM_ultra/u_MM_out_buffer/clear_addr[11]_i_33_n_0
    SLICE_X49Y100        LUT6 (Prop_lut6_I0_O)        0.124     5.348 r  design_1_i/MM_ultra_top_0/inst/U_MM_ultra_axi/u_MM_ultra/u_MM_out_buffer/clear_addr[11]_i_37/O
                         net (fo=1, routed)           0.000     5.348    design_1_i/MM_ultra_top_0/inst/U_MM_ultra_axi/u_MM_ultra/u_MM_out_buffer/clear_addr[11]_i_37_n_0
    SLICE_X49Y100        CARRY4 (Prop_carry4_S[0]_O[2])
                                                      0.547     5.895 r  design_1_i/MM_ultra_top_0/inst/U_MM_ultra_axi/u_MM_ultra/u_MM_out_buffer/clear_addr_reg[11]_i_21/O[2]
                         net (fo=2, routed)           0.369     6.264    design_1_i/MM_ultra_top_0/inst/U_MM_ultra_axi/u_MM_ultra/u_MM_out_buffer/clear_addr_reg[11]_i_21_n_5
    SLICE_X48Y100        LUT5 (Prop_lut5_I2_O)        0.302     6.566 r  design_1_i/MM_ultra_top_0/inst/U_MM_ultra_axi/u_MM_ultra/u_MM_out_buffer/clear_addr[7]_i_13/O
                         net (fo=2, routed)           0.685     7.251    design_1_i/MM_ultra_top_0/inst/U_MM_ultra_axi/u_MM_ultra/u_MM_out_buffer/clear_addr[7]_i_13_n_0
    SLICE_X50Y99         CARRY4 (Prop_carry4_DI[3]_CO[3])
                                                      0.396     7.647 r  design_1_i/MM_ultra_top_0/inst/U_MM_ultra_axi/u_MM_ultra/u_MM_out_buffer/clear_addr_reg[7]_i_8/CO[3]
                         net (fo=1, routed)           0.001     7.648    design_1_i/MM_ultra_top_0/inst/U_MM_ultra_axi/u_MM_ultra/u_MM_out_buffer/clear_addr_reg[7]_i_8_n_0
    SLICE_X50Y100        CARRY4 (Prop_carry4_CI_O[1])
                                                      0.323     7.971 r  design_1_i/MM_ultra_top_0/inst/U_MM_ultra_axi/u_MM_ultra/u_MM_out_buffer/clear_addr_reg[11]_i_9/O[1]
                         net (fo=2, routed)           0.579     8.550    design_1_i/MM_ultra_top_0/inst/U_MM_ultra_axi/u_MM_ultra/u_MM_out_buffer/clear_addr_reg[11]_i_9_n_6
    SLICE_X52Y100        LUT2 (Prop_lut2_I0_O)        0.306     8.856 r  design_1_i/MM_ultra_top_0/inst/U_MM_ultra_axi/u_MM_ultra/u_MM_out_buffer/clear_addr[11]_i_10/O
                         net (fo=1, routed)           0.000     8.856    design_1_i/MM_ultra_top_0/inst/U_MM_ultra_axi/u_MM_ultra/u_MM_out_buffer/clear_addr[11]_i_10_n_0
    SLICE_X52Y100        CARRY4 (Prop_carry4_S[1]_O[2])
                                                      0.580     9.436 r  design_1_i/MM_ultra_top_0/inst/U_MM_ultra_axi/u_MM_ultra/u_MM_out_buffer/clear_addr_reg[11]_i_4/O[2]
                         net (fo=3, routed)           0.550     9.986    design_1_i/MM_ultra_top_0/inst/U_MM_ultra_axi/u_MM_ultra/u_MM_out_buffer/out_data_addr[10]
    SLICE_X54Y100        LUT4 (Prop_lut4_I0_O)        0.302    10.288 r  design_1_i/MM_ultra_top_0/inst/U_MM_ultra_axi/u_MM_ultra/u_MM_out_buffer/F_array_reg_0_i_16/O
                         net (fo=28, routed)          1.923    12.211    design_1_i/MM_ultra_top_0/inst/U_MM_ultra_axi/u_MM_ultra/u_MM_out_buffer/out_F_array_addr[10]
    RAMB36_X5Y18         RAMB36E1                                     r  design_1_i/MM_ultra_top_0/inst/U_MM_ultra_axi/u_MM_ultra/u_MM_out_buffer/F_array_reg_8/ADDRBWRADDR[13]
  -------------------------------------------------------------------    -------------------

                         (clock clk_fpga_0 rise edge)
                                                     10.000    10.000 r  
    PS7_X0Y0             PS7                          0.000    10.000 r  design_1_i/processing_system7_0/inst/PS7_i/FCLKCLK[0]
                         net (fo=1, routed)           1.088    11.088    design_1_i/processing_system7_0/inst/FCLK_CLK_unbuffered[0]
    BUFGCTRL_X0Y16       BUFG (Prop_bufg_I_O)         0.091    11.179 r  design_1_i/processing_system7_0/inst/buffer_fclk_clk_0.FCLK_CLK_0_BUFG/O
                         net (fo=32901, routed)       1.650    12.829    design_1_i/MM_ultra_top_0/inst/U_MM_ultra_axi/u_MM_ultra/u_MM_out_buffer/aclk
    RAMB36_X5Y18         RAMB36E1                                     r  design_1_i/MM_ultra_top_0/inst/U_MM_ultra_axi/u_MM_ultra/u_MM_out_buffer/F_array_reg_8/CLKBWRCLK
                         clock pessimism              0.129    12.958    
                         clock uncertainty           -0.154    12.804    
    RAMB36_X5Y18         RAMB36E1 (Setup_ramb36e1_CLKBWRCLK_ADDRBWRADDR[13])
                                                     -0.566    12.238    design_1_i/MM_ultra_top_0/inst/U_MM_ultra_axi/u_MM_ultra/u_MM_out_buffer/F_array_reg_8
  -------------------------------------------------------------------
                         required time                         12.238    
                         arrival time                         -12.211    
  -------------------------------------------------------------------
                         slack                                  0.027    





Pulse Width Checks
--------------------------------------------------------------------------------------
Clock Name:         clk_fpga_0
Waveform(ns):       { 0.000 5.000 }
Period(ns):         10.000
Sources:            { design_1_i/processing_system7_0/inst/PS7_i/FCLKCLK[0] }

Check Type        Corner  Lib Pin             Reference Pin  Required(ns)  Actual(ns)  Slack(ns)  Location      Pin
Min Period        n/a     RAMB36E1/CLKARDCLK  n/a            2.944         10.000      7.056      RAMB36_X3Y7   design_1_i/MM_ultra_top_0/inst/U_MM_ultra_axi/u_MM_ultra/u_MM_buffer/feature_buffer_reg_0/CLKARDCLK
Min Period        n/a     RAMB36E1/CLKARDCLK  n/a            2.944         10.000      7.056      RAMB36_X3Y3   design_1_i/MM_ultra_top_0/inst/U_MM_ultra_axi/u_MM_ultra/u_MM_buffer/feature_buffer_reg_1/CLKARDCLK
Min Period        n/a     RAMB36E1/CLKARDCLK  n/a            2.944         10.000      7.056      RAMB36_X2Y4   design_1_i/MM_ultra_top_0/inst/U_MM_ultra_axi/u_MM_ultra/u_MM_buffer/feature_buffer_reg_2/CLKARDCLK
Min Period        n/a     RAMB36E1/CLKARDCLK  n/a            2.944         10.000      7.056      RAMB36_X3Y8   design_1_i/MM_ultra_top_0/inst/U_MM_ultra_axi/u_MM_ultra/u_MM_buffer/feature_buffer_reg_3/CLKARDCLK
Min Period        n/a     RAMB36E1/CLKARDCLK  n/a            2.944         10.000      7.056      RAMB36_X2Y6   design_1_i/MM_ultra_top_0/inst/U_MM_ultra_axi/u_MM_ultra/u_MM_buffer/feature_buffer_reg_4/CLKARDCLK
Min Period        n/a     RAMB18E1/CLKARDCLK  n/a            2.944         10.000      7.056      RAMB18_X3Y18  design_1_i/MM_ultra_top_0/inst/U_MM_ultra_axi/u_MM_ultra/u_MM_buffer/feature_buffer_reg_5/CLKARDCLK
Min Period        n/a     RAMB36E1/CLKARDCLK  n/a            2.944         10.000      7.056      RAMB36_X3Y4   design_1_i/MM_ultra_top_0/inst/U_MM_ultra_axi/u_MM_ultra/u_MM_buffer/weight_buffer_reg_0/CLKARDCLK
Min Period        n/a     RAMB36E1/CLKARDCLK  n/a            2.944         10.000      7.056      RAMB36_X1Y4   design_1_i/MM_ultra_top_0/inst/U_MM_ultra_axi/u_MM_ultra/u_MM_buffer/weight_buffer_reg_1/CLKARDCLK
Min Period        n/a     RAMB36E1/CLKARDCLK  n/a            2.944         10.000      7.056      RAMB36_X1Y5   design_1_i/MM_ultra_top_0/inst/U_MM_ultra_axi/u_MM_ultra/u_MM_buffer/weight_buffer_reg_2/CLKARDCLK
Min Period        n/a     RAMB36E1/CLKARDCLK  n/a            2.944         10.000      7.056      RAMB36_X2Y8   design_1_i/MM_ultra_top_0/inst/U_MM_ultra_axi/u_MM_ultra/u_MM_buffer/weight_buffer_reg_3/CLKARDCLK
Min Period        n/a     RAMB36E1/CLKARDCLK  n/a            2.944         10.000      7.056      RAMB36_X2Y5   design_1_i/MM_ultra_top_0/inst/U_MM_ultra_axi/u_MM_ultra/u_MM_buffer/weight_buffer_reg_4/CLKARDCLK
Min Period        n/a     RAMB18E1/CLKARDCLK  n/a            2.944         10.000      7.056      RAMB18_X1Y16  design_1_i/MM_ultra_top_0/inst/U_MM_ultra_axi/u_MM_ultra/u_MM_buffer/weight_buffer_reg_5/CLKARDCLK
Min Period        n/a     RAMB36E1/CLKARDCLK  n/a            2.944         10.000      7.056      RAMB36_X4Y8   design_1_i/MM_ultra_top_0/inst/U_MM_ultra_axi/u_MM_ultra/u_MM_in_buffer/in_F_array_reg_0/CLKARDCLK
Min Period        n/a     RAMB36E1/CLKARDCLK  n/a            2.944         10.000      7.056      RAMB36_X4Y3   design_1_i/MM_ultra_top_0/inst/U_MM_ultra_axi/u_MM_ultra/u_MM_in_buffer/in_F_array_reg_1/CLKARDCLK
Min Period        n/a     RAMB36E1/CLKARDCLK  n/a            2.944         10.000      7.056      RAMB36_X4Y1   design_1_i/MM_ultra_top_0/inst/U_MM_ultra_axi/u_MM_ultra/u_MM_in_buffer/in_F_array_reg_10/CLKARDCLK
Min Period        n/a     RAMB36E1/CLKARDCLK  n/a            2.944         10.000      7.056      RAMB36_X3Y6   design_1_i/MM_ultra_top_0/inst/U_MM_ultra_axi/u_MM_ultra/u_MM_in_buffer/in_F_array_reg_11/CLKARDCLK
Min Period        n/a     RAMB36E1/CLKARDCLK  n/a            2.944         10.000      7.056      RAMB36_X5Y2   design_1_i/MM_ultra_top_0/inst/U_MM_ultra_axi/u_MM_ultra/u_MM_in_buffer/in_F_array_reg_12/CLKARDCLK
Min Period        n/a     RAMB36E1/CLKARDCLK  n/a            2.944         10.000      7.056      RAMB36_X4Y6   design_1_i/MM_ultra_top_0/inst/U_MM_ultra_axi/u_MM_ultra/u_MM_in_buffer/in_F_array_reg_13/CLKARDCLK
Min Period        n/a     RAMB36E1/CLKARDCLK  n/a            2.944         10.000      7.056      RAMB36_X4Y9   design_1_i/MM_ultra_top_0/inst/U_MM_ultra_axi/u_MM_ultra/u_MM_in_buffer/in_F_array_reg_14/CLKARDCLK
Min Period        n/a     RAMB36E1/CLKARDCLK  n/a            2.944         10.000      7.056      RAMB36_X4Y10  design_1_i/MM_ultra_top_0/inst/U_MM_ultra_axi/u_MM_ultra/u_MM_in_buffer/in_F_array_reg_15/CLKARDCLK
Low Pulse Width   Slow    RAMD32/CLK          n/a            1.250         5.000       3.750      SLICE_X46Y89  design_1_i/axi_dma_2/U0/I_PRMRY_DATAMOVER/GEN_S2MM_FULL.I_S2MM_FULL_WRAPPER/GEN_ENABLE_INDET_BTT_SF.I_INDET_BTT/I_XD_FIFO/NON_BLK_MEM.I_SYNC_FIFOGEN_FIFO/xpm_fifo_base_inst/gen_sdpram.xpm_memory_base_inst/gen_wr_a.gen_word_narrow.mem_reg_0_15_0_5/RAMA/CLK
Low Pulse Width   Fast    RAMD32/CLK          n/a            1.250         5.000       3.750      SLICE_X46Y89  design_1_i/axi_dma_2/U0/I_PRMRY_DATAMOVER/GEN_S2MM_FULL.I_S2MM_FULL_WRAPPER/GEN_ENABLE_INDET_BTT_SF.I_INDET_BTT/I_XD_FIFO/NON_BLK_MEM.I_SYNC_FIFOGEN_FIFO/xpm_fifo_base_inst/gen_sdpram.xpm_memory_base_inst/gen_wr_a.gen_word_narrow.mem_reg_0_15_0_5/RAMA/CLK
Low Pulse Width   Slow    RAMD32/CLK          n/a            1.250         5.000       3.750      SLICE_X46Y89  design_1_i/axi_dma_2/U0/I_PRMRY_DATAMOVER/GEN_S2MM_FULL.I_S2MM_FULL_WRAPPER/GEN_ENABLE_INDET_BTT_SF.I_INDET_BTT/I_XD_FIFO/NON_BLK_MEM.I_SYNC_FIFOGEN_FIFO/xpm_fifo_base_inst/gen_sdpram.xpm_memory_base_inst/gen_wr_a.gen_word_narrow.mem_reg_0_15_0_5/RAMA_D1/CLK
Low Pulse Width   Fast    RAMD32/CLK          n/a            1.250         5.000       3.750      SLICE_X46Y89  design_1_i/axi_dma_2/U0/I_PRMRY_DATAMOVER/GEN_S2MM_FULL.I_S2MM_FULL_WRAPPER/GEN_ENABLE_INDET_BTT_SF.I_INDET_BTT/I_XD_FIFO/NON_BLK_MEM.I_SYNC_FIFOGEN_FIFO/xpm_fifo_base_inst/gen_sdpram.xpm_memory_base_inst/gen_wr_a.gen_word_narrow.mem_reg_0_15_0_5/RAMA_D1/CLK
Low Pulse Width   Slow    RAMD32/CLK          n/a            1.250         5.000       3.750      SLICE_X46Y89  design_1_i/axi_dma_2/U0/I_PRMRY_DATAMOVER/GEN_S2MM_FULL.I_S2MM_FULL_WRAPPER/GEN_ENABLE_INDET_BTT_SF.I_INDET_BTT/I_XD_FIFO/NON_BLK_MEM.I_SYNC_FIFOGEN_FIFO/xpm_fifo_base_inst/gen_sdpram.xpm_memory_base_inst/gen_wr_a.gen_word_narrow.mem_reg_0_15_0_5/RAMB/CLK
Low Pulse Width   Fast    RAMD32/CLK          n/a            1.250         5.000       3.750      SLICE_X46Y89  design_1_i/axi_dma_2/U0/I_PRMRY_DATAMOVER/GEN_S2MM_FULL.I_S2MM_FULL_WRAPPER/GEN_ENABLE_INDET_BTT_SF.I_INDET_BTT/I_XD_FIFO/NON_BLK_MEM.I_SYNC_FIFOGEN_FIFO/xpm_fifo_base_inst/gen_sdpram.xpm_memory_base_inst/gen_wr_a.gen_word_narrow.mem_reg_0_15_0_5/RAMB/CLK
Low Pulse Width   Slow    RAMD32/CLK          n/a            1.250         5.000       3.750      SLICE_X46Y89  design_1_i/axi_dma_2/U0/I_PRMRY_DATAMOVER/GEN_S2MM_FULL.I_S2MM_FULL_WRAPPER/GEN_ENABLE_INDET_BTT_SF.I_INDET_BTT/I_XD_FIFO/NON_BLK_MEM.I_SYNC_FIFOGEN_FIFO/xpm_fifo_base_inst/gen_sdpram.xpm_memory_base_inst/gen_wr_a.gen_word_narrow.mem_reg_0_15_0_5/RAMB_D1/CLK
Low Pulse Width   Fast    RAMD32/CLK          n/a            1.250         5.000       3.750      SLICE_X46Y89  design_1_i/axi_dma_2/U0/I_PRMRY_DATAMOVER/GEN_S2MM_FULL.I_S2MM_FULL_WRAPPER/GEN_ENABLE_INDET_BTT_SF.I_INDET_BTT/I_XD_FIFO/NON_BLK_MEM.I_SYNC_FIFOGEN_FIFO/xpm_fifo_base_inst/gen_sdpram.xpm_memory_base_inst/gen_wr_a.gen_word_narrow.mem_reg_0_15_0_5/RAMB_D1/CLK
Low Pulse Width   Slow    RAMD32/CLK          n/a            1.250         5.000       3.750      SLICE_X46Y89  design_1_i/axi_dma_2/U0/I_PRMRY_DATAMOVER/GEN_S2MM_FULL.I_S2MM_FULL_WRAPPER/GEN_ENABLE_INDET_BTT_SF.I_INDET_BTT/I_XD_FIFO/NON_BLK_MEM.I_SYNC_FIFOGEN_FIFO/xpm_fifo_base_inst/gen_sdpram.xpm_memory_base_inst/gen_wr_a.gen_word_narrow.mem_reg_0_15_0_5/RAMC/CLK
Low Pulse Width   Fast    RAMD32/CLK          n/a            1.250         5.000       3.750      SLICE_X46Y89  design_1_i/axi_dma_2/U0/I_PRMRY_DATAMOVER/GEN_S2MM_FULL.I_S2MM_FULL_WRAPPER/GEN_ENABLE_INDET_BTT_SF.I_INDET_BTT/I_XD_FIFO/NON_BLK_MEM.I_SYNC_FIFOGEN_FIFO/xpm_fifo_base_inst/gen_sdpram.xpm_memory_base_inst/gen_wr_a.gen_word_narrow.mem_reg_0_15_0_5/RAMC/CLK
Low Pulse Width   Slow    RAMD32/CLK          n/a            1.250         5.000       3.750      SLICE_X46Y89  design_1_i/axi_dma_2/U0/I_PRMRY_DATAMOVER/GEN_S2MM_FULL.I_S2MM_FULL_WRAPPER/GEN_ENABLE_INDET_BTT_SF.I_INDET_BTT/I_XD_FIFO/NON_BLK_MEM.I_SYNC_FIFOGEN_FIFO/xpm_fifo_base_inst/gen_sdpram.xpm_memory_base_inst/gen_wr_a.gen_word_narrow.mem_reg_0_15_0_5/RAMC_D1/CLK
Low Pulse Width   Fast    RAMD32/CLK          n/a            1.250         5.000       3.750      SLICE_X46Y89  design_1_i/axi_dma_2/U0/I_PRMRY_DATAMOVER/GEN_S2MM_FULL.I_S2MM_FULL_WRAPPER/GEN_ENABLE_INDET_BTT_SF.I_INDET_BTT/I_XD_FIFO/NON_BLK_MEM.I_SYNC_FIFOGEN_FIFO/xpm_fifo_base_inst/gen_sdpram.xpm_memory_base_inst/gen_wr_a.gen_word_narrow.mem_reg_0_15_0_5/RAMC_D1/CLK
Low Pulse Width   Slow    RAMS32/CLK          n/a            1.250         5.000       3.750      SLICE_X46Y89  design_1_i/axi_dma_2/U0/I_PRMRY_DATAMOVER/GEN_S2MM_FULL.I_S2MM_FULL_WRAPPER/GEN_ENABLE_INDET_BTT_SF.I_INDET_BTT/I_XD_FIFO/NON_BLK_MEM.I_SYNC_FIFOGEN_FIFO/xpm_fifo_base_inst/gen_sdpram.xpm_memory_base_inst/gen_wr_a.gen_word_narrow.mem_reg_0_15_0_5/RAMD/CLK
Low Pulse Width   Fast    RAMS32/CLK          n/a            1.250         5.000       3.750      SLICE_X46Y89  design_1_i/axi_dma_2/U0/I_PRMRY_DATAMOVER/GEN_S2MM_FULL.I_S2MM_FULL_WRAPPER/GEN_ENABLE_INDET_BTT_SF.I_INDET_BTT/I_XD_FIFO/NON_BLK_MEM.I_SYNC_FIFOGEN_FIFO/xpm_fifo_base_inst/gen_sdpram.xpm_memory_base_inst/gen_wr_a.gen_word_narrow.mem_reg_0_15_0_5/RAMD/CLK
Low Pulse Width   Slow    RAMS32/CLK          n/a            1.250         5.000       3.750      SLICE_X46Y89  design_1_i/axi_dma_2/U0/I_PRMRY_DATAMOVER/GEN_S2MM_FULL.I_S2MM_FULL_WRAPPER/GEN_ENABLE_INDET_BTT_SF.I_INDET_BTT/I_XD_FIFO/NON_BLK_MEM.I_SYNC_FIFOGEN_FIFO/xpm_fifo_base_inst/gen_sdpram.xpm_memory_base_inst/gen_wr_a.gen_word_narrow.mem_reg_0_15_0_5/RAMD_D1/CLK
Low Pulse Width   Fast    RAMS32/CLK          n/a            1.250         5.000       3.750      SLICE_X46Y89  design_1_i/axi_dma_2/U0/I_PRMRY_DATAMOVER/GEN_S2MM_FULL.I_S2MM_FULL_WRAPPER/GEN_ENABLE_INDET_BTT_SF.I_INDET_BTT/I_XD_FIFO/NON_BLK_MEM.I_SYNC_FIFOGEN_FIFO/xpm_fifo_base_inst/gen_sdpram.xpm_memory_base_inst/gen_wr_a.gen_word_narrow.mem_reg_0_15_0_5/RAMD_D1/CLK
Low Pulse Width   Slow    RAMD32/CLK          n/a            1.250         5.000       3.750      SLICE_X54Y90  design_1_i/axi_dma_2/U0/I_PRMRY_DATAMOVER/GEN_S2MM_FULL.I_S2MM_FULL_WRAPPER/GEN_ENABLE_INDET_BTT_SF.I_INDET_BTT/I_XD_FIFO/NON_BLK_MEM.I_SYNC_FIFOGEN_FIFO/xpm_fifo_base_inst/gen_sdpram.xpm_memory_base_inst/gen_wr_a.gen_word_narrow.mem_reg_0_15_12_13/DP/CLK
Low Pulse Width   Fast    RAMD32/CLK          n/a            1.250         5.000       3.750      SLICE_X54Y90  design_1_i/axi_dma_2/U0/I_PRMRY_DATAMOVER/GEN_S2MM_FULL.I_S2MM_FULL_WRAPPER/GEN_ENABLE_INDET_BTT_SF.I_INDET_BTT/I_XD_FIFO/NON_BLK_MEM.I_SYNC_FIFOGEN_FIFO/xpm_fifo_base_inst/gen_sdpram.xpm_memory_base_inst/gen_wr_a.gen_word_narrow.mem_reg_0_15_12_13/DP/CLK
Low Pulse Width   Slow    RAMD32/CLK          n/a            1.250         5.000       3.750      SLICE_X54Y90  design_1_i/axi_dma_2/U0/I_PRMRY_DATAMOVER/GEN_S2MM_FULL.I_S2MM_FULL_WRAPPER/GEN_ENABLE_INDET_BTT_SF.I_INDET_BTT/I_XD_FIFO/NON_BLK_MEM.I_SYNC_FIFOGEN_FIFO/xpm_fifo_base_inst/gen_sdpram.xpm_memory_base_inst/gen_wr_a.gen_word_narrow.mem_reg_0_15_12_13/SP/CLK
Low Pulse Width   Fast    RAMD32/CLK          n/a            1.250         5.000       3.750      SLICE_X54Y90  design_1_i/axi_dma_2/U0/I_PRMRY_DATAMOVER/GEN_S2MM_FULL.I_S2MM_FULL_WRAPPER/GEN_ENABLE_INDET_BTT_SF.I_INDET_BTT/I_XD_FIFO/NON_BLK_MEM.I_SYNC_FIFOGEN_FIFO/xpm_fifo_base_inst/gen_sdpram.xpm_memory_base_inst/gen_wr_a.gen_word_narrow.mem_reg_0_15_12_13/SP/CLK
High Pulse Width  Slow    RAMD32/CLK          n/a            1.250         5.000       3.750      SLICE_X46Y89  design_1_i/axi_dma_2/U0/I_PRMRY_DATAMOVER/GEN_S2MM_FULL.I_S2MM_FULL_WRAPPER/GEN_ENABLE_INDET_BTT_SF.I_INDET_BTT/I_XD_FIFO/NON_BLK_MEM.I_SYNC_FIFOGEN_FIFO/xpm_fifo_base_inst/gen_sdpram.xpm_memory_base_inst/gen_wr_a.gen_word_narrow.mem_reg_0_15_0_5/RAMA/CLK
High Pulse Width  Fast    RAMD32/CLK          n/a            1.250         5.000       3.750      SLICE_X46Y89  design_1_i/axi_dma_2/U0/I_PRMRY_DATAMOVER/GEN_S2MM_FULL.I_S2MM_FULL_WRAPPER/GEN_ENABLE_INDET_BTT_SF.I_INDET_BTT/I_XD_FIFO/NON_BLK_MEM.I_SYNC_FIFOGEN_FIFO/xpm_fifo_base_inst/gen_sdpram.xpm_memory_base_inst/gen_wr_a.gen_word_narrow.mem_reg_0_15_0_5/RAMA/CLK
High Pulse Width  Slow    RAMD32/CLK          n/a            1.250         5.000       3.750      SLICE_X46Y89  design_1_i/axi_dma_2/U0/I_PRMRY_DATAMOVER/GEN_S2MM_FULL.I_S2MM_FULL_WRAPPER/GEN_ENABLE_INDET_BTT_SF.I_INDET_BTT/I_XD_FIFO/NON_BLK_MEM.I_SYNC_FIFOGEN_FIFO/xpm_fifo_base_inst/gen_sdpram.xpm_memory_base_inst/gen_wr_a.gen_word_narrow.mem_reg_0_15_0_5/RAMA_D1/CLK
High Pulse Width  Fast    RAMD32/CLK          n/a            1.250         5.000       3.750      SLICE_X46Y89  design_1_i/axi_dma_2/U0/I_PRMRY_DATAMOVER/GEN_S2MM_FULL.I_S2MM_FULL_WRAPPER/GEN_ENABLE_INDET_BTT_SF.I_INDET_BTT/I_XD_FIFO/NON_BLK_MEM.I_SYNC_FIFOGEN_FIFO/xpm_fifo_base_inst/gen_sdpram.xpm_memory_base_inst/gen_wr_a.gen_word_narrow.mem_reg_0_15_0_5/RAMA_D1/CLK
High Pulse Width  Slow    RAMD32/CLK          n/a            1.250         5.000       3.750      SLICE_X46Y89  design_1_i/axi_dma_2/U0/I_PRMRY_DATAMOVER/GEN_S2MM_FULL.I_S2MM_FULL_WRAPPER/GEN_ENABLE_INDET_BTT_SF.I_INDET_BTT/I_XD_FIFO/NON_BLK_MEM.I_SYNC_FIFOGEN_FIFO/xpm_fifo_base_inst/gen_sdpram.xpm_memory_base_inst/gen_wr_a.gen_word_narrow.mem_reg_0_15_0_5/RAMB/CLK
High Pulse Width  Fast    RAMD32/CLK          n/a            1.250         5.000       3.750      SLICE_X46Y89  design_1_i/axi_dma_2/U0/I_PRMRY_DATAMOVER/GEN_S2MM_FULL.I_S2MM_FULL_WRAPPER/GEN_ENABLE_INDET_BTT_SF.I_INDET_BTT/I_XD_FIFO/NON_BLK_MEM.I_SYNC_FIFOGEN_FIFO/xpm_fifo_base_inst/gen_sdpram.xpm_memory_base_inst/gen_wr_a.gen_word_narrow.mem_reg_0_15_0_5/RAMB/CLK
High Pulse Width  Slow    RAMD32/CLK          n/a            1.250         5.000       3.750      SLICE_X46Y89  design_1_i/axi_dma_2/U0/I_PRMRY_DATAMOVER/GEN_S2MM_FULL.I_S2MM_FULL_WRAPPER/GEN_ENABLE_INDET_BTT_SF.I_INDET_BTT/I_XD_FIFO/NON_BLK_MEM.I_SYNC_FIFOGEN_FIFO/xpm_fifo_base_inst/gen_sdpram.xpm_memory_base_inst/gen_wr_a.gen_word_narrow.mem_reg_0_15_0_5/RAMB_D1/CLK
High Pulse Width  Fast    RAMD32/CLK          n/a            1.250         5.000       3.750      SLICE_X46Y89  design_1_i/axi_dma_2/U0/I_PRMRY_DATAMOVER/GEN_S2MM_FULL.I_S2MM_FULL_WRAPPER/GEN_ENABLE_INDET_BTT_SF.I_INDET_BTT/I_XD_FIFO/NON_BLK_MEM.I_SYNC_FIFOGEN_FIFO/xpm_fifo_base_inst/gen_sdpram.xpm_memory_base_inst/gen_wr_a.gen_word_narrow.mem_reg_0_15_0_5/RAMB_D1/CLK
High Pulse Width  Slow    RAMD32/CLK          n/a            1.250         5.000       3.750      SLICE_X46Y89  design_1_i/axi_dma_2/U0/I_PRMRY_DATAMOVER/GEN_S2MM_FULL.I_S2MM_FULL_WRAPPER/GEN_ENABLE_INDET_BTT_SF.I_INDET_BTT/I_XD_FIFO/NON_BLK_MEM.I_SYNC_FIFOGEN_FIFO/xpm_fifo_base_inst/gen_sdpram.xpm_memory_base_inst/gen_wr_a.gen_word_narrow.mem_reg_0_15_0_5/RAMC/CLK
High Pulse Width  Fast    RAMD32/CLK          n/a            1.250         5.000       3.750      SLICE_X46Y89  design_1_i/axi_dma_2/U0/I_PRMRY_DATAMOVER/GEN_S2MM_FULL.I_S2MM_FULL_WRAPPER/GEN_ENABLE_INDET_BTT_SF.I_INDET_BTT/I_XD_FIFO/NON_BLK_MEM.I_SYNC_FIFOGEN_FIFO/xpm_fifo_base_inst/gen_sdpram.xpm_memory_base_inst/gen_wr_a.gen_word_narrow.mem_reg_0_15_0_5/RAMC/CLK
High Pulse Width  Slow    RAMD32/CLK          n/a            1.250         5.000       3.750      SLICE_X46Y89  design_1_i/axi_dma_2/U0/I_PRMRY_DATAMOVER/GEN_S2MM_FULL.I_S2MM_FULL_WRAPPER/GEN_ENABLE_INDET_BTT_SF.I_INDET_BTT/I_XD_FIFO/NON_BLK_MEM.I_SYNC_FIFOGEN_FIFO/xpm_fifo_base_inst/gen_sdpram.xpm_memory_base_inst/gen_wr_a.gen_word_narrow.mem_reg_0_15_0_5/RAMC_D1/CLK
High Pulse Width  Fast    RAMD32/CLK          n/a            1.250         5.000       3.750      SLICE_X46Y89  design_1_i/axi_dma_2/U0/I_PRMRY_DATAMOVER/GEN_S2MM_FULL.I_S2MM_FULL_WRAPPER/GEN_ENABLE_INDET_BTT_SF.I_INDET_BTT/I_XD_FIFO/NON_BLK_MEM.I_SYNC_FIFOGEN_FIFO/xpm_fifo_base_inst/gen_sdpram.xpm_memory_base_inst/gen_wr_a.gen_word_narrow.mem_reg_0_15_0_5/RAMC_D1/CLK
High Pulse Width  Slow    RAMS32/CLK          n/a            1.250         5.000       3.750      SLICE_X46Y89  design_1_i/axi_dma_2/U0/I_PRMRY_DATAMOVER/GEN_S2MM_FULL.I_S2MM_FULL_WRAPPER/GEN_ENABLE_INDET_BTT_SF.I_INDET_BTT/I_XD_FIFO/NON_BLK_MEM.I_SYNC_FIFOGEN_FIFO/xpm_fifo_base_inst/gen_sdpram.xpm_memory_base_inst/gen_wr_a.gen_word_narrow.mem_reg_0_15_0_5/RAMD/CLK
High Pulse Width  Fast    RAMS32/CLK          n/a            1.250         5.000       3.750      SLICE_X46Y89  design_1_i/axi_dma_2/U0/I_PRMRY_DATAMOVER/GEN_S2MM_FULL.I_S2MM_FULL_WRAPPER/GEN_ENABLE_INDET_BTT_SF.I_INDET_BTT/I_XD_FIFO/NON_BLK_MEM.I_SYNC_FIFOGEN_FIFO/xpm_fifo_base_inst/gen_sdpram.xpm_memory_base_inst/gen_wr_a.gen_word_narrow.mem_reg_0_15_0_5/RAMD/CLK
High Pulse Width  Slow    RAMS32/CLK          n/a            1.250         5.000       3.750      SLICE_X46Y89  design_1_i/axi_dma_2/U0/I_PRMRY_DATAMOVER/GEN_S2MM_FULL.I_S2MM_FULL_WRAPPER/GEN_ENABLE_INDET_BTT_SF.I_INDET_BTT/I_XD_FIFO/NON_BLK_MEM.I_SYNC_FIFOGEN_FIFO/xpm_fifo_base_inst/gen_sdpram.xpm_memory_base_inst/gen_wr_a.gen_word_narrow.mem_reg_0_15_0_5/RAMD_D1/CLK
High Pulse Width  Fast    RAMS32/CLK          n/a            1.250         5.000       3.750      SLICE_X46Y89  design_1_i/axi_dma_2/U0/I_PRMRY_DATAMOVER/GEN_S2MM_FULL.I_S2MM_FULL_WRAPPER/GEN_ENABLE_INDET_BTT_SF.I_INDET_BTT/I_XD_FIFO/NON_BLK_MEM.I_SYNC_FIFOGEN_FIFO/xpm_fifo_base_inst/gen_sdpram.xpm_memory_base_inst/gen_wr_a.gen_word_narrow.mem_reg_0_15_0_5/RAMD_D1/CLK
High Pulse Width  Slow    RAMD32/CLK          n/a            1.250         5.000       3.750      SLICE_X54Y90  design_1_i/axi_dma_2/U0/I_PRMRY_DATAMOVER/GEN_S2MM_FULL.I_S2MM_FULL_WRAPPER/GEN_ENABLE_INDET_BTT_SF.I_INDET_BTT/I_XD_FIFO/NON_BLK_MEM.I_SYNC_FIFOGEN_FIFO/xpm_fifo_base_inst/gen_sdpram.xpm_memory_base_inst/gen_wr_a.gen_word_narrow.mem_reg_0_15_12_13/DP/CLK
High Pulse Width  Fast    RAMD32/CLK          n/a            1.250         5.000       3.750      SLICE_X54Y90  design_1_i/axi_dma_2/U0/I_PRMRY_DATAMOVER/GEN_S2MM_FULL.I_S2MM_FULL_WRAPPER/GEN_ENABLE_INDET_BTT_SF.I_INDET_BTT/I_XD_FIFO/NON_BLK_MEM.I_SYNC_FIFOGEN_FIFO/xpm_fifo_base_inst/gen_sdpram.xpm_memory_base_inst/gen_wr_a.gen_word_narrow.mem_reg_0_15_12_13/DP/CLK
High Pulse Width  Slow    RAMD32/CLK          n/a            1.250         5.000       3.750      SLICE_X54Y90  design_1_i/axi_dma_2/U0/I_PRMRY_DATAMOVER/GEN_S2MM_FULL.I_S2MM_FULL_WRAPPER/GEN_ENABLE_INDET_BTT_SF.I_INDET_BTT/I_XD_FIFO/NON_BLK_MEM.I_SYNC_FIFOGEN_FIFO/xpm_fifo_base_inst/gen_sdpram.xpm_memory_base_inst/gen_wr_a.gen_word_narrow.mem_reg_0_15_12_13/SP/CLK
High Pulse Width  Fast    RAMD32/CLK          n/a            1.250         5.000       3.750      SLICE_X54Y90  design_1_i/axi_dma_2/U0/I_PRMRY_DATAMOVER/GEN_S2MM_FULL.I_S2MM_FULL_WRAPPER/GEN_ENABLE_INDET_BTT_SF.I_INDET_BTT/I_XD_FIFO/NON_BLK_MEM.I_SYNC_FIFOGEN_FIFO/xpm_fifo_base_inst/gen_sdpram.xpm_memory_base_inst/gen_wr_a.gen_word_narrow.mem_reg_0_15_12_13/SP/CLK



---------------------------------------------------------------------------------------------------
Path Group:  **async_default**
From Clock:  clk_fpga_0
  To Clock:  clk_fpga_0

Setup :            0  Failing Endpoints,  Worst Slack        0.543ns,  Total Violation        0.000ns
Hold  :           NA  Failing Endpoints,  Worst Slack           NA  ,  Total Violation           NA
---------------------------------------------------------------------------------------------------


Max Delay Paths
--------------------------------------------------------------------------------------
Slack (MET) :             0.543ns  (required time - arrival time)
  Source:                 design_1_i/rst_ps7_0_100M/U0/ACTIVE_LOW_PR_OUT_DFF[0].FDRE_PER_N/C
                            (rising edge-triggered cell FDRE clocked by clk_fpga_0  {rise@0.000ns fall@5.000ns period=10.000ns})
  Destination:            design_1_i/MM_ultra_top_0/inst/U_MM_ultra_axi/u_MM_ultra/u_MM_buffer/u_MM/u_PE_array/array[22].PE_line_u/array_line[15].PE_u/reg_w_reg[0]/CLR
                            (recovery check against rising-edge clock clk_fpga_0  {rise@0.000ns fall@5.000ns period=10.000ns})
  Path Group:             **async_default**
  Path Type:              Recovery (Max at Slow Process Corner)
  Requirement:            10.000ns  (clk_fpga_0 rise@10.000ns - clk_fpga_0 rise@0.000ns)
  Data Path Delay:        8.743ns  (logic 0.642ns (7.343%)  route 8.101ns (92.657%))
  Logic Levels:           1  (LUT1=1)
  Clock Path Skew:        -0.242ns (DCD - SCD + CPR)
    Destination Clock Delay (DCD):    2.804ns = ( 12.804 - 10.000 ) 
    Source Clock Delay      (SCD):    3.161ns
    Clock Pessimism Removal (CPR):    0.115ns
  Clock Uncertainty:      0.154ns  ((TSJ^2 + TIJ^2)^1/2 + DJ) / 2 + PE
    Total System Jitter     (TSJ):    0.071ns
    Total Input Jitter      (TIJ):    0.300ns
    Discrete Jitter          (DJ):    0.000ns
    Phase Error              (PE):    0.000ns

    Location             Delay type                Incr(ns)  Path(ns)    Netlist Resource(s)
  -------------------------------------------------------------------    -------------------
                         (clock clk_fpga_0 rise edge)
                                                      0.000     0.000 r  
    PS7_X0Y0             PS7                          0.000     0.000 r  design_1_i/processing_system7_0/inst/PS7_i/FCLKCLK[0]
                         net (fo=1, routed)           1.193     1.193    design_1_i/processing_system7_0/inst/FCLK_CLK_unbuffered[0]
    BUFGCTRL_X0Y16       BUFG (Prop_bufg_I_O)         0.101     1.294 r  design_1_i/processing_system7_0/inst/buffer_fclk_clk_0.FCLK_CLK_0_BUFG/O
                         net (fo=32901, routed)       1.867     3.161    design_1_i/rst_ps7_0_100M/U0/slowest_sync_clk
    SLICE_X26Y124        FDRE                                         r  design_1_i/rst_ps7_0_100M/U0/ACTIVE_LOW_PR_OUT_DFF[0].FDRE_PER_N/C
  -------------------------------------------------------------------    -------------------
    SLICE_X26Y124        FDRE (Prop_fdre_C_Q)         0.518     3.679 r  design_1_i/rst_ps7_0_100M/U0/ACTIVE_LOW_PR_OUT_DFF[0].FDRE_PER_N/Q
                         net (fo=17, routed)          1.517     5.196    design_1_i/MM_ultra_top_0/inst/U_MM_ultra_axi/u_MM_ultra/u_MM_buffer/u_MM/u_PE_array/aresetn
    SLICE_X41Y104        LUT1 (Prop_lut1_I0_O)        0.124     5.320 f  design_1_i/MM_ultra_top_0/inst/U_MM_ultra_axi/u_MM_ultra/u_MM_buffer/u_MM/u_PE_array/i___219/O
                         net (fo=22328, routed)       6.584    11.904    design_1_i/MM_ultra_top_0/inst/U_MM_ultra_axi/u_MM_ultra/u_MM_buffer/u_MM/u_PE_array/array[22].PE_line_u/array_line[15].PE_u/reg_w_reg[7]_0
    SLICE_X100Y5         FDCE                                         f  design_1_i/MM_ultra_top_0/inst/U_MM_ultra_axi/u_MM_ultra/u_MM_buffer/u_MM/u_PE_array/array[22].PE_line_u/array_line[15].PE_u/reg_w_reg[0]/CLR
  -------------------------------------------------------------------    -------------------

                         (clock clk_fpga_0 rise edge)
                                                     10.000    10.000 r  
    PS7_X0Y0             PS7                          0.000    10.000 r  design_1_i/processing_system7_0/inst/PS7_i/FCLKCLK[0]
                         net (fo=1, routed)           1.088    11.088    design_1_i/processing_system7_0/inst/FCLK_CLK_unbuffered[0]
    BUFGCTRL_X0Y16       BUFG (Prop_bufg_I_O)         0.091    11.179 r  design_1_i/processing_system7_0/inst/buffer_fclk_clk_0.FCLK_CLK_0_BUFG/O
                         net (fo=32901, routed)       1.625    12.804    design_1_i/MM_ultra_top_0/inst/U_MM_ultra_axi/u_MM_ultra/u_MM_buffer/u_MM/u_PE_array/array[22].PE_line_u/array_line[15].PE_u/aclk
    SLICE_X100Y5         FDCE                                         r  design_1_i/MM_ultra_top_0/inst/U_MM_ultra_axi/u_MM_ultra/u_MM_buffer/u_MM/u_PE_array/array[22].PE_line_u/array_line[15].PE_u/reg_w_reg[0]/C
                         clock pessimism              0.115    12.919    
                         clock uncertainty           -0.154    12.765    
    SLICE_X100Y5         FDCE (Recov_fdce_C_CLR)     -0.319    12.446    design_1_i/MM_ultra_top_0/inst/U_MM_ultra_axi/u_MM_ultra/u_MM_buffer/u_MM/u_PE_array/array[22].PE_line_u/array_line[15].PE_u/reg_w_reg[0]
  -------------------------------------------------------------------
                         required time                         12.446    
                         arrival time                         -11.904    
  -------------------------------------------------------------------
                         slack                                  0.543    

Slack (MET) :             0.543ns  (required time - arrival time)
  Source:                 design_1_i/rst_ps7_0_100M/U0/ACTIVE_LOW_PR_OUT_DFF[0].FDRE_PER_N/C
                            (rising edge-triggered cell FDRE clocked by clk_fpga_0  {rise@0.000ns fall@5.000ns period=10.000ns})
  Destination:            design_1_i/MM_ultra_top_0/inst/U_MM_ultra_axi/u_MM_ultra/u_MM_buffer/u_MM/u_PE_array/array[22].PE_line_u/array_line[15].PE_u/reg_w_reg[1]/CLR
                            (recovery check against rising-edge clock clk_fpga_0  {rise@0.000ns fall@5.000ns period=10.000ns})
  Path Group:             **async_default**
  Path Type:              Recovery (Max at Slow Process Corner)
  Requirement:            10.000ns  (clk_fpga_0 rise@10.000ns - clk_fpga_0 rise@0.000ns)
  Data Path Delay:        8.743ns  (logic 0.642ns (7.343%)  route 8.101ns (92.657%))
  Logic Levels:           1  (LUT1=1)
  Clock Path Skew:        -0.242ns (DCD - SCD + CPR)
    Destination Clock Delay (DCD):    2.804ns = ( 12.804 - 10.000 ) 
    Source Clock Delay      (SCD):    3.161ns
    Clock Pessimism Removal (CPR):    0.115ns
  Clock Uncertainty:      0.154ns  ((TSJ^2 + TIJ^2)^1/2 + DJ) / 2 + PE
    Total System Jitter     (TSJ):    0.071ns
    Total Input Jitter      (TIJ):    0.300ns
    Discrete Jitter          (DJ):    0.000ns
    Phase Error              (PE):    0.000ns

    Location             Delay type                Incr(ns)  Path(ns)    Netlist Resource(s)
  -------------------------------------------------------------------    -------------------
                         (clock clk_fpga_0 rise edge)
                                                      0.000     0.000 r  
    PS7_X0Y0             PS7                          0.000     0.000 r  design_1_i/processing_system7_0/inst/PS7_i/FCLKCLK[0]
                         net (fo=1, routed)           1.193     1.193    design_1_i/processing_system7_0/inst/FCLK_CLK_unbuffered[0]
    BUFGCTRL_X0Y16       BUFG (Prop_bufg_I_O)         0.101     1.294 r  design_1_i/processing_system7_0/inst/buffer_fclk_clk_0.FCLK_CLK_0_BUFG/O
                         net (fo=32901, routed)       1.867     3.161    design_1_i/rst_ps7_0_100M/U0/slowest_sync_clk
    SLICE_X26Y124        FDRE                                         r  design_1_i/rst_ps7_0_100M/U0/ACTIVE_LOW_PR_OUT_DFF[0].FDRE_PER_N/C
  -------------------------------------------------------------------    -------------------
    SLICE_X26Y124        FDRE (Prop_fdre_C_Q)         0.518     3.679 r  design_1_i/rst_ps7_0_100M/U0/ACTIVE_LOW_PR_OUT_DFF[0].FDRE_PER_N/Q
                         net (fo=17, routed)          1.517     5.196    design_1_i/MM_ultra_top_0/inst/U_MM_ultra_axi/u_MM_ultra/u_MM_buffer/u_MM/u_PE_array/aresetn
    SLICE_X41Y104        LUT1 (Prop_lut1_I0_O)        0.124     5.320 f  design_1_i/MM_ultra_top_0/inst/U_MM_ultra_axi/u_MM_ultra/u_MM_buffer/u_MM/u_PE_array/i___219/O
                         net (fo=22328, routed)       6.584    11.904    design_1_i/MM_ultra_top_0/inst/U_MM_ultra_axi/u_MM_ultra/u_MM_buffer/u_MM/u_PE_array/array[22].PE_line_u/array_line[15].PE_u/reg_w_reg[7]_0
    SLICE_X100Y5         FDCE                                         f  design_1_i/MM_ultra_top_0/inst/U_MM_ultra_axi/u_MM_ultra/u_MM_buffer/u_MM/u_PE_array/array[22].PE_line_u/array_line[15].PE_u/reg_w_reg[1]/CLR
  -------------------------------------------------------------------    -------------------

                         (clock clk_fpga_0 rise edge)
                                                     10.000    10.000 r  
    PS7_X0Y0             PS7                          0.000    10.000 r  design_1_i/processing_system7_0/inst/PS7_i/FCLKCLK[0]
                         net (fo=1, routed)           1.088    11.088    design_1_i/processing_system7_0/inst/FCLK_CLK_unbuffered[0]
    BUFGCTRL_X0Y16       BUFG (Prop_bufg_I_O)         0.091    11.179 r  design_1_i/processing_system7_0/inst/buffer_fclk_clk_0.FCLK_CLK_0_BUFG/O
                         net (fo=32901, routed)       1.625    12.804    design_1_i/MM_ultra_top_0/inst/U_MM_ultra_axi/u_MM_ultra/u_MM_buffer/u_MM/u_PE_array/array[22].PE_line_u/array_line[15].PE_u/aclk
    SLICE_X100Y5         FDCE                                         r  design_1_i/MM_ultra_top_0/inst/U_MM_ultra_axi/u_MM_ultra/u_MM_buffer/u_MM/u_PE_array/array[22].PE_line_u/array_line[15].PE_u/reg_w_reg[1]/C
                         clock pessimism              0.115    12.919    
                         clock uncertainty           -0.154    12.765    
    SLICE_X100Y5         FDCE (Recov_fdce_C_CLR)     -0.319    12.446    design_1_i/MM_ultra_top_0/inst/U_MM_ultra_axi/u_MM_ultra/u_MM_buffer/u_MM/u_PE_array/array[22].PE_line_u/array_line[15].PE_u/reg_w_reg[1]
  -------------------------------------------------------------------
                         required time                         12.446    
                         arrival time                         -11.904    
  -------------------------------------------------------------------
                         slack                                  0.543    

Slack (MET) :             0.543ns  (required time - arrival time)
  Source:                 design_1_i/rst_ps7_0_100M/U0/ACTIVE_LOW_PR_OUT_DFF[0].FDRE_PER_N/C
                            (rising edge-triggered cell FDRE clocked by clk_fpga_0  {rise@0.000ns fall@5.000ns period=10.000ns})
  Destination:            design_1_i/MM_ultra_top_0/inst/U_MM_ultra_axi/u_MM_ultra/u_MM_buffer/u_MM/u_PE_array/array[22].PE_line_u/array_line[15].PE_u/reg_w_reg[2]/CLR
                            (recovery check against rising-edge clock clk_fpga_0  {rise@0.000ns fall@5.000ns period=10.000ns})
  Path Group:             **async_default**
  Path Type:              Recovery (Max at Slow Process Corner)
  Requirement:            10.000ns  (clk_fpga_0 rise@10.000ns - clk_fpga_0 rise@0.000ns)
  Data Path Delay:        8.743ns  (logic 0.642ns (7.343%)  route 8.101ns (92.657%))
  Logic Levels:           1  (LUT1=1)
  Clock Path Skew:        -0.242ns (DCD - SCD + CPR)
    Destination Clock Delay (DCD):    2.804ns = ( 12.804 - 10.000 ) 
    Source Clock Delay      (SCD):    3.161ns
    Clock Pessimism Removal (CPR):    0.115ns
  Clock Uncertainty:      0.154ns  ((TSJ^2 + TIJ^2)^1/2 + DJ) / 2 + PE
    Total System Jitter     (TSJ):    0.071ns
    Total Input Jitter      (TIJ):    0.300ns
    Discrete Jitter          (DJ):    0.000ns
    Phase Error              (PE):    0.000ns

    Location             Delay type                Incr(ns)  Path(ns)    Netlist Resource(s)
  -------------------------------------------------------------------    -------------------
                         (clock clk_fpga_0 rise edge)
                                                      0.000     0.000 r  
    PS7_X0Y0             PS7                          0.000     0.000 r  design_1_i/processing_system7_0/inst/PS7_i/FCLKCLK[0]
                         net (fo=1, routed)           1.193     1.193    design_1_i/processing_system7_0/inst/FCLK_CLK_unbuffered[0]
    BUFGCTRL_X0Y16       BUFG (Prop_bufg_I_O)         0.101     1.294 r  design_1_i/processing_system7_0/inst/buffer_fclk_clk_0.FCLK_CLK_0_BUFG/O
                         net (fo=32901, routed)       1.867     3.161    design_1_i/rst_ps7_0_100M/U0/slowest_sync_clk
    SLICE_X26Y124        FDRE                                         r  design_1_i/rst_ps7_0_100M/U0/ACTIVE_LOW_PR_OUT_DFF[0].FDRE_PER_N/C
  -------------------------------------------------------------------    -------------------
    SLICE_X26Y124        FDRE (Prop_fdre_C_Q)         0.518     3.679 r  design_1_i/rst_ps7_0_100M/U0/ACTIVE_LOW_PR_OUT_DFF[0].FDRE_PER_N/Q
                         net (fo=17, routed)          1.517     5.196    design_1_i/MM_ultra_top_0/inst/U_MM_ultra_axi/u_MM_ultra/u_MM_buffer/u_MM/u_PE_array/aresetn
    SLICE_X41Y104        LUT1 (Prop_lut1_I0_O)        0.124     5.320 f  design_1_i/MM_ultra_top_0/inst/U_MM_ultra_axi/u_MM_ultra/u_MM_buffer/u_MM/u_PE_array/i___219/O
                         net (fo=22328, routed)       6.584    11.904    design_1_i/MM_ultra_top_0/inst/U_MM_ultra_axi/u_MM_ultra/u_MM_buffer/u_MM/u_PE_array/array[22].PE_line_u/array_line[15].PE_u/reg_w_reg[7]_0
    SLICE_X100Y5         FDCE                                         f  design_1_i/MM_ultra_top_0/inst/U_MM_ultra_axi/u_MM_ultra/u_MM_buffer/u_MM/u_PE_array/array[22].PE_line_u/array_line[15].PE_u/reg_w_reg[2]/CLR
  -------------------------------------------------------------------    -------------------

                         (clock clk_fpga_0 rise edge)
                                                     10.000    10.000 r  
    PS7_X0Y0             PS7                          0.000    10.000 r  design_1_i/processing_system7_0/inst/PS7_i/FCLKCLK[0]
                         net (fo=1, routed)           1.088    11.088    design_1_i/processing_system7_0/inst/FCLK_CLK_unbuffered[0]
    BUFGCTRL_X0Y16       BUFG (Prop_bufg_I_O)         0.091    11.179 r  design_1_i/processing_system7_0/inst/buffer_fclk_clk_0.FCLK_CLK_0_BUFG/O
                         net (fo=32901, routed)       1.625    12.804    design_1_i/MM_ultra_top_0/inst/U_MM_ultra_axi/u_MM_ultra/u_MM_buffer/u_MM/u_PE_array/array[22].PE_line_u/array_line[15].PE_u/aclk
    SLICE_X100Y5         FDCE                                         r  design_1_i/MM_ultra_top_0/inst/U_MM_ultra_axi/u_MM_ultra/u_MM_buffer/u_MM/u_PE_array/array[22].PE_line_u/array_line[15].PE_u/reg_w_reg[2]/C
                         clock pessimism              0.115    12.919    
                         clock uncertainty           -0.154    12.765    
    SLICE_X100Y5         FDCE (Recov_fdce_C_CLR)     -0.319    12.446    design_1_i/MM_ultra_top_0/inst/U_MM_ultra_axi/u_MM_ultra/u_MM_buffer/u_MM/u_PE_array/array[22].PE_line_u/array_line[15].PE_u/reg_w_reg[2]
  -------------------------------------------------------------------
                         required time                         12.446    
                         arrival time                         -11.904    
  -------------------------------------------------------------------
                         slack                                  0.543    

Slack (MET) :             0.543ns  (required time - arrival time)
  Source:                 design_1_i/rst_ps7_0_100M/U0/ACTIVE_LOW_PR_OUT_DFF[0].FDRE_PER_N/C
                            (rising edge-triggered cell FDRE clocked by clk_fpga_0  {rise@0.000ns fall@5.000ns period=10.000ns})
  Destination:            design_1_i/MM_ultra_top_0/inst/U_MM_ultra_axi/u_MM_ultra/u_MM_buffer/u_MM/u_PE_array/array[22].PE_line_u/array_line[15].PE_u/reg_w_reg[3]/CLR
                            (recovery check against rising-edge clock clk_fpga_0  {rise@0.000ns fall@5.000ns period=10.000ns})
  Path Group:             **async_default**
  Path Type:              Recovery (Max at Slow Process Corner)
  Requirement:            10.000ns  (clk_fpga_0 rise@10.000ns - clk_fpga_0 rise@0.000ns)
  Data Path Delay:        8.743ns  (logic 0.642ns (7.343%)  route 8.101ns (92.657%))
  Logic Levels:           1  (LUT1=1)
  Clock Path Skew:        -0.242ns (DCD - SCD + CPR)
    Destination Clock Delay (DCD):    2.804ns = ( 12.804 - 10.000 ) 
    Source Clock Delay      (SCD):    3.161ns
    Clock Pessimism Removal (CPR):    0.115ns
  Clock Uncertainty:      0.154ns  ((TSJ^2 + TIJ^2)^1/2 + DJ) / 2 + PE
    Total System Jitter     (TSJ):    0.071ns
    Total Input Jitter      (TIJ):    0.300ns
    Discrete Jitter          (DJ):    0.000ns
    Phase Error              (PE):    0.000ns

    Location             Delay type                Incr(ns)  Path(ns)    Netlist Resource(s)
  -------------------------------------------------------------------    -------------------
                         (clock clk_fpga_0 rise edge)
                                                      0.000     0.000 r  
    PS7_X0Y0             PS7                          0.000     0.000 r  design_1_i/processing_system7_0/inst/PS7_i/FCLKCLK[0]
                         net (fo=1, routed)           1.193     1.193    design_1_i/processing_system7_0/inst/FCLK_CLK_unbuffered[0]
    BUFGCTRL_X0Y16       BUFG (Prop_bufg_I_O)         0.101     1.294 r  design_1_i/processing_system7_0/inst/buffer_fclk_clk_0.FCLK_CLK_0_BUFG/O
                         net (fo=32901, routed)       1.867     3.161    design_1_i/rst_ps7_0_100M/U0/slowest_sync_clk
    SLICE_X26Y124        FDRE                                         r  design_1_i/rst_ps7_0_100M/U0/ACTIVE_LOW_PR_OUT_DFF[0].FDRE_PER_N/C
  -------------------------------------------------------------------    -------------------
    SLICE_X26Y124        FDRE (Prop_fdre_C_Q)         0.518     3.679 r  design_1_i/rst_ps7_0_100M/U0/ACTIVE_LOW_PR_OUT_DFF[0].FDRE_PER_N/Q
                         net (fo=17, routed)          1.517     5.196    design_1_i/MM_ultra_top_0/inst/U_MM_ultra_axi/u_MM_ultra/u_MM_buffer/u_MM/u_PE_array/aresetn
    SLICE_X41Y104        LUT1 (Prop_lut1_I0_O)        0.124     5.320 f  design_1_i/MM_ultra_top_0/inst/U_MM_ultra_axi/u_MM_ultra/u_MM_buffer/u_MM/u_PE_array/i___219/O
                         net (fo=22328, routed)       6.584    11.904    design_1_i/MM_ultra_top_0/inst/U_MM_ultra_axi/u_MM_ultra/u_MM_buffer/u_MM/u_PE_array/array[22].PE_line_u/array_line[15].PE_u/reg_w_reg[7]_0
    SLICE_X100Y5         FDCE                                         f  design_1_i/MM_ultra_top_0/inst/U_MM_ultra_axi/u_MM_ultra/u_MM_buffer/u_MM/u_PE_array/array[22].PE_line_u/array_line[15].PE_u/reg_w_reg[3]/CLR
  -------------------------------------------------------------------    -------------------

                         (clock clk_fpga_0 rise edge)
                                                     10.000    10.000 r  
    PS7_X0Y0             PS7                          0.000    10.000 r  design_1_i/processing_system7_0/inst/PS7_i/FCLKCLK[0]
                         net (fo=1, routed)           1.088    11.088    design_1_i/processing_system7_0/inst/FCLK_CLK_unbuffered[0]
    BUFGCTRL_X0Y16       BUFG (Prop_bufg_I_O)         0.091    11.179 r  design_1_i/processing_system7_0/inst/buffer_fclk_clk_0.FCLK_CLK_0_BUFG/O
                         net (fo=32901, routed)       1.625    12.804    design_1_i/MM_ultra_top_0/inst/U_MM_ultra_axi/u_MM_ultra/u_MM_buffer/u_MM/u_PE_array/array[22].PE_line_u/array_line[15].PE_u/aclk
    SLICE_X100Y5         FDCE                                         r  design_1_i/MM_ultra_top_0/inst/U_MM_ultra_axi/u_MM_ultra/u_MM_buffer/u_MM/u_PE_array/array[22].PE_line_u/array_line[15].PE_u/reg_w_reg[3]/C
                         clock pessimism              0.115    12.919    
                         clock uncertainty           -0.154    12.765    
    SLICE_X100Y5         FDCE (Recov_fdce_C_CLR)     -0.319    12.446    design_1_i/MM_ultra_top_0/inst/U_MM_ultra_axi/u_MM_ultra/u_MM_buffer/u_MM/u_PE_array/array[22].PE_line_u/array_line[15].PE_u/reg_w_reg[3]
  -------------------------------------------------------------------
                         required time                         12.446    
                         arrival time                         -11.904    
  -------------------------------------------------------------------
                         slack                                  0.543    

Slack (MET) :             0.610ns  (required time - arrival time)
  Source:                 design_1_i/rst_ps7_0_100M/U0/ACTIVE_LOW_PR_OUT_DFF[0].FDRE_PER_N/C
                            (rising edge-triggered cell FDRE clocked by clk_fpga_0  {rise@0.000ns fall@5.000ns period=10.000ns})
  Destination:            design_1_i/MM_ultra_top_0/inst/U_MM_ultra_axi/u_MM_ultra/u_MM_buffer/u_MM/u_PE_array/array[13].PE_line_u/array_line[2].PE_u/x_out_reg[1]/CLR
                            (recovery check against rising-edge clock clk_fpga_0  {rise@0.000ns fall@5.000ns period=10.000ns})
  Path Group:             **async_default**
  Path Type:              Recovery (Max at Slow Process Corner)
  Requirement:            10.000ns  (clk_fpga_0 rise@10.000ns - clk_fpga_0 rise@0.000ns)
  Data Path Delay:        8.665ns  (logic 0.642ns (7.409%)  route 8.023ns (92.591%))
  Logic Levels:           1  (LUT1=1)
  Clock Path Skew:        -0.166ns (DCD - SCD + CPR)
    Destination Clock Delay (DCD):    2.880ns = ( 12.880 - 10.000 ) 
    Source Clock Delay      (SCD):    3.161ns
    Clock Pessimism Removal (CPR):    0.115ns
  Clock Uncertainty:      0.154ns  ((TSJ^2 + TIJ^2)^1/2 + DJ) / 2 + PE
    Total System Jitter     (TSJ):    0.071ns
    Total Input Jitter      (TIJ):    0.300ns
    Discrete Jitter          (DJ):    0.000ns
    Phase Error              (PE):    0.000ns

    Location             Delay type                Incr(ns)  Path(ns)    Netlist Resource(s)
  -------------------------------------------------------------------    -------------------
                         (clock clk_fpga_0 rise edge)
                                                      0.000     0.000 r  
    PS7_X0Y0             PS7                          0.000     0.000 r  design_1_i/processing_system7_0/inst/PS7_i/FCLKCLK[0]
                         net (fo=1, routed)           1.193     1.193    design_1_i/processing_system7_0/inst/FCLK_CLK_unbuffered[0]
    BUFGCTRL_X0Y16       BUFG (Prop_bufg_I_O)         0.101     1.294 r  design_1_i/processing_system7_0/inst/buffer_fclk_clk_0.FCLK_CLK_0_BUFG/O
                         net (fo=32901, routed)       1.867     3.161    design_1_i/rst_ps7_0_100M/U0/slowest_sync_clk
    SLICE_X26Y124        FDRE                                         r  design_1_i/rst_ps7_0_100M/U0/ACTIVE_LOW_PR_OUT_DFF[0].FDRE_PER_N/C
  -------------------------------------------------------------------    -------------------
    SLICE_X26Y124        FDRE (Prop_fdre_C_Q)         0.518     3.679 r  design_1_i/rst_ps7_0_100M/U0/ACTIVE_LOW_PR_OUT_DFF[0].FDRE_PER_N/Q
                         net (fo=17, routed)          1.517     5.196    design_1_i/MM_ultra_top_0/inst/U_MM_ultra_axi/u_MM_ultra/u_MM_buffer/u_MM/u_PE_array/aresetn
    SLICE_X41Y104        LUT1 (Prop_lut1_I0_O)        0.124     5.320 f  design_1_i/MM_ultra_top_0/inst/U_MM_ultra_axi/u_MM_ultra/u_MM_buffer/u_MM/u_PE_array/i___219/O
                         net (fo=22328, routed)       6.506    11.826    design_1_i/MM_ultra_top_0/inst/U_MM_ultra_axi/u_MM_ultra/u_MM_buffer/u_MM/u_PE_array/array[13].PE_line_u/array_line[2].PE_u/reg_w_reg[7]_2
    SLICE_X109Y1         FDCE                                         f  design_1_i/MM_ultra_top_0/inst/U_MM_ultra_axi/u_MM_ultra/u_MM_buffer/u_MM/u_PE_array/array[13].PE_line_u/array_line[2].PE_u/x_out_reg[1]/CLR
  -------------------------------------------------------------------    -------------------

                         (clock clk_fpga_0 rise edge)
                                                     10.000    10.000 r  
    PS7_X0Y0             PS7                          0.000    10.000 r  design_1_i/processing_system7_0/inst/PS7_i/FCLKCLK[0]
                         net (fo=1, routed)           1.088    11.088    design_1_i/processing_system7_0/inst/FCLK_CLK_unbuffered[0]
    BUFGCTRL_X0Y16       BUFG (Prop_bufg_I_O)         0.091    11.179 r  design_1_i/processing_system7_0/inst/buffer_fclk_clk_0.FCLK_CLK_0_BUFG/O
                         net (fo=32901, routed)       1.701    12.880    design_1_i/MM_ultra_top_0/inst/U_MM_ultra_axi/u_MM_ultra/u_MM_buffer/u_MM/u_PE_array/array[13].PE_line_u/array_line[2].PE_u/aclk
    SLICE_X109Y1         FDCE                                         r  design_1_i/MM_ultra_top_0/inst/U_MM_ultra_axi/u_MM_ultra/u_MM_buffer/u_MM/u_PE_array/array[13].PE_line_u/array_line[2].PE_u/x_out_reg[1]/C
                         clock pessimism              0.115    12.995    
                         clock uncertainty           -0.154    12.841    
    SLICE_X109Y1         FDCE (Recov_fdce_C_CLR)     -0.405    12.436    design_1_i/MM_ultra_top_0/inst/U_MM_ultra_axi/u_MM_ultra/u_MM_buffer/u_MM/u_PE_array/array[13].PE_line_u/array_line[2].PE_u/x_out_reg[1]
  -------------------------------------------------------------------
                         required time                         12.436    
                         arrival time                         -11.826    
  -------------------------------------------------------------------
                         slack                                  0.610    

Slack (MET) :             0.610ns  (required time - arrival time)
  Source:                 design_1_i/rst_ps7_0_100M/U0/ACTIVE_LOW_PR_OUT_DFF[0].FDRE_PER_N/C
                            (rising edge-triggered cell FDRE clocked by clk_fpga_0  {rise@0.000ns fall@5.000ns period=10.000ns})
  Destination:            design_1_i/MM_ultra_top_0/inst/U_MM_ultra_axi/u_MM_ultra/u_MM_buffer/u_MM/u_PE_array/array[13].PE_line_u/array_line[2].PE_u/x_out_reg[2]/CLR
                            (recovery check against rising-edge clock clk_fpga_0  {rise@0.000ns fall@5.000ns period=10.000ns})
  Path Group:             **async_default**
  Path Type:              Recovery (Max at Slow Process Corner)
  Requirement:            10.000ns  (clk_fpga_0 rise@10.000ns - clk_fpga_0 rise@0.000ns)
  Data Path Delay:        8.665ns  (logic 0.642ns (7.409%)  route 8.023ns (92.591%))
  Logic Levels:           1  (LUT1=1)
  Clock Path Skew:        -0.166ns (DCD - SCD + CPR)
    Destination Clock Delay (DCD):    2.880ns = ( 12.880 - 10.000 ) 
    Source Clock Delay      (SCD):    3.161ns
    Clock Pessimism Removal (CPR):    0.115ns
  Clock Uncertainty:      0.154ns  ((TSJ^2 + TIJ^2)^1/2 + DJ) / 2 + PE
    Total System Jitter     (TSJ):    0.071ns
    Total Input Jitter      (TIJ):    0.300ns
    Discrete Jitter          (DJ):    0.000ns
    Phase Error              (PE):    0.000ns

    Location             Delay type                Incr(ns)  Path(ns)    Netlist Resource(s)
  -------------------------------------------------------------------    -------------------
                         (clock clk_fpga_0 rise edge)
                                                      0.000     0.000 r  
    PS7_X0Y0             PS7                          0.000     0.000 r  design_1_i/processing_system7_0/inst/PS7_i/FCLKCLK[0]
                         net (fo=1, routed)           1.193     1.193    design_1_i/processing_system7_0/inst/FCLK_CLK_unbuffered[0]
    BUFGCTRL_X0Y16       BUFG (Prop_bufg_I_O)         0.101     1.294 r  design_1_i/processing_system7_0/inst/buffer_fclk_clk_0.FCLK_CLK_0_BUFG/O
                         net (fo=32901, routed)       1.867     3.161    design_1_i/rst_ps7_0_100M/U0/slowest_sync_clk
    SLICE_X26Y124        FDRE                                         r  design_1_i/rst_ps7_0_100M/U0/ACTIVE_LOW_PR_OUT_DFF[0].FDRE_PER_N/C
  -------------------------------------------------------------------    -------------------
    SLICE_X26Y124        FDRE (Prop_fdre_C_Q)         0.518     3.679 r  design_1_i/rst_ps7_0_100M/U0/ACTIVE_LOW_PR_OUT_DFF[0].FDRE_PER_N/Q
                         net (fo=17, routed)          1.517     5.196    design_1_i/MM_ultra_top_0/inst/U_MM_ultra_axi/u_MM_ultra/u_MM_buffer/u_MM/u_PE_array/aresetn
    SLICE_X41Y104        LUT1 (Prop_lut1_I0_O)        0.124     5.320 f  design_1_i/MM_ultra_top_0/inst/U_MM_ultra_axi/u_MM_ultra/u_MM_buffer/u_MM/u_PE_array/i___219/O
                         net (fo=22328, routed)       6.506    11.826    design_1_i/MM_ultra_top_0/inst/U_MM_ultra_axi/u_MM_ultra/u_MM_buffer/u_MM/u_PE_array/array[13].PE_line_u/array_line[2].PE_u/reg_w_reg[7]_2
    SLICE_X109Y1         FDCE                                         f  design_1_i/MM_ultra_top_0/inst/U_MM_ultra_axi/u_MM_ultra/u_MM_buffer/u_MM/u_PE_array/array[13].PE_line_u/array_line[2].PE_u/x_out_reg[2]/CLR
  -------------------------------------------------------------------    -------------------

                         (clock clk_fpga_0 rise edge)
                                                     10.000    10.000 r  
    PS7_X0Y0             PS7                          0.000    10.000 r  design_1_i/processing_system7_0/inst/PS7_i/FCLKCLK[0]
                         net (fo=1, routed)           1.088    11.088    design_1_i/processing_system7_0/inst/FCLK_CLK_unbuffered[0]
    BUFGCTRL_X0Y16       BUFG (Prop_bufg_I_O)         0.091    11.179 r  design_1_i/processing_system7_0/inst/buffer_fclk_clk_0.FCLK_CLK_0_BUFG/O
                         net (fo=32901, routed)       1.701    12.880    design_1_i/MM_ultra_top_0/inst/U_MM_ultra_axi/u_MM_ultra/u_MM_buffer/u_MM/u_PE_array/array[13].PE_line_u/array_line[2].PE_u/aclk
    SLICE_X109Y1         FDCE                                         r  design_1_i/MM_ultra_top_0/inst/U_MM_ultra_axi/u_MM_ultra/u_MM_buffer/u_MM/u_PE_array/array[13].PE_line_u/array_line[2].PE_u/x_out_reg[2]/C
                         clock pessimism              0.115    12.995    
                         clock uncertainty           -0.154    12.841    
    SLICE_X109Y1         FDCE (Recov_fdce_C_CLR)     -0.405    12.436    design_1_i/MM_ultra_top_0/inst/U_MM_ultra_axi/u_MM_ultra/u_MM_buffer/u_MM/u_PE_array/array[13].PE_line_u/array_line[2].PE_u/x_out_reg[2]
  -------------------------------------------------------------------
                         required time                         12.436    
                         arrival time                         -11.826    
  -------------------------------------------------------------------
                         slack                                  0.610    

Slack (MET) :             0.653ns  (required time - arrival time)
  Source:                 design_1_i/rst_ps7_0_100M/U0/ACTIVE_LOW_PR_OUT_DFF[0].FDRE_PER_N/C
                            (rising edge-triggered cell FDRE clocked by clk_fpga_0  {rise@0.000ns fall@5.000ns period=10.000ns})
  Destination:            design_1_i/MM_ultra_top_0/inst/U_MM_ultra_axi/u_MM_ultra/u_MM_buffer/u_MM/u_PE_array/array[16].PE_line_u/array_line[2].PE_u/psum_out_reg[20]/CLR
                            (recovery check against rising-edge clock clk_fpga_0  {rise@0.000ns fall@5.000ns period=10.000ns})
  Path Group:             **async_default**
  Path Type:              Recovery (Max at Slow Process Corner)
  Requirement:            10.000ns  (clk_fpga_0 rise@10.000ns - clk_fpga_0 rise@0.000ns)
  Data Path Delay:        8.544ns  (logic 0.642ns (7.514%)  route 7.902ns (92.486%))
  Logic Levels:           1  (LUT1=1)
  Clock Path Skew:        -0.245ns (DCD - SCD + CPR)
    Destination Clock Delay (DCD):    2.801ns = ( 12.802 - 10.000 ) 
    Source Clock Delay      (SCD):    3.161ns
    Clock Pessimism Removal (CPR):    0.115ns
  Clock Uncertainty:      0.154ns  ((TSJ^2 + TIJ^2)^1/2 + DJ) / 2 + PE
    Total System Jitter     (TSJ):    0.071ns
    Total Input Jitter      (TIJ):    0.300ns
    Discrete Jitter          (DJ):    0.000ns
    Phase Error              (PE):    0.000ns

    Location             Delay type                Incr(ns)  Path(ns)    Netlist Resource(s)
  -------------------------------------------------------------------    -------------------
                         (clock clk_fpga_0 rise edge)
                                                      0.000     0.000 r  
    PS7_X0Y0             PS7                          0.000     0.000 r  design_1_i/processing_system7_0/inst/PS7_i/FCLKCLK[0]
                         net (fo=1, routed)           1.193     1.193    design_1_i/processing_system7_0/inst/FCLK_CLK_unbuffered[0]
    BUFGCTRL_X0Y16       BUFG (Prop_bufg_I_O)         0.101     1.294 r  design_1_i/processing_system7_0/inst/buffer_fclk_clk_0.FCLK_CLK_0_BUFG/O
                         net (fo=32901, routed)       1.867     3.161    design_1_i/rst_ps7_0_100M/U0/slowest_sync_clk
    SLICE_X26Y124        FDRE                                         r  design_1_i/rst_ps7_0_100M/U0/ACTIVE_LOW_PR_OUT_DFF[0].FDRE_PER_N/C
  -------------------------------------------------------------------    -------------------
    SLICE_X26Y124        FDRE (Prop_fdre_C_Q)         0.518     3.679 r  design_1_i/rst_ps7_0_100M/U0/ACTIVE_LOW_PR_OUT_DFF[0].FDRE_PER_N/Q
                         net (fo=17, routed)          1.517     5.196    design_1_i/MM_ultra_top_0/inst/U_MM_ultra_axi/u_MM_ultra/u_MM_buffer/u_MM/u_PE_array/aresetn
    SLICE_X41Y104        LUT1 (Prop_lut1_I0_O)        0.124     5.320 f  design_1_i/MM_ultra_top_0/inst/U_MM_ultra_axi/u_MM_ultra/u_MM_buffer/u_MM/u_PE_array/i___219/O
                         net (fo=22328, routed)       6.384    11.705    design_1_i/MM_ultra_top_0/inst/U_MM_ultra_axi/u_MM_ultra/u_MM_buffer/u_MM/u_PE_array/array[16].PE_line_u/array_line[2].PE_u/reg_w_reg[7]_2
    SLICE_X101Y11        FDCE                                         f  design_1_i/MM_ultra_top_0/inst/U_MM_ultra_axi/u_MM_ultra/u_MM_buffer/u_MM/u_PE_array/array[16].PE_line_u/array_line[2].PE_u/psum_out_reg[20]/CLR
  -------------------------------------------------------------------    -------------------

                         (clock clk_fpga_0 rise edge)
                                                     10.000    10.000 r  
    PS7_X0Y0             PS7                          0.000    10.000 r  design_1_i/processing_system7_0/inst/PS7_i/FCLKCLK[0]
                         net (fo=1, routed)           1.088    11.088    design_1_i/processing_system7_0/inst/FCLK_CLK_unbuffered[0]
    BUFGCTRL_X0Y16       BUFG (Prop_bufg_I_O)         0.091    11.179 r  design_1_i/processing_system7_0/inst/buffer_fclk_clk_0.FCLK_CLK_0_BUFG/O
                         net (fo=32901, routed)       1.622    12.802    design_1_i/MM_ultra_top_0/inst/U_MM_ultra_axi/u_MM_ultra/u_MM_buffer/u_MM/u_PE_array/array[16].PE_line_u/array_line[2].PE_u/aclk
    SLICE_X101Y11        FDCE                                         r  design_1_i/MM_ultra_top_0/inst/U_MM_ultra_axi/u_MM_ultra/u_MM_buffer/u_MM/u_PE_array/array[16].PE_line_u/array_line[2].PE_u/psum_out_reg[20]/C
                         clock pessimism              0.115    12.916    
                         clock uncertainty           -0.154    12.762    
    SLICE_X101Y11        FDCE (Recov_fdce_C_CLR)     -0.405    12.357    design_1_i/MM_ultra_top_0/inst/U_MM_ultra_axi/u_MM_ultra/u_MM_buffer/u_MM/u_PE_array/array[16].PE_line_u/array_line[2].PE_u/psum_out_reg[20]
  -------------------------------------------------------------------
                         required time                         12.357    
                         arrival time                         -11.705    
  -------------------------------------------------------------------
                         slack                                  0.653    

Slack (MET) :             0.653ns  (required time - arrival time)
  Source:                 design_1_i/rst_ps7_0_100M/U0/ACTIVE_LOW_PR_OUT_DFF[0].FDRE_PER_N/C
                            (rising edge-triggered cell FDRE clocked by clk_fpga_0  {rise@0.000ns fall@5.000ns period=10.000ns})
  Destination:            design_1_i/MM_ultra_top_0/inst/U_MM_ultra_axi/u_MM_ultra/u_MM_buffer/u_MM/u_PE_array/array[22].PE_line_u/array_line[13].PE_u/x_out_reg[6]/CLR
                            (recovery check against rising-edge clock clk_fpga_0  {rise@0.000ns fall@5.000ns period=10.000ns})
  Path Group:             **async_default**
  Path Type:              Recovery (Max at Slow Process Corner)
  Requirement:            10.000ns  (clk_fpga_0 rise@10.000ns - clk_fpga_0 rise@0.000ns)
  Data Path Delay:        8.544ns  (logic 0.642ns (7.514%)  route 7.902ns (92.486%))
  Logic Levels:           1  (LUT1=1)
  Clock Path Skew:        -0.245ns (DCD - SCD + CPR)
    Destination Clock Delay (DCD):    2.801ns = ( 12.802 - 10.000 ) 
    Source Clock Delay      (SCD):    3.161ns
    Clock Pessimism Removal (CPR):    0.115ns
  Clock Uncertainty:      0.154ns  ((TSJ^2 + TIJ^2)^1/2 + DJ) / 2 + PE
    Total System Jitter     (TSJ):    0.071ns
    Total Input Jitter      (TIJ):    0.300ns
    Discrete Jitter          (DJ):    0.000ns
    Phase Error              (PE):    0.000ns

    Location             Delay type                Incr(ns)  Path(ns)    Netlist Resource(s)
  -------------------------------------------------------------------    -------------------
                         (clock clk_fpga_0 rise edge)
                                                      0.000     0.000 r  
    PS7_X0Y0             PS7                          0.000     0.000 r  design_1_i/processing_system7_0/inst/PS7_i/FCLKCLK[0]
                         net (fo=1, routed)           1.193     1.193    design_1_i/processing_system7_0/inst/FCLK_CLK_unbuffered[0]
    BUFGCTRL_X0Y16       BUFG (Prop_bufg_I_O)         0.101     1.294 r  design_1_i/processing_system7_0/inst/buffer_fclk_clk_0.FCLK_CLK_0_BUFG/O
                         net (fo=32901, routed)       1.867     3.161    design_1_i/rst_ps7_0_100M/U0/slowest_sync_clk
    SLICE_X26Y124        FDRE                                         r  design_1_i/rst_ps7_0_100M/U0/ACTIVE_LOW_PR_OUT_DFF[0].FDRE_PER_N/C
  -------------------------------------------------------------------    -------------------
    SLICE_X26Y124        FDRE (Prop_fdre_C_Q)         0.518     3.679 r  design_1_i/rst_ps7_0_100M/U0/ACTIVE_LOW_PR_OUT_DFF[0].FDRE_PER_N/Q
                         net (fo=17, routed)          1.517     5.196    design_1_i/MM_ultra_top_0/inst/U_MM_ultra_axi/u_MM_ultra/u_MM_buffer/u_MM/u_PE_array/aresetn
    SLICE_X41Y104        LUT1 (Prop_lut1_I0_O)        0.124     5.320 f  design_1_i/MM_ultra_top_0/inst/U_MM_ultra_axi/u_MM_ultra/u_MM_buffer/u_MM/u_PE_array/i___219/O
                         net (fo=22328, routed)       6.384    11.705    design_1_i/MM_ultra_top_0/inst/U_MM_ultra_axi/u_MM_ultra/u_MM_buffer/u_MM/u_PE_array/array[22].PE_line_u/array_line[13].PE_u/reg_w_reg[7]_0
    SLICE_X101Y11        FDCE                                         f  design_1_i/MM_ultra_top_0/inst/U_MM_ultra_axi/u_MM_ultra/u_MM_buffer/u_MM/u_PE_array/array[22].PE_line_u/array_line[13].PE_u/x_out_reg[6]/CLR
  -------------------------------------------------------------------    -------------------

                         (clock clk_fpga_0 rise edge)
                                                     10.000    10.000 r  
    PS7_X0Y0             PS7                          0.000    10.000 r  design_1_i/processing_system7_0/inst/PS7_i/FCLKCLK[0]
                         net (fo=1, routed)           1.088    11.088    design_1_i/processing_system7_0/inst/FCLK_CLK_unbuffered[0]
    BUFGCTRL_X0Y16       BUFG (Prop_bufg_I_O)         0.091    11.179 r  design_1_i/processing_system7_0/inst/buffer_fclk_clk_0.FCLK_CLK_0_BUFG/O
                         net (fo=32901, routed)       1.622    12.802    design_1_i/MM_ultra_top_0/inst/U_MM_ultra_axi/u_MM_ultra/u_MM_buffer/u_MM/u_PE_array/array[22].PE_line_u/array_line[13].PE_u/aclk
    SLICE_X101Y11        FDCE                                         r  design_1_i/MM_ultra_top_0/inst/U_MM_ultra_axi/u_MM_ultra/u_MM_buffer/u_MM/u_PE_array/array[22].PE_line_u/array_line[13].PE_u/x_out_reg[6]/C
                         clock pessimism              0.115    12.916    
                         clock uncertainty           -0.154    12.762    
    SLICE_X101Y11        FDCE (Recov_fdce_C_CLR)     -0.405    12.357    design_1_i/MM_ultra_top_0/inst/U_MM_ultra_axi/u_MM_ultra/u_MM_buffer/u_MM/u_PE_array/array[22].PE_line_u/array_line[13].PE_u/x_out_reg[6]
  -------------------------------------------------------------------
                         required time                         12.357    
                         arrival time                         -11.705    
  -------------------------------------------------------------------
                         slack                                  0.653    

Slack (MET) :             0.653ns  (required time - arrival time)
  Source:                 design_1_i/rst_ps7_0_100M/U0/ACTIVE_LOW_PR_OUT_DFF[0].FDRE_PER_N/C
                            (rising edge-triggered cell FDRE clocked by clk_fpga_0  {rise@0.000ns fall@5.000ns period=10.000ns})
  Destination:            design_1_i/MM_ultra_top_0/inst/U_MM_ultra_axi/u_MM_ultra/u_MM_buffer/u_MM/u_PE_array/array[22].PE_line_u/array_line[14].PE_u/x_out_reg[5]/CLR
                            (recovery check against rising-edge clock clk_fpga_0  {rise@0.000ns fall@5.000ns period=10.000ns})
  Path Group:             **async_default**
  Path Type:              Recovery (Max at Slow Process Corner)
  Requirement:            10.000ns  (clk_fpga_0 rise@10.000ns - clk_fpga_0 rise@0.000ns)
  Data Path Delay:        8.544ns  (logic 0.642ns (7.514%)  route 7.902ns (92.486%))
  Logic Levels:           1  (LUT1=1)
  Clock Path Skew:        -0.245ns (DCD - SCD + CPR)
    Destination Clock Delay (DCD):    2.801ns = ( 12.802 - 10.000 ) 
    Source Clock Delay      (SCD):    3.161ns
    Clock Pessimism Removal (CPR):    0.115ns
  Clock Uncertainty:      0.154ns  ((TSJ^2 + TIJ^2)^1/2 + DJ) / 2 + PE
    Total System Jitter     (TSJ):    0.071ns
    Total Input Jitter      (TIJ):    0.300ns
    Discrete Jitter          (DJ):    0.000ns
    Phase Error              (PE):    0.000ns

    Location             Delay type                Incr(ns)  Path(ns)    Netlist Resource(s)
  -------------------------------------------------------------------    -------------------
                         (clock clk_fpga_0 rise edge)
                                                      0.000     0.000 r  
    PS7_X0Y0             PS7                          0.000     0.000 r  design_1_i/processing_system7_0/inst/PS7_i/FCLKCLK[0]
                         net (fo=1, routed)           1.193     1.193    design_1_i/processing_system7_0/inst/FCLK_CLK_unbuffered[0]
    BUFGCTRL_X0Y16       BUFG (Prop_bufg_I_O)         0.101     1.294 r  design_1_i/processing_system7_0/inst/buffer_fclk_clk_0.FCLK_CLK_0_BUFG/O
                         net (fo=32901, routed)       1.867     3.161    design_1_i/rst_ps7_0_100M/U0/slowest_sync_clk
    SLICE_X26Y124        FDRE                                         r  design_1_i/rst_ps7_0_100M/U0/ACTIVE_LOW_PR_OUT_DFF[0].FDRE_PER_N/C
  -------------------------------------------------------------------    -------------------
    SLICE_X26Y124        FDRE (Prop_fdre_C_Q)         0.518     3.679 r  design_1_i/rst_ps7_0_100M/U0/ACTIVE_LOW_PR_OUT_DFF[0].FDRE_PER_N/Q
                         net (fo=17, routed)          1.517     5.196    design_1_i/MM_ultra_top_0/inst/U_MM_ultra_axi/u_MM_ultra/u_MM_buffer/u_MM/u_PE_array/aresetn
    SLICE_X41Y104        LUT1 (Prop_lut1_I0_O)        0.124     5.320 f  design_1_i/MM_ultra_top_0/inst/U_MM_ultra_axi/u_MM_ultra/u_MM_buffer/u_MM/u_PE_array/i___219/O
                         net (fo=22328, routed)       6.384    11.705    design_1_i/MM_ultra_top_0/inst/U_MM_ultra_axi/u_MM_ultra/u_MM_buffer/u_MM/u_PE_array/array[22].PE_line_u/array_line[14].PE_u/reg_w_reg[7]_0
    SLICE_X101Y11        FDCE                                         f  design_1_i/MM_ultra_top_0/inst/U_MM_ultra_axi/u_MM_ultra/u_MM_buffer/u_MM/u_PE_array/array[22].PE_line_u/array_line[14].PE_u/x_out_reg[5]/CLR
  -------------------------------------------------------------------    -------------------

                         (clock clk_fpga_0 rise edge)
                                                     10.000    10.000 r  
    PS7_X0Y0             PS7                          0.000    10.000 r  design_1_i/processing_system7_0/inst/PS7_i/FCLKCLK[0]
                         net (fo=1, routed)           1.088    11.088    design_1_i/processing_system7_0/inst/FCLK_CLK_unbuffered[0]
    BUFGCTRL_X0Y16       BUFG (Prop_bufg_I_O)         0.091    11.179 r  design_1_i/processing_system7_0/inst/buffer_fclk_clk_0.FCLK_CLK_0_BUFG/O
                         net (fo=32901, routed)       1.622    12.802    design_1_i/MM_ultra_top_0/inst/U_MM_ultra_axi/u_MM_ultra/u_MM_buffer/u_MM/u_PE_array/array[22].PE_line_u/array_line[14].PE_u/aclk
    SLICE_X101Y11        FDCE                                         r  design_1_i/MM_ultra_top_0/inst/U_MM_ultra_axi/u_MM_ultra/u_MM_buffer/u_MM/u_PE_array/array[22].PE_line_u/array_line[14].PE_u/x_out_reg[5]/C
                         clock pessimism              0.115    12.916    
                         clock uncertainty           -0.154    12.762    
    SLICE_X101Y11        FDCE (Recov_fdce_C_CLR)     -0.405    12.357    design_1_i/MM_ultra_top_0/inst/U_MM_ultra_axi/u_MM_ultra/u_MM_buffer/u_MM/u_PE_array/array[22].PE_line_u/array_line[14].PE_u/x_out_reg[5]
  -------------------------------------------------------------------
                         required time                         12.357    
                         arrival time                         -11.705    
  -------------------------------------------------------------------
                         slack                                  0.653    

Slack (MET) :             0.653ns  (required time - arrival time)
  Source:                 design_1_i/rst_ps7_0_100M/U0/ACTIVE_LOW_PR_OUT_DFF[0].FDRE_PER_N/C
                            (rising edge-triggered cell FDRE clocked by clk_fpga_0  {rise@0.000ns fall@5.000ns period=10.000ns})
  Destination:            design_1_i/MM_ultra_top_0/inst/U_MM_ultra_axi/u_MM_ultra/u_MM_buffer/u_MM/u_PE_array/array[22].PE_line_u/array_line[14].PE_u/x_out_reg[6]/CLR
                            (recovery check against rising-edge clock clk_fpga_0  {rise@0.000ns fall@5.000ns period=10.000ns})
  Path Group:             **async_default**
  Path Type:              Recovery (Max at Slow Process Corner)
  Requirement:            10.000ns  (clk_fpga_0 rise@10.000ns - clk_fpga_0 rise@0.000ns)
  Data Path Delay:        8.544ns  (logic 0.642ns (7.514%)  route 7.902ns (92.486%))
  Logic Levels:           1  (LUT1=1)
  Clock Path Skew:        -0.245ns (DCD - SCD + CPR)
    Destination Clock Delay (DCD):    2.801ns = ( 12.802 - 10.000 ) 
    Source Clock Delay      (SCD):    3.161ns
    Clock Pessimism Removal (CPR):    0.115ns
  Clock Uncertainty:      0.154ns  ((TSJ^2 + TIJ^2)^1/2 + DJ) / 2 + PE
    Total System Jitter     (TSJ):    0.071ns
    Total Input Jitter      (TIJ):    0.300ns
    Discrete Jitter          (DJ):    0.000ns
    Phase Error              (PE):    0.000ns

    Location             Delay type                Incr(ns)  Path(ns)    Netlist Resource(s)
  -------------------------------------------------------------------    -------------------
                         (clock clk_fpga_0 rise edge)
                                                      0.000     0.000 r  
    PS7_X0Y0             PS7                          0.000     0.000 r  design_1_i/processing_system7_0/inst/PS7_i/FCLKCLK[0]
                         net (fo=1, routed)           1.193     1.193    design_1_i/processing_system7_0/inst/FCLK_CLK_unbuffered[0]
    BUFGCTRL_X0Y16       BUFG (Prop_bufg_I_O)         0.101     1.294 r  design_1_i/processing_system7_0/inst/buffer_fclk_clk_0.FCLK_CLK_0_BUFG/O
                         net (fo=32901, routed)       1.867     3.161    design_1_i/rst_ps7_0_100M/U0/slowest_sync_clk
    SLICE_X26Y124        FDRE                                         r  design_1_i/rst_ps7_0_100M/U0/ACTIVE_LOW_PR_OUT_DFF[0].FDRE_PER_N/C
  -------------------------------------------------------------------    -------------------
    SLICE_X26Y124        FDRE (Prop_fdre_C_Q)         0.518     3.679 r  design_1_i/rst_ps7_0_100M/U0/ACTIVE_LOW_PR_OUT_DFF[0].FDRE_PER_N/Q
                         net (fo=17, routed)          1.517     5.196    design_1_i/MM_ultra_top_0/inst/U_MM_ultra_axi/u_MM_ultra/u_MM_buffer/u_MM/u_PE_array/aresetn
    SLICE_X41Y104        LUT1 (Prop_lut1_I0_O)        0.124     5.320 f  design_1_i/MM_ultra_top_0/inst/U_MM_ultra_axi/u_MM_ultra/u_MM_buffer/u_MM/u_PE_array/i___219/O
                         net (fo=22328, routed)       6.384    11.705    design_1_i/MM_ultra_top_0/inst/U_MM_ultra_axi/u_MM_ultra/u_MM_buffer/u_MM/u_PE_array/array[22].PE_line_u/array_line[14].PE_u/reg_w_reg[7]_0
    SLICE_X101Y11        FDCE                                         f  design_1_i/MM_ultra_top_0/inst/U_MM_ultra_axi/u_MM_ultra/u_MM_buffer/u_MM/u_PE_array/array[22].PE_line_u/array_line[14].PE_u/x_out_reg[6]/CLR
  -------------------------------------------------------------------    -------------------

                         (clock clk_fpga_0 rise edge)
                                                     10.000    10.000 r  
    PS7_X0Y0             PS7                          0.000    10.000 r  design_1_i/processing_system7_0/inst/PS7_i/FCLKCLK[0]
                         net (fo=1, routed)           1.088    11.088    design_1_i/processing_system7_0/inst/FCLK_CLK_unbuffered[0]
    BUFGCTRL_X0Y16       BUFG (Prop_bufg_I_O)         0.091    11.179 r  design_1_i/processing_system7_0/inst/buffer_fclk_clk_0.FCLK_CLK_0_BUFG/O
                         net (fo=32901, routed)       1.622    12.802    design_1_i/MM_ultra_top_0/inst/U_MM_ultra_axi/u_MM_ultra/u_MM_buffer/u_MM/u_PE_array/array[22].PE_line_u/array_line[14].PE_u/aclk
    SLICE_X101Y11        FDCE                                         r  design_1_i/MM_ultra_top_0/inst/U_MM_ultra_axi/u_MM_ultra/u_MM_buffer/u_MM/u_PE_array/array[22].PE_line_u/array_line[14].PE_u/x_out_reg[6]/C
                         clock pessimism              0.115    12.916    
                         clock uncertainty           -0.154    12.762    
    SLICE_X101Y11        FDCE (Recov_fdce_C_CLR)     -0.405    12.357    design_1_i/MM_ultra_top_0/inst/U_MM_ultra_axi/u_MM_ultra/u_MM_buffer/u_MM/u_PE_array/array[22].PE_line_u/array_line[14].PE_u/x_out_reg[6]
  -------------------------------------------------------------------
                         required time                         12.357    
                         arrival time                         -11.705    
  -------------------------------------------------------------------
                         slack                                  0.653    

Slack (MET) :             0.653ns  (required time - arrival time)
  Source:                 design_1_i/rst_ps7_0_100M/U0/ACTIVE_LOW_PR_OUT_DFF[0].FDRE_PER_N/C
                            (rising edge-triggered cell FDRE clocked by clk_fpga_0  {rise@0.000ns fall@5.000ns period=10.000ns})
  Destination:            design_1_i/MM_ultra_top_0/inst/U_MM_ultra_axi/u_MM_ultra/u_MM_buffer/u_MM/u_PE_array/array[22].PE_line_u/array_line[15].PE_u/x_out_reg[3]/CLR
                            (recovery check against rising-edge clock clk_fpga_0  {rise@0.000ns fall@5.000ns period=10.000ns})
  Path Group:             **async_default**
  Path Type:              Recovery (Max at Slow Process Corner)
  Requirement:            10.000ns  (clk_fpga_0 rise@10.000ns - clk_fpga_0 rise@0.000ns)
  Data Path Delay:        8.544ns  (logic 0.642ns (7.514%)  route 7.902ns (92.486%))
  Logic Levels:           1  (LUT1=1)
  Clock Path Skew:        -0.245ns (DCD - SCD + CPR)
    Destination Clock Delay (DCD):    2.801ns = ( 12.802 - 10.000 ) 
    Source Clock Delay      (SCD):    3.161ns
    Clock Pessimism Removal (CPR):    0.115ns
  Clock Uncertainty:      0.154ns  ((TSJ^2 + TIJ^2)^1/2 + DJ) / 2 + PE
    Total System Jitter     (TSJ):    0.071ns
    Total Input Jitter      (TIJ):    0.300ns
    Discrete Jitter          (DJ):    0.000ns
    Phase Error              (PE):    0.000ns

    Location             Delay type                Incr(ns)  Path(ns)    Netlist Resource(s)
  -------------------------------------------------------------------    -------------------
                         (clock clk_fpga_0 rise edge)
                                                      0.000     0.000 r  
    PS7_X0Y0             PS7                          0.000     0.000 r  design_1_i/processing_system7_0/inst/PS7_i/FCLKCLK[0]
                         net (fo=1, routed)           1.193     1.193    design_1_i/processing_system7_0/inst/FCLK_CLK_unbuffered[0]
    BUFGCTRL_X0Y16       BUFG (Prop_bufg_I_O)         0.101     1.294 r  design_1_i/processing_system7_0/inst/buffer_fclk_clk_0.FCLK_CLK_0_BUFG/O
                         net (fo=32901, routed)       1.867     3.161    design_1_i/rst_ps7_0_100M/U0/slowest_sync_clk
    SLICE_X26Y124        FDRE                                         r  design_1_i/rst_ps7_0_100M/U0/ACTIVE_LOW_PR_OUT_DFF[0].FDRE_PER_N/C
  -------------------------------------------------------------------    -------------------
    SLICE_X26Y124        FDRE (Prop_fdre_C_Q)         0.518     3.679 r  design_1_i/rst_ps7_0_100M/U0/ACTIVE_LOW_PR_OUT_DFF[0].FDRE_PER_N/Q
                         net (fo=17, routed)          1.517     5.196    design_1_i/MM_ultra_top_0/inst/U_MM_ultra_axi/u_MM_ultra/u_MM_buffer/u_MM/u_PE_array/aresetn
    SLICE_X41Y104        LUT1 (Prop_lut1_I0_O)        0.124     5.320 f  design_1_i/MM_ultra_top_0/inst/U_MM_ultra_axi/u_MM_ultra/u_MM_buffer/u_MM/u_PE_array/i___219/O
                         net (fo=22328, routed)       6.384    11.705    design_1_i/MM_ultra_top_0/inst/U_MM_ultra_axi/u_MM_ultra/u_MM_buffer/u_MM/u_PE_array/array[22].PE_line_u/array_line[15].PE_u/reg_w_reg[7]_0
    SLICE_X101Y11        FDCE                                         f  design_1_i/MM_ultra_top_0/inst/U_MM_ultra_axi/u_MM_ultra/u_MM_buffer/u_MM/u_PE_array/array[22].PE_line_u/array_line[15].PE_u/x_out_reg[3]/CLR
  -------------------------------------------------------------------    -------------------

                         (clock clk_fpga_0 rise edge)
                                                     10.000    10.000 r  
    PS7_X0Y0             PS7                          0.000    10.000 r  design_1_i/processing_system7_0/inst/PS7_i/FCLKCLK[0]
                         net (fo=1, routed)           1.088    11.088    design_1_i/processing_system7_0/inst/FCLK_CLK_unbuffered[0]
    BUFGCTRL_X0Y16       BUFG (Prop_bufg_I_O)         0.091    11.179 r  design_1_i/processing_system7_0/inst/buffer_fclk_clk_0.FCLK_CLK_0_BUFG/O
                         net (fo=32901, routed)       1.622    12.802    design_1_i/MM_ultra_top_0/inst/U_MM_ultra_axi/u_MM_ultra/u_MM_buffer/u_MM/u_PE_array/array[22].PE_line_u/array_line[15].PE_u/aclk
    SLICE_X101Y11        FDCE                                         r  design_1_i/MM_ultra_top_0/inst/U_MM_ultra_axi/u_MM_ultra/u_MM_buffer/u_MM/u_PE_array/array[22].PE_line_u/array_line[15].PE_u/x_out_reg[3]/C
                         clock pessimism              0.115    12.916    
                         clock uncertainty           -0.154    12.762    
    SLICE_X101Y11        FDCE (Recov_fdce_C_CLR)     -0.405    12.357    design_1_i/MM_ultra_top_0/inst/U_MM_ultra_axi/u_MM_ultra/u_MM_buffer/u_MM/u_PE_array/array[22].PE_line_u/array_line[15].PE_u/x_out_reg[3]
  -------------------------------------------------------------------
                         required time                         12.357    
                         arrival time                         -11.705    
  -------------------------------------------------------------------
                         slack                                  0.653    

Slack (MET) :             0.658ns  (required time - arrival time)
  Source:                 design_1_i/rst_ps7_0_100M/U0/ACTIVE_LOW_PR_OUT_DFF[0].FDRE_PER_N/C
                            (rising edge-triggered cell FDRE clocked by clk_fpga_0  {rise@0.000ns fall@5.000ns period=10.000ns})
  Destination:            design_1_i/MM_ultra_top_0/inst/U_MM_ultra_axi/u_MM_ultra/u_MM_buffer/u_MM/u_PE_array/array[15].PE_line_u/array_line[2].PE_u/x_out_reg[1]/CLR
                            (recovery check against rising-edge clock clk_fpga_0  {rise@0.000ns fall@5.000ns period=10.000ns})
  Path Group:             **async_default**
  Path Type:              Recovery (Max at Slow Process Corner)
  Requirement:            10.000ns  (clk_fpga_0 rise@10.000ns - clk_fpga_0 rise@0.000ns)
  Data Path Delay:        8.618ns  (logic 0.642ns (7.449%)  route 7.976ns (92.551%))
  Logic Levels:           1  (LUT1=1)
  Clock Path Skew:        -0.165ns (DCD - SCD + CPR)
    Destination Clock Delay (DCD):    2.881ns = ( 12.882 - 10.000 ) 
    Source Clock Delay      (SCD):    3.161ns
    Clock Pessimism Removal (CPR):    0.115ns
  Clock Uncertainty:      0.154ns  ((TSJ^2 + TIJ^2)^1/2 + DJ) / 2 + PE
    Total System Jitter     (TSJ):    0.071ns
    Total Input Jitter      (TIJ):    0.300ns
    Discrete Jitter          (DJ):    0.000ns
    Phase Error              (PE):    0.000ns

    Location             Delay type                Incr(ns)  Path(ns)    Netlist Resource(s)
  -------------------------------------------------------------------    -------------------
                         (clock clk_fpga_0 rise edge)
                                                      0.000     0.000 r  
    PS7_X0Y0             PS7                          0.000     0.000 r  design_1_i/processing_system7_0/inst/PS7_i/FCLKCLK[0]
                         net (fo=1, routed)           1.193     1.193    design_1_i/processing_system7_0/inst/FCLK_CLK_unbuffered[0]
    BUFGCTRL_X0Y16       BUFG (Prop_bufg_I_O)         0.101     1.294 r  design_1_i/processing_system7_0/inst/buffer_fclk_clk_0.FCLK_CLK_0_BUFG/O
                         net (fo=32901, routed)       1.867     3.161    design_1_i/rst_ps7_0_100M/U0/slowest_sync_clk
    SLICE_X26Y124        FDRE                                         r  design_1_i/rst_ps7_0_100M/U0/ACTIVE_LOW_PR_OUT_DFF[0].FDRE_PER_N/C
  -------------------------------------------------------------------    -------------------
    SLICE_X26Y124        FDRE (Prop_fdre_C_Q)         0.518     3.679 r  design_1_i/rst_ps7_0_100M/U0/ACTIVE_LOW_PR_OUT_DFF[0].FDRE_PER_N/Q
                         net (fo=17, routed)          1.517     5.196    design_1_i/MM_ultra_top_0/inst/U_MM_ultra_axi/u_MM_ultra/u_MM_buffer/u_MM/u_PE_array/aresetn
    SLICE_X41Y104        LUT1 (Prop_lut1_I0_O)        0.124     5.320 f  design_1_i/MM_ultra_top_0/inst/U_MM_ultra_axi/u_MM_ultra/u_MM_buffer/u_MM/u_PE_array/i___219/O
                         net (fo=22328, routed)       6.459    11.779    design_1_i/MM_ultra_top_0/inst/U_MM_ultra_axi/u_MM_ultra/u_MM_buffer/u_MM/u_PE_array/array[15].PE_line_u/array_line[2].PE_u/reg_w_reg[7]_2
    SLICE_X111Y3         FDCE                                         f  design_1_i/MM_ultra_top_0/inst/U_MM_ultra_axi/u_MM_ultra/u_MM_buffer/u_MM/u_PE_array/array[15].PE_line_u/array_line[2].PE_u/x_out_reg[1]/CLR
  -------------------------------------------------------------------    -------------------

                         (clock clk_fpga_0 rise edge)
                                                     10.000    10.000 r  
    PS7_X0Y0             PS7                          0.000    10.000 r  design_1_i/processing_system7_0/inst/PS7_i/FCLKCLK[0]
                         net (fo=1, routed)           1.088    11.088    design_1_i/processing_system7_0/inst/FCLK_CLK_unbuffered[0]
    BUFGCTRL_X0Y16       BUFG (Prop_bufg_I_O)         0.091    11.179 r  design_1_i/processing_system7_0/inst/buffer_fclk_clk_0.FCLK_CLK_0_BUFG/O
                         net (fo=32901, routed)       1.702    12.882    design_1_i/MM_ultra_top_0/inst/U_MM_ultra_axi/u_MM_ultra/u_MM_buffer/u_MM/u_PE_array/array[15].PE_line_u/array_line[2].PE_u/aclk
    SLICE_X111Y3         FDCE                                         r  design_1_i/MM_ultra_top_0/inst/U_MM_ultra_axi/u_MM_ultra/u_MM_buffer/u_MM/u_PE_array/array[15].PE_line_u/array_line[2].PE_u/x_out_reg[1]/C
                         clock pessimism              0.115    12.996    
                         clock uncertainty           -0.154    12.842    
    SLICE_X111Y3         FDCE (Recov_fdce_C_CLR)     -0.405    12.437    design_1_i/MM_ultra_top_0/inst/U_MM_ultra_axi/u_MM_ultra/u_MM_buffer/u_MM/u_PE_array/array[15].PE_line_u/array_line[2].PE_u/x_out_reg[1]
  -------------------------------------------------------------------
                         required time                         12.437    
                         arrival time                         -11.779    
  -------------------------------------------------------------------
                         slack                                  0.658    

Slack (MET) :             0.659ns  (required time - arrival time)
  Source:                 design_1_i/rst_ps7_0_100M/U0/ACTIVE_LOW_PR_OUT_DFF[0].FDRE_PER_N/C
                            (rising edge-triggered cell FDRE clocked by clk_fpga_0  {rise@0.000ns fall@5.000ns period=10.000ns})
  Destination:            design_1_i/MM_ultra_top_0/inst/U_MM_ultra_axi/u_MM_ultra/u_MM_buffer/u_MM/u_PE_array/array[12].PE_line_u/array_line[2].PE_u/x_out_reg[5]/CLR
                            (recovery check against rising-edge clock clk_fpga_0  {rise@0.000ns fall@5.000ns period=10.000ns})
  Path Group:             **async_default**
  Path Type:              Recovery (Max at Slow Process Corner)
  Requirement:            10.000ns  (clk_fpga_0 rise@10.000ns - clk_fpga_0 rise@0.000ns)
  Data Path Delay:        8.538ns  (logic 0.642ns (7.520%)  route 7.896ns (92.480%))
  Logic Levels:           1  (LUT1=1)
  Clock Path Skew:        -0.245ns (DCD - SCD + CPR)
    Destination Clock Delay (DCD):    2.801ns = ( 12.802 - 10.000 ) 
    Source Clock Delay      (SCD):    3.161ns
    Clock Pessimism Removal (CPR):    0.115ns
  Clock Uncertainty:      0.154ns  ((TSJ^2 + TIJ^2)^1/2 + DJ) / 2 + PE
    Total System Jitter     (TSJ):    0.071ns
    Total Input Jitter      (TIJ):    0.300ns
    Discrete Jitter          (DJ):    0.000ns
    Phase Error              (PE):    0.000ns

    Location             Delay type                Incr(ns)  Path(ns)    Netlist Resource(s)
  -------------------------------------------------------------------    -------------------
                         (clock clk_fpga_0 rise edge)
                                                      0.000     0.000 r  
    PS7_X0Y0             PS7                          0.000     0.000 r  design_1_i/processing_system7_0/inst/PS7_i/FCLKCLK[0]
                         net (fo=1, routed)           1.193     1.193    design_1_i/processing_system7_0/inst/FCLK_CLK_unbuffered[0]
    BUFGCTRL_X0Y16       BUFG (Prop_bufg_I_O)         0.101     1.294 r  design_1_i/processing_system7_0/inst/buffer_fclk_clk_0.FCLK_CLK_0_BUFG/O
                         net (fo=32901, routed)       1.867     3.161    design_1_i/rst_ps7_0_100M/U0/slowest_sync_clk
    SLICE_X26Y124        FDRE                                         r  design_1_i/rst_ps7_0_100M/U0/ACTIVE_LOW_PR_OUT_DFF[0].FDRE_PER_N/C
  -------------------------------------------------------------------    -------------------
    SLICE_X26Y124        FDRE (Prop_fdre_C_Q)         0.518     3.679 r  design_1_i/rst_ps7_0_100M/U0/ACTIVE_LOW_PR_OUT_DFF[0].FDRE_PER_N/Q
                         net (fo=17, routed)          1.517     5.196    design_1_i/MM_ultra_top_0/inst/U_MM_ultra_axi/u_MM_ultra/u_MM_buffer/u_MM/u_PE_array/aresetn
    SLICE_X41Y104        LUT1 (Prop_lut1_I0_O)        0.124     5.320 f  design_1_i/MM_ultra_top_0/inst/U_MM_ultra_axi/u_MM_ultra/u_MM_buffer/u_MM/u_PE_array/i___219/O
                         net (fo=22328, routed)       6.379    11.699    design_1_i/MM_ultra_top_0/inst/U_MM_ultra_axi/u_MM_ultra/u_MM_buffer/u_MM/u_PE_array/array[12].PE_line_u/array_line[2].PE_u/reg_w_reg[7]_2
    SLICE_X97Y9          FDCE                                         f  design_1_i/MM_ultra_top_0/inst/U_MM_ultra_axi/u_MM_ultra/u_MM_buffer/u_MM/u_PE_array/array[12].PE_line_u/array_line[2].PE_u/x_out_reg[5]/CLR
  -------------------------------------------------------------------    -------------------

                         (clock clk_fpga_0 rise edge)
                                                     10.000    10.000 r  
    PS7_X0Y0             PS7                          0.000    10.000 r  design_1_i/processing_system7_0/inst/PS7_i/FCLKCLK[0]
                         net (fo=1, routed)           1.088    11.088    design_1_i/processing_system7_0/inst/FCLK_CLK_unbuffered[0]
    BUFGCTRL_X0Y16       BUFG (Prop_bufg_I_O)         0.091    11.179 r  design_1_i/processing_system7_0/inst/buffer_fclk_clk_0.FCLK_CLK_0_BUFG/O
                         net (fo=32901, routed)       1.622    12.802    design_1_i/MM_ultra_top_0/inst/U_MM_ultra_axi/u_MM_ultra/u_MM_buffer/u_MM/u_PE_array/array[12].PE_line_u/array_line[2].PE_u/aclk
    SLICE_X97Y9          FDCE                                         r  design_1_i/MM_ultra_top_0/inst/U_MM_ultra_axi/u_MM_ultra/u_MM_buffer/u_MM/u_PE_array/array[12].PE_line_u/array_line[2].PE_u/x_out_reg[5]/C
                         clock pessimism              0.115    12.916    
                         clock uncertainty           -0.154    12.762    
    SLICE_X97Y9          FDCE (Recov_fdce_C_CLR)     -0.405    12.357    design_1_i/MM_ultra_top_0/inst/U_MM_ultra_axi/u_MM_ultra/u_MM_buffer/u_MM/u_PE_array/array[12].PE_line_u/array_line[2].PE_u/x_out_reg[5]
  -------------------------------------------------------------------
                         required time                         12.357    
                         arrival time                         -11.699    
  -------------------------------------------------------------------
                         slack                                  0.659    

Slack (MET) :             0.659ns  (required time - arrival time)
  Source:                 design_1_i/rst_ps7_0_100M/U0/ACTIVE_LOW_PR_OUT_DFF[0].FDRE_PER_N/C
                            (rising edge-triggered cell FDRE clocked by clk_fpga_0  {rise@0.000ns fall@5.000ns period=10.000ns})
  Destination:            design_1_i/MM_ultra_top_0/inst/U_MM_ultra_axi/u_MM_ultra/u_MM_buffer/u_MM/u_PE_array/array[12].PE_line_u/array_line[2].PE_u/x_out_reg[7]/CLR
                            (recovery check against rising-edge clock clk_fpga_0  {rise@0.000ns fall@5.000ns period=10.000ns})
  Path Group:             **async_default**
  Path Type:              Recovery (Max at Slow Process Corner)
  Requirement:            10.000ns  (clk_fpga_0 rise@10.000ns - clk_fpga_0 rise@0.000ns)
  Data Path Delay:        8.538ns  (logic 0.642ns (7.520%)  route 7.896ns (92.480%))
  Logic Levels:           1  (LUT1=1)
  Clock Path Skew:        -0.245ns (DCD - SCD + CPR)
    Destination Clock Delay (DCD):    2.801ns = ( 12.802 - 10.000 ) 
    Source Clock Delay      (SCD):    3.161ns
    Clock Pessimism Removal (CPR):    0.115ns
  Clock Uncertainty:      0.154ns  ((TSJ^2 + TIJ^2)^1/2 + DJ) / 2 + PE
    Total System Jitter     (TSJ):    0.071ns
    Total Input Jitter      (TIJ):    0.300ns
    Discrete Jitter          (DJ):    0.000ns
    Phase Error              (PE):    0.000ns

    Location             Delay type                Incr(ns)  Path(ns)    Netlist Resource(s)
  -------------------------------------------------------------------    -------------------
                         (clock clk_fpga_0 rise edge)
                                                      0.000     0.000 r  
    PS7_X0Y0             PS7                          0.000     0.000 r  design_1_i/processing_system7_0/inst/PS7_i/FCLKCLK[0]
                         net (fo=1, routed)           1.193     1.193    design_1_i/processing_system7_0/inst/FCLK_CLK_unbuffered[0]
    BUFGCTRL_X0Y16       BUFG (Prop_bufg_I_O)         0.101     1.294 r  design_1_i/processing_system7_0/inst/buffer_fclk_clk_0.FCLK_CLK_0_BUFG/O
                         net (fo=32901, routed)       1.867     3.161    design_1_i/rst_ps7_0_100M/U0/slowest_sync_clk
    SLICE_X26Y124        FDRE                                         r  design_1_i/rst_ps7_0_100M/U0/ACTIVE_LOW_PR_OUT_DFF[0].FDRE_PER_N/C
  -------------------------------------------------------------------    -------------------
    SLICE_X26Y124        FDRE (Prop_fdre_C_Q)         0.518     3.679 r  design_1_i/rst_ps7_0_100M/U0/ACTIVE_LOW_PR_OUT_DFF[0].FDRE_PER_N/Q
                         net (fo=17, routed)          1.517     5.196    design_1_i/MM_ultra_top_0/inst/U_MM_ultra_axi/u_MM_ultra/u_MM_buffer/u_MM/u_PE_array/aresetn
    SLICE_X41Y104        LUT1 (Prop_lut1_I0_O)        0.124     5.320 f  design_1_i/MM_ultra_top_0/inst/U_MM_ultra_axi/u_MM_ultra/u_MM_buffer/u_MM/u_PE_array/i___219/O
                         net (fo=22328, routed)       6.379    11.699    design_1_i/MM_ultra_top_0/inst/U_MM_ultra_axi/u_MM_ultra/u_MM_buffer/u_MM/u_PE_array/array[12].PE_line_u/array_line[2].PE_u/reg_w_reg[7]_2
    SLICE_X97Y9          FDCE                                         f  design_1_i/MM_ultra_top_0/inst/U_MM_ultra_axi/u_MM_ultra/u_MM_buffer/u_MM/u_PE_array/array[12].PE_line_u/array_line[2].PE_u/x_out_reg[7]/CLR
  -------------------------------------------------------------------    -------------------

                         (clock clk_fpga_0 rise edge)
                                                     10.000    10.000 r  
    PS7_X0Y0             PS7                          0.000    10.000 r  design_1_i/processing_system7_0/inst/PS7_i/FCLKCLK[0]
                         net (fo=1, routed)           1.088    11.088    design_1_i/processing_system7_0/inst/FCLK_CLK_unbuffered[0]
    BUFGCTRL_X0Y16       BUFG (Prop_bufg_I_O)         0.091    11.179 r  design_1_i/processing_system7_0/inst/buffer_fclk_clk_0.FCLK_CLK_0_BUFG/O
                         net (fo=32901, routed)       1.622    12.802    design_1_i/MM_ultra_top_0/inst/U_MM_ultra_axi/u_MM_ultra/u_MM_buffer/u_MM/u_PE_array/array[12].PE_line_u/array_line[2].PE_u/aclk
    SLICE_X97Y9          FDCE                                         r  design_1_i/MM_ultra_top_0/inst/U_MM_ultra_axi/u_MM_ultra/u_MM_buffer/u_MM/u_PE_array/array[12].PE_line_u/array_line[2].PE_u/x_out_reg[7]/C
                         clock pessimism              0.115    12.916    
                         clock uncertainty           -0.154    12.762    
    SLICE_X97Y9          FDCE (Recov_fdce_C_CLR)     -0.405    12.357    design_1_i/MM_ultra_top_0/inst/U_MM_ultra_axi/u_MM_ultra/u_MM_buffer/u_MM/u_PE_array/array[12].PE_line_u/array_line[2].PE_u/x_out_reg[7]
  -------------------------------------------------------------------
                         required time                         12.357    
                         arrival time                         -11.699    
  -------------------------------------------------------------------
                         slack                                  0.659    

Slack (MET) :             0.659ns  (required time - arrival time)
  Source:                 design_1_i/rst_ps7_0_100M/U0/ACTIVE_LOW_PR_OUT_DFF[0].FDRE_PER_N/C
                            (rising edge-triggered cell FDRE clocked by clk_fpga_0  {rise@0.000ns fall@5.000ns period=10.000ns})
  Destination:            design_1_i/MM_ultra_top_0/inst/U_MM_ultra_axi/u_MM_ultra/u_MM_buffer/u_MM/u_PE_array/array[19].PE_line_u/array_line[14].PE_u/x_out_reg[5]/CLR
                            (recovery check against rising-edge clock clk_fpga_0  {rise@0.000ns fall@5.000ns period=10.000ns})
  Path Group:             **async_default**
  Path Type:              Recovery (Max at Slow Process Corner)
  Requirement:            10.000ns  (clk_fpga_0 rise@10.000ns - clk_fpga_0 rise@0.000ns)
  Data Path Delay:        8.538ns  (logic 0.642ns (7.520%)  route 7.896ns (92.480%))
  Logic Levels:           1  (LUT1=1)
  Clock Path Skew:        -0.245ns (DCD - SCD + CPR)
    Destination Clock Delay (DCD):    2.801ns = ( 12.802 - 10.000 ) 
    Source Clock Delay      (SCD):    3.161ns
    Clock Pessimism Removal (CPR):    0.115ns
  Clock Uncertainty:      0.154ns  ((TSJ^2 + TIJ^2)^1/2 + DJ) / 2 + PE
    Total System Jitter     (TSJ):    0.071ns
    Total Input Jitter      (TIJ):    0.300ns
    Discrete Jitter          (DJ):    0.000ns
    Phase Error              (PE):    0.000ns

    Location             Delay type                Incr(ns)  Path(ns)    Netlist Resource(s)
  -------------------------------------------------------------------    -------------------
                         (clock clk_fpga_0 rise edge)
                                                      0.000     0.000 r  
    PS7_X0Y0             PS7                          0.000     0.000 r  design_1_i/processing_system7_0/inst/PS7_i/FCLKCLK[0]
                         net (fo=1, routed)           1.193     1.193    design_1_i/processing_system7_0/inst/FCLK_CLK_unbuffered[0]
    BUFGCTRL_X0Y16       BUFG (Prop_bufg_I_O)         0.101     1.294 r  design_1_i/processing_system7_0/inst/buffer_fclk_clk_0.FCLK_CLK_0_BUFG/O
                         net (fo=32901, routed)       1.867     3.161    design_1_i/rst_ps7_0_100M/U0/slowest_sync_clk
    SLICE_X26Y124        FDRE                                         r  design_1_i/rst_ps7_0_100M/U0/ACTIVE_LOW_PR_OUT_DFF[0].FDRE_PER_N/C
  -------------------------------------------------------------------    -------------------
    SLICE_X26Y124        FDRE (Prop_fdre_C_Q)         0.518     3.679 r  design_1_i/rst_ps7_0_100M/U0/ACTIVE_LOW_PR_OUT_DFF[0].FDRE_PER_N/Q
                         net (fo=17, routed)          1.517     5.196    design_1_i/MM_ultra_top_0/inst/U_MM_ultra_axi/u_MM_ultra/u_MM_buffer/u_MM/u_PE_array/aresetn
    SLICE_X41Y104        LUT1 (Prop_lut1_I0_O)        0.124     5.320 f  design_1_i/MM_ultra_top_0/inst/U_MM_ultra_axi/u_MM_ultra/u_MM_buffer/u_MM/u_PE_array/i___219/O
                         net (fo=22328, routed)       6.379    11.699    design_1_i/MM_ultra_top_0/inst/U_MM_ultra_axi/u_MM_ultra/u_MM_buffer/u_MM/u_PE_array/array[19].PE_line_u/array_line[14].PE_u/reg_w_reg[7]_0
    SLICE_X97Y9          FDCE                                         f  design_1_i/MM_ultra_top_0/inst/U_MM_ultra_axi/u_MM_ultra/u_MM_buffer/u_MM/u_PE_array/array[19].PE_line_u/array_line[14].PE_u/x_out_reg[5]/CLR
  -------------------------------------------------------------------    -------------------

                         (clock clk_fpga_0 rise edge)
                                                     10.000    10.000 r  
    PS7_X0Y0             PS7                          0.000    10.000 r  design_1_i/processing_system7_0/inst/PS7_i/FCLKCLK[0]
                         net (fo=1, routed)           1.088    11.088    design_1_i/processing_system7_0/inst/FCLK_CLK_unbuffered[0]
    BUFGCTRL_X0Y16       BUFG (Prop_bufg_I_O)         0.091    11.179 r  design_1_i/processing_system7_0/inst/buffer_fclk_clk_0.FCLK_CLK_0_BUFG/O
                         net (fo=32901, routed)       1.622    12.802    design_1_i/MM_ultra_top_0/inst/U_MM_ultra_axi/u_MM_ultra/u_MM_buffer/u_MM/u_PE_array/array[19].PE_line_u/array_line[14].PE_u/aclk
    SLICE_X97Y9          FDCE                                         r  design_1_i/MM_ultra_top_0/inst/U_MM_ultra_axi/u_MM_ultra/u_MM_buffer/u_MM/u_PE_array/array[19].PE_line_u/array_line[14].PE_u/x_out_reg[5]/C
                         clock pessimism              0.115    12.916    
                         clock uncertainty           -0.154    12.762    
    SLICE_X97Y9          FDCE (Recov_fdce_C_CLR)     -0.405    12.357    design_1_i/MM_ultra_top_0/inst/U_MM_ultra_axi/u_MM_ultra/u_MM_buffer/u_MM/u_PE_array/array[19].PE_line_u/array_line[14].PE_u/x_out_reg[5]
  -------------------------------------------------------------------
                         required time                         12.357    
                         arrival time                         -11.699    
  -------------------------------------------------------------------
                         slack                                  0.659    

Slack (MET) :             0.668ns  (required time - arrival time)
  Source:                 design_1_i/rst_ps7_0_100M/U0/ACTIVE_LOW_PR_OUT_DFF[0].FDRE_PER_N/C
                            (rising edge-triggered cell FDRE clocked by clk_fpga_0  {rise@0.000ns fall@5.000ns period=10.000ns})
  Destination:            design_1_i/MM_ultra_top_0/inst/U_MM_ultra_axi/u_MM_ultra/u_MM_buffer/u_MM/u_PE_array/array[15].PE_line_u/array_line[2].PE_u/reg_w_reg[6]/CLR
                            (recovery check against rising-edge clock clk_fpga_0  {rise@0.000ns fall@5.000ns period=10.000ns})
  Path Group:             **async_default**
  Path Type:              Recovery (Max at Slow Process Corner)
  Requirement:            10.000ns  (clk_fpga_0 rise@10.000ns - clk_fpga_0 rise@0.000ns)
  Data Path Delay:        8.607ns  (logic 0.642ns (7.459%)  route 7.965ns (92.541%))
  Logic Levels:           1  (LUT1=1)
  Clock Path Skew:        -0.166ns (DCD - SCD + CPR)
    Destination Clock Delay (DCD):    2.880ns = ( 12.880 - 10.000 ) 
    Source Clock Delay      (SCD):    3.161ns
    Clock Pessimism Removal (CPR):    0.115ns
  Clock Uncertainty:      0.154ns  ((TSJ^2 + TIJ^2)^1/2 + DJ) / 2 + PE
    Total System Jitter     (TSJ):    0.071ns
    Total Input Jitter      (TIJ):    0.300ns
    Discrete Jitter          (DJ):    0.000ns
    Phase Error              (PE):    0.000ns

    Location             Delay type                Incr(ns)  Path(ns)    Netlist Resource(s)
  -------------------------------------------------------------------    -------------------
                         (clock clk_fpga_0 rise edge)
                                                      0.000     0.000 r  
    PS7_X0Y0             PS7                          0.000     0.000 r  design_1_i/processing_system7_0/inst/PS7_i/FCLKCLK[0]
                         net (fo=1, routed)           1.193     1.193    design_1_i/processing_system7_0/inst/FCLK_CLK_unbuffered[0]
    BUFGCTRL_X0Y16       BUFG (Prop_bufg_I_O)         0.101     1.294 r  design_1_i/processing_system7_0/inst/buffer_fclk_clk_0.FCLK_CLK_0_BUFG/O
                         net (fo=32901, routed)       1.867     3.161    design_1_i/rst_ps7_0_100M/U0/slowest_sync_clk
    SLICE_X26Y124        FDRE                                         r  design_1_i/rst_ps7_0_100M/U0/ACTIVE_LOW_PR_OUT_DFF[0].FDRE_PER_N/C
  -------------------------------------------------------------------    -------------------
    SLICE_X26Y124        FDRE (Prop_fdre_C_Q)         0.518     3.679 r  design_1_i/rst_ps7_0_100M/U0/ACTIVE_LOW_PR_OUT_DFF[0].FDRE_PER_N/Q
                         net (fo=17, routed)          1.517     5.196    design_1_i/MM_ultra_top_0/inst/U_MM_ultra_axi/u_MM_ultra/u_MM_buffer/u_MM/u_PE_array/aresetn
    SLICE_X41Y104        LUT1 (Prop_lut1_I0_O)        0.124     5.320 f  design_1_i/MM_ultra_top_0/inst/U_MM_ultra_axi/u_MM_ultra/u_MM_buffer/u_MM/u_PE_array/i___219/O
                         net (fo=22328, routed)       6.448    11.768    design_1_i/MM_ultra_top_0/inst/U_MM_ultra_axi/u_MM_ultra/u_MM_buffer/u_MM/u_PE_array/array[15].PE_line_u/array_line[2].PE_u/reg_w_reg[7]_2
    SLICE_X107Y0         FDCE                                         f  design_1_i/MM_ultra_top_0/inst/U_MM_ultra_axi/u_MM_ultra/u_MM_buffer/u_MM/u_PE_array/array[15].PE_line_u/array_line[2].PE_u/reg_w_reg[6]/CLR
  -------------------------------------------------------------------    -------------------

                         (clock clk_fpga_0 rise edge)
                                                     10.000    10.000 r  
    PS7_X0Y0             PS7                          0.000    10.000 r  design_1_i/processing_system7_0/inst/PS7_i/FCLKCLK[0]
                         net (fo=1, routed)           1.088    11.088    design_1_i/processing_system7_0/inst/FCLK_CLK_unbuffered[0]
    BUFGCTRL_X0Y16       BUFG (Prop_bufg_I_O)         0.091    11.179 r  design_1_i/processing_system7_0/inst/buffer_fclk_clk_0.FCLK_CLK_0_BUFG/O
                         net (fo=32901, routed)       1.701    12.880    design_1_i/MM_ultra_top_0/inst/U_MM_ultra_axi/u_MM_ultra/u_MM_buffer/u_MM/u_PE_array/array[15].PE_line_u/array_line[2].PE_u/aclk
    SLICE_X107Y0         FDCE                                         r  design_1_i/MM_ultra_top_0/inst/U_MM_ultra_axi/u_MM_ultra/u_MM_buffer/u_MM/u_PE_array/array[15].PE_line_u/array_line[2].PE_u/reg_w_reg[6]/C
                         clock pessimism              0.115    12.995    
                         clock uncertainty           -0.154    12.841    
    SLICE_X107Y0         FDCE (Recov_fdce_C_CLR)     -0.405    12.436    design_1_i/MM_ultra_top_0/inst/U_MM_ultra_axi/u_MM_ultra/u_MM_buffer/u_MM/u_PE_array/array[15].PE_line_u/array_line[2].PE_u/reg_w_reg[6]
  -------------------------------------------------------------------
                         required time                         12.436    
                         arrival time                         -11.768    
  -------------------------------------------------------------------
                         slack                                  0.668    

Slack (MET) :             0.672ns  (required time - arrival time)
  Source:                 design_1_i/rst_ps7_0_100M/U0/ACTIVE_LOW_PR_OUT_DFF[0].FDRE_PER_N/C
                            (rising edge-triggered cell FDRE clocked by clk_fpga_0  {rise@0.000ns fall@5.000ns period=10.000ns})
  Destination:            design_1_i/MM_ultra_top_0/inst/U_MM_ultra_axi/u_MM_ultra/u_MM_buffer/u_MM/u_PE_array/array[14].PE_line_u/array_line[1].PE_u/x_out_reg[4]/CLR
                            (recovery check against rising-edge clock clk_fpga_0  {rise@0.000ns fall@5.000ns period=10.000ns})
  Path Group:             **async_default**
  Path Type:              Recovery (Max at Slow Process Corner)
  Requirement:            10.000ns  (clk_fpga_0 rise@10.000ns - clk_fpga_0 rise@0.000ns)
  Data Path Delay:        8.525ns  (logic 0.642ns (7.531%)  route 7.883ns (92.469%))
  Logic Levels:           1  (LUT1=1)
  Clock Path Skew:        -0.245ns (DCD - SCD + CPR)
    Destination Clock Delay (DCD):    2.801ns = ( 12.801 - 10.000 ) 
    Source Clock Delay      (SCD):    3.161ns
    Clock Pessimism Removal (CPR):    0.115ns
  Clock Uncertainty:      0.154ns  ((TSJ^2 + TIJ^2)^1/2 + DJ) / 2 + PE
    Total System Jitter     (TSJ):    0.071ns
    Total Input Jitter      (TIJ):    0.300ns
    Discrete Jitter          (DJ):    0.000ns
    Phase Error              (PE):    0.000ns

    Location             Delay type                Incr(ns)  Path(ns)    Netlist Resource(s)
  -------------------------------------------------------------------    -------------------
                         (clock clk_fpga_0 rise edge)
                                                      0.000     0.000 r  
    PS7_X0Y0             PS7                          0.000     0.000 r  design_1_i/processing_system7_0/inst/PS7_i/FCLKCLK[0]
                         net (fo=1, routed)           1.193     1.193    design_1_i/processing_system7_0/inst/FCLK_CLK_unbuffered[0]
    BUFGCTRL_X0Y16       BUFG (Prop_bufg_I_O)         0.101     1.294 r  design_1_i/processing_system7_0/inst/buffer_fclk_clk_0.FCLK_CLK_0_BUFG/O
                         net (fo=32901, routed)       1.867     3.161    design_1_i/rst_ps7_0_100M/U0/slowest_sync_clk
    SLICE_X26Y124        FDRE                                         r  design_1_i/rst_ps7_0_100M/U0/ACTIVE_LOW_PR_OUT_DFF[0].FDRE_PER_N/C
  -------------------------------------------------------------------    -------------------
    SLICE_X26Y124        FDRE (Prop_fdre_C_Q)         0.518     3.679 r  design_1_i/rst_ps7_0_100M/U0/ACTIVE_LOW_PR_OUT_DFF[0].FDRE_PER_N/Q
                         net (fo=17, routed)          1.517     5.196    design_1_i/MM_ultra_top_0/inst/U_MM_ultra_axi/u_MM_ultra/u_MM_buffer/u_MM/u_PE_array/aresetn
    SLICE_X41Y104        LUT1 (Prop_lut1_I0_O)        0.124     5.320 f  design_1_i/MM_ultra_top_0/inst/U_MM_ultra_axi/u_MM_ultra/u_MM_buffer/u_MM/u_PE_array/i___219/O
                         net (fo=22328, routed)       6.365    11.686    design_1_i/MM_ultra_top_0/inst/U_MM_ultra_axi/u_MM_ultra/u_MM_buffer/u_MM/u_PE_array/array[14].PE_line_u/array_line[1].PE_u/reg_w_reg[7]_2
    SLICE_X91Y3          FDCE                                         f  design_1_i/MM_ultra_top_0/inst/U_MM_ultra_axi/u_MM_ultra/u_MM_buffer/u_MM/u_PE_array/array[14].PE_line_u/array_line[1].PE_u/x_out_reg[4]/CLR
  -------------------------------------------------------------------    -------------------

                         (clock clk_fpga_0 rise edge)
                                                     10.000    10.000 r  
    PS7_X0Y0             PS7                          0.000    10.000 r  design_1_i/processing_system7_0/inst/PS7_i/FCLKCLK[0]
                         net (fo=1, routed)           1.088    11.088    design_1_i/processing_system7_0/inst/FCLK_CLK_unbuffered[0]
    BUFGCTRL_X0Y16       BUFG (Prop_bufg_I_O)         0.091    11.179 r  design_1_i/processing_system7_0/inst/buffer_fclk_clk_0.FCLK_CLK_0_BUFG/O
                         net (fo=32901, routed)       1.622    12.802    design_1_i/MM_ultra_top_0/inst/U_MM_ultra_axi/u_MM_ultra/u_MM_buffer/u_MM/u_PE_array/array[14].PE_line_u/array_line[1].PE_u/aclk
    SLICE_X91Y3          FDCE                                         r  design_1_i/MM_ultra_top_0/inst/U_MM_ultra_axi/u_MM_ultra/u_MM_buffer/u_MM/u_PE_array/array[14].PE_line_u/array_line[1].PE_u/x_out_reg[4]/C
                         clock pessimism              0.115    12.916    
                         clock uncertainty           -0.154    12.762    
    SLICE_X91Y3          FDCE (Recov_fdce_C_CLR)     -0.405    12.357    design_1_i/MM_ultra_top_0/inst/U_MM_ultra_axi/u_MM_ultra/u_MM_buffer/u_MM/u_PE_array/array[14].PE_line_u/array_line[1].PE_u/x_out_reg[4]
  -------------------------------------------------------------------
                         required time                         12.357    
                         arrival time                         -11.686    
  -------------------------------------------------------------------
                         slack                                  0.672    

Slack (MET) :             0.672ns  (required time - arrival time)
  Source:                 design_1_i/rst_ps7_0_100M/U0/ACTIVE_LOW_PR_OUT_DFF[0].FDRE_PER_N/C
                            (rising edge-triggered cell FDRE clocked by clk_fpga_0  {rise@0.000ns fall@5.000ns period=10.000ns})
  Destination:            design_1_i/MM_ultra_top_0/inst/U_MM_ultra_axi/u_MM_ultra/u_MM_buffer/u_MM/u_PE_array/array[14].PE_line_u/array_line[1].PE_u/x_out_reg[6]/CLR
                            (recovery check against rising-edge clock clk_fpga_0  {rise@0.000ns fall@5.000ns period=10.000ns})
  Path Group:             **async_default**
  Path Type:              Recovery (Max at Slow Process Corner)
  Requirement:            10.000ns  (clk_fpga_0 rise@10.000ns - clk_fpga_0 rise@0.000ns)
  Data Path Delay:        8.525ns  (logic 0.642ns (7.531%)  route 7.883ns (92.469%))
  Logic Levels:           1  (LUT1=1)
  Clock Path Skew:        -0.245ns (DCD - SCD + CPR)
    Destination Clock Delay (DCD):    2.801ns = ( 12.801 - 10.000 ) 
    Source Clock Delay      (SCD):    3.161ns
    Clock Pessimism Removal (CPR):    0.115ns
  Clock Uncertainty:      0.154ns  ((TSJ^2 + TIJ^2)^1/2 + DJ) / 2 + PE
    Total System Jitter     (TSJ):    0.071ns
    Total Input Jitter      (TIJ):    0.300ns
    Discrete Jitter          (DJ):    0.000ns
    Phase Error              (PE):    0.000ns

    Location             Delay type                Incr(ns)  Path(ns)    Netlist Resource(s)
  -------------------------------------------------------------------    -------------------
                         (clock clk_fpga_0 rise edge)
                                                      0.000     0.000 r  
    PS7_X0Y0             PS7                          0.000     0.000 r  design_1_i/processing_system7_0/inst/PS7_i/FCLKCLK[0]
                         net (fo=1, routed)           1.193     1.193    design_1_i/processing_system7_0/inst/FCLK_CLK_unbuffered[0]
    BUFGCTRL_X0Y16       BUFG (Prop_bufg_I_O)         0.101     1.294 r  design_1_i/processing_system7_0/inst/buffer_fclk_clk_0.FCLK_CLK_0_BUFG/O
                         net (fo=32901, routed)       1.867     3.161    design_1_i/rst_ps7_0_100M/U0/slowest_sync_clk
    SLICE_X26Y124        FDRE                                         r  design_1_i/rst_ps7_0_100M/U0/ACTIVE_LOW_PR_OUT_DFF[0].FDRE_PER_N/C
  -------------------------------------------------------------------    -------------------
    SLICE_X26Y124        FDRE (Prop_fdre_C_Q)         0.518     3.679 r  design_1_i/rst_ps7_0_100M/U0/ACTIVE_LOW_PR_OUT_DFF[0].FDRE_PER_N/Q
                         net (fo=17, routed)          1.517     5.196    design_1_i/MM_ultra_top_0/inst/U_MM_ultra_axi/u_MM_ultra/u_MM_buffer/u_MM/u_PE_array/aresetn
    SLICE_X41Y104        LUT1 (Prop_lut1_I0_O)        0.124     5.320 f  design_1_i/MM_ultra_top_0/inst/U_MM_ultra_axi/u_MM_ultra/u_MM_buffer/u_MM/u_PE_array/i___219/O
                         net (fo=22328, routed)       6.365    11.686    design_1_i/MM_ultra_top_0/inst/U_MM_ultra_axi/u_MM_ultra/u_MM_buffer/u_MM/u_PE_array/array[14].PE_line_u/array_line[1].PE_u/reg_w_reg[7]_2
    SLICE_X91Y3          FDCE                                         f  design_1_i/MM_ultra_top_0/inst/U_MM_ultra_axi/u_MM_ultra/u_MM_buffer/u_MM/u_PE_array/array[14].PE_line_u/array_line[1].PE_u/x_out_reg[6]/CLR
  -------------------------------------------------------------------    -------------------

                         (clock clk_fpga_0 rise edge)
                                                     10.000    10.000 r  
    PS7_X0Y0             PS7                          0.000    10.000 r  design_1_i/processing_system7_0/inst/PS7_i/FCLKCLK[0]
                         net (fo=1, routed)           1.088    11.088    design_1_i/processing_system7_0/inst/FCLK_CLK_unbuffered[0]
    BUFGCTRL_X0Y16       BUFG (Prop_bufg_I_O)         0.091    11.179 r  design_1_i/processing_system7_0/inst/buffer_fclk_clk_0.FCLK_CLK_0_BUFG/O
                         net (fo=32901, routed)       1.622    12.802    design_1_i/MM_ultra_top_0/inst/U_MM_ultra_axi/u_MM_ultra/u_MM_buffer/u_MM/u_PE_array/array[14].PE_line_u/array_line[1].PE_u/aclk
    SLICE_X91Y3          FDCE                                         r  design_1_i/MM_ultra_top_0/inst/U_MM_ultra_axi/u_MM_ultra/u_MM_buffer/u_MM/u_PE_array/array[14].PE_line_u/array_line[1].PE_u/x_out_reg[6]/C
                         clock pessimism              0.115    12.916    
                         clock uncertainty           -0.154    12.762    
    SLICE_X91Y3          FDCE (Recov_fdce_C_CLR)     -0.405    12.357    design_1_i/MM_ultra_top_0/inst/U_MM_ultra_axi/u_MM_ultra/u_MM_buffer/u_MM/u_PE_array/array[14].PE_line_u/array_line[1].PE_u/x_out_reg[6]
  -------------------------------------------------------------------
                         required time                         12.357    
                         arrival time                         -11.686    
  -------------------------------------------------------------------
                         slack                                  0.672    

Slack (MET) :             0.697ns  (required time - arrival time)
  Source:                 design_1_i/rst_ps7_0_100M/U0/ACTIVE_LOW_PR_OUT_DFF[0].FDRE_PER_N/C
                            (rising edge-triggered cell FDRE clocked by clk_fpga_0  {rise@0.000ns fall@5.000ns period=10.000ns})
  Destination:            design_1_i/MM_ultra_top_0/inst/U_MM_ultra_axi/u_MM_ultra/u_MM_buffer/u_MM/u_PE_array/array[19].PE_line_u/array_line[14].PE_u/reg_w_reg[6]/CLR
                            (recovery check against rising-edge clock clk_fpga_0  {rise@0.000ns fall@5.000ns period=10.000ns})
  Path Group:             **async_default**
  Path Type:              Recovery (Max at Slow Process Corner)
  Requirement:            10.000ns  (clk_fpga_0 rise@10.000ns - clk_fpga_0 rise@0.000ns)
  Data Path Delay:        8.544ns  (logic 0.642ns (7.514%)  route 7.902ns (92.486%))
  Logic Levels:           1  (LUT1=1)
  Clock Path Skew:        -0.245ns (DCD - SCD + CPR)
    Destination Clock Delay (DCD):    2.801ns = ( 12.802 - 10.000 ) 
    Source Clock Delay      (SCD):    3.161ns
    Clock Pessimism Removal (CPR):    0.115ns
  Clock Uncertainty:      0.154ns  ((TSJ^2 + TIJ^2)^1/2 + DJ) / 2 + PE
    Total System Jitter     (TSJ):    0.071ns
    Total Input Jitter      (TIJ):    0.300ns
    Discrete Jitter          (DJ):    0.000ns
    Phase Error              (PE):    0.000ns

    Location             Delay type                Incr(ns)  Path(ns)    Netlist Resource(s)
  -------------------------------------------------------------------    -------------------
                         (clock clk_fpga_0 rise edge)
                                                      0.000     0.000 r  
    PS7_X0Y0             PS7                          0.000     0.000 r  design_1_i/processing_system7_0/inst/PS7_i/FCLKCLK[0]
                         net (fo=1, routed)           1.193     1.193    design_1_i/processing_system7_0/inst/FCLK_CLK_unbuffered[0]
    BUFGCTRL_X0Y16       BUFG (Prop_bufg_I_O)         0.101     1.294 r  design_1_i/processing_system7_0/inst/buffer_fclk_clk_0.FCLK_CLK_0_BUFG/O
                         net (fo=32901, routed)       1.867     3.161    design_1_i/rst_ps7_0_100M/U0/slowest_sync_clk
    SLICE_X26Y124        FDRE                                         r  design_1_i/rst_ps7_0_100M/U0/ACTIVE_LOW_PR_OUT_DFF[0].FDRE_PER_N/C
  -------------------------------------------------------------------    -------------------
    SLICE_X26Y124        FDRE (Prop_fdre_C_Q)         0.518     3.679 r  design_1_i/rst_ps7_0_100M/U0/ACTIVE_LOW_PR_OUT_DFF[0].FDRE_PER_N/Q
                         net (fo=17, routed)          1.517     5.196    design_1_i/MM_ultra_top_0/inst/U_MM_ultra_axi/u_MM_ultra/u_MM_buffer/u_MM/u_PE_array/aresetn
    SLICE_X41Y104        LUT1 (Prop_lut1_I0_O)        0.124     5.320 f  design_1_i/MM_ultra_top_0/inst/U_MM_ultra_axi/u_MM_ultra/u_MM_buffer/u_MM/u_PE_array/i___219/O
                         net (fo=22328, routed)       6.384    11.705    design_1_i/MM_ultra_top_0/inst/U_MM_ultra_axi/u_MM_ultra/u_MM_buffer/u_MM/u_PE_array/array[19].PE_line_u/array_line[14].PE_u/reg_w_reg[7]_0
    SLICE_X100Y11        FDCE                                         f  design_1_i/MM_ultra_top_0/inst/U_MM_ultra_axi/u_MM_ultra/u_MM_buffer/u_MM/u_PE_array/array[19].PE_line_u/array_line[14].PE_u/reg_w_reg[6]/CLR
  -------------------------------------------------------------------    -------------------

                         (clock clk_fpga_0 rise edge)
                                                     10.000    10.000 r  
    PS7_X0Y0             PS7                          0.000    10.000 r  design_1_i/processing_system7_0/inst/PS7_i/FCLKCLK[0]
                         net (fo=1, routed)           1.088    11.088    design_1_i/processing_system7_0/inst/FCLK_CLK_unbuffered[0]
    BUFGCTRL_X0Y16       BUFG (Prop_bufg_I_O)         0.091    11.179 r  design_1_i/processing_system7_0/inst/buffer_fclk_clk_0.FCLK_CLK_0_BUFG/O
                         net (fo=32901, routed)       1.622    12.802    design_1_i/MM_ultra_top_0/inst/U_MM_ultra_axi/u_MM_ultra/u_MM_buffer/u_MM/u_PE_array/array[19].PE_line_u/array_line[14].PE_u/aclk
    SLICE_X100Y11        FDCE                                         r  design_1_i/MM_ultra_top_0/inst/U_MM_ultra_axi/u_MM_ultra/u_MM_buffer/u_MM/u_PE_array/array[19].PE_line_u/array_line[14].PE_u/reg_w_reg[6]/C
                         clock pessimism              0.115    12.916    
                         clock uncertainty           -0.154    12.762    
    SLICE_X100Y11        FDCE (Recov_fdce_C_CLR)     -0.361    12.401    design_1_i/MM_ultra_top_0/inst/U_MM_ultra_axi/u_MM_ultra/u_MM_buffer/u_MM/u_PE_array/array[19].PE_line_u/array_line[14].PE_u/reg_w_reg[6]
  -------------------------------------------------------------------
                         required time                         12.401    
                         arrival time                         -11.705    
  -------------------------------------------------------------------
                         slack                                  0.697    

Slack (MET) :             0.703ns  (required time - arrival time)
  Source:                 design_1_i/rst_ps7_0_100M/U0/ACTIVE_LOW_PR_OUT_DFF[0].FDRE_PER_N/C
                            (rising edge-triggered cell FDRE clocked by clk_fpga_0  {rise@0.000ns fall@5.000ns period=10.000ns})
  Destination:            design_1_i/MM_ultra_top_0/inst/U_MM_ultra_axi/u_MM_ultra/u_MM_buffer/u_MM/weight_buffer_reg[7][20]/CLR
                            (recovery check against rising-edge clock clk_fpga_0  {rise@0.000ns fall@5.000ns period=10.000ns})
  Path Group:             **async_default**
  Path Type:              Recovery (Max at Slow Process Corner)
  Requirement:            10.000ns  (clk_fpga_0 rise@10.000ns - clk_fpga_0 rise@0.000ns)
  Data Path Delay:        8.538ns  (logic 0.642ns (7.520%)  route 7.896ns (92.480%))
  Logic Levels:           1  (LUT1=1)
  Clock Path Skew:        -0.245ns (DCD - SCD + CPR)
    Destination Clock Delay (DCD):    2.801ns = ( 12.802 - 10.000 ) 
    Source Clock Delay      (SCD):    3.161ns
    Clock Pessimism Removal (CPR):    0.115ns
  Clock Uncertainty:      0.154ns  ((TSJ^2 + TIJ^2)^1/2 + DJ) / 2 + PE
    Total System Jitter     (TSJ):    0.071ns
    Total Input Jitter      (TIJ):    0.300ns
    Discrete Jitter          (DJ):    0.000ns
    Phase Error              (PE):    0.000ns

    Location             Delay type                Incr(ns)  Path(ns)    Netlist Resource(s)
  -------------------------------------------------------------------    -------------------
                         (clock clk_fpga_0 rise edge)
                                                      0.000     0.000 r  
    PS7_X0Y0             PS7                          0.000     0.000 r  design_1_i/processing_system7_0/inst/PS7_i/FCLKCLK[0]
                         net (fo=1, routed)           1.193     1.193    design_1_i/processing_system7_0/inst/FCLK_CLK_unbuffered[0]
    BUFGCTRL_X0Y16       BUFG (Prop_bufg_I_O)         0.101     1.294 r  design_1_i/processing_system7_0/inst/buffer_fclk_clk_0.FCLK_CLK_0_BUFG/O
                         net (fo=32901, routed)       1.867     3.161    design_1_i/rst_ps7_0_100M/U0/slowest_sync_clk
    SLICE_X26Y124        FDRE                                         r  design_1_i/rst_ps7_0_100M/U0/ACTIVE_LOW_PR_OUT_DFF[0].FDRE_PER_N/C
  -------------------------------------------------------------------    -------------------
    SLICE_X26Y124        FDRE (Prop_fdre_C_Q)         0.518     3.679 r  design_1_i/rst_ps7_0_100M/U0/ACTIVE_LOW_PR_OUT_DFF[0].FDRE_PER_N/Q
                         net (fo=17, routed)          1.517     5.196    design_1_i/MM_ultra_top_0/inst/U_MM_ultra_axi/u_MM_ultra/u_MM_buffer/u_MM/u_PE_array/aresetn
    SLICE_X41Y104        LUT1 (Prop_lut1_I0_O)        0.124     5.320 f  design_1_i/MM_ultra_top_0/inst/U_MM_ultra_axi/u_MM_ultra/u_MM_buffer/u_MM/u_PE_array/i___219/O
                         net (fo=22328, routed)       6.379    11.699    design_1_i/MM_ultra_top_0/inst/U_MM_ultra_axi/u_MM_ultra/u_MM_buffer/u_MM/ACTIVE_LOW_PR_OUT_DFF[0].FDRE_PER_N
    SLICE_X96Y9          FDCE                                         f  design_1_i/MM_ultra_top_0/inst/U_MM_ultra_axi/u_MM_ultra/u_MM_buffer/u_MM/weight_buffer_reg[7][20]/CLR
  -------------------------------------------------------------------    -------------------

                         (clock clk_fpga_0 rise edge)
                                                     10.000    10.000 r  
    PS7_X0Y0             PS7                          0.000    10.000 r  design_1_i/processing_system7_0/inst/PS7_i/FCLKCLK[0]
                         net (fo=1, routed)           1.088    11.088    design_1_i/processing_system7_0/inst/FCLK_CLK_unbuffered[0]
    BUFGCTRL_X0Y16       BUFG (Prop_bufg_I_O)         0.091    11.179 r  design_1_i/processing_system7_0/inst/buffer_fclk_clk_0.FCLK_CLK_0_BUFG/O
                         net (fo=32901, routed)       1.622    12.802    design_1_i/MM_ultra_top_0/inst/U_MM_ultra_axi/u_MM_ultra/u_MM_buffer/u_MM/aclk
    SLICE_X96Y9          FDCE                                         r  design_1_i/MM_ultra_top_0/inst/U_MM_ultra_axi/u_MM_ultra/u_MM_buffer/u_MM/weight_buffer_reg[7][20]/C
                         clock pessimism              0.115    12.916    
                         clock uncertainty           -0.154    12.762    
    SLICE_X96Y9          FDCE (Recov_fdce_C_CLR)     -0.361    12.401    design_1_i/MM_ultra_top_0/inst/U_MM_ultra_axi/u_MM_ultra/u_MM_buffer/u_MM/weight_buffer_reg[7][20]
  -------------------------------------------------------------------
                         required time                         12.401    
                         arrival time                         -11.699    
  -------------------------------------------------------------------
                         slack                                  0.703    





