Copyright 1986-2022 Xilinx, Inc. All Rights Reserved. Copyright 2022-2025 Advanced Micro Devices, Inc. All Rights Reserved.
---------------------------------------------------------------------------------------------------------------------------------------------
| Tool Version : Vivado v.2025.2 (lin64) Build 6299465 Fri Nov 14 12:34:56 MST 2025
| Date         : Sun Sep  6 12:59:19 2026
| Host         : ip-10-70-154-191.il-central-1.compute.internal running 64-bit Rocky Linux release 8.10 (Green Obsidian)
| Command      : report_utilization -hierarchical -hierarchical_depth 12 -file exports/arch_dump/utilization_hier.rpt
| Design       : design_1_wrapper
| Device       : xc7z020clg400-1
| Speed File   : -1
| Design State : Routed
---------------------------------------------------------------------------------------------------------------------------------------------

Utilization Design Information

Table of Contents
-----------------
1. Utilization by Hierarchy

1. Utilization by Hierarchy
---------------------------

+-------------------------------------------------------------------+---------------------------------------------------------------------+------------+------------+---------+------+-------+--------+--------+------------+
|                              Instance                             |                                Module                               | Total LUTs | Logic LUTs | LUTRAMs | SRLs |  FFs  | RAMB36 | RAMB18 | DSP Blocks |
+-------------------------------------------------------------------+---------------------------------------------------------------------+------------+------------+---------+------+-------+--------+--------+------------+
| design_1_wrapper                                                  |                                                               (top) |      38711 |      37588 |     298 |  825 | 30872 |    120 |      7 |        220 |
|   design_1_i                                                      |                                                            design_1 |      38711 |      37588 |     298 |  825 | 30872 |    120 |      7 |        220 |
|     MM_ultra_top_0                                                |                                           design_1_MM_ultra_top_0_0 |      33611 |      33013 |       0 |  598 | 24280 |    108 |      4 |        220 |
|       (MM_ultra_top_0)                                            |                                           design_1_MM_ultra_top_0_0 |       3288 |       3288 |       0 |    0 |     0 |      0 |      0 |          0 |
|       inst                                                        |                                                        MM_ultra_top |      30324 |      29726 |       0 |  598 | 24280 |    108 |      4 |        220 |
|         U_MM_ultra_axi                                            |                                                        MM_ultra_axi |      30324 |      29726 |       0 |  598 | 24280 |    108 |      4 |        220 |
|           (U_MM_ultra_axi)                                        |                                                        MM_ultra_axi |         50 |         50 |       0 |    0 |   170 |      0 |      0 |          0 |
|           u_MM_ultra                                              |                                                            MM_ultra |      30274 |      29676 |       0 |  598 | 24110 |    108 |      4 |        220 |
|             (u_MM_ultra)                                          |                                                            MM_ultra |         16 |         16 |       0 |    0 |    78 |      0 |      0 |          0 |
|             u_MM_buffer                                           |                                                           MM_buffer |      27771 |      27173 |       0 |  598 | 23091 |     10 |      2 |        220 |
|               (u_MM_buffer)                                       |                                                           MM_buffer |        196 |        196 |       0 |    0 |   117 |     10 |      2 |          0 |
|               u_MM                                                |                                                                  MM |      27576 |      26978 |       0 |  598 | 22974 |      0 |      0 |        220 |
|                 (u_MM)                                            |                                                                  MM |        892 |        888 |       0 |    4 |  5201 |      0 |      0 |          0 |
|                 u_PE_array                                        |                                                            PE_array |      26684 |      26090 |       0 |  594 | 17773 |      0 |      0 |        220 |
|                   (u_PE_array)                                    |                                                            PE_array |       1685 |       1091 |       0 |  594 |  1525 |      0 |      0 |          0 |
|                   array[0].PE_line_u                              |                                                             PE_line |        715 |        715 |       0 |    0 |   670 |      0 |      0 |         10 |
|                     array_line[19].PE_u                           |                                                              PE_716 |         51 |         51 |       0 |    0 |    37 |      0 |      0 |          0 |
|                     array_line[1].PE_u                            |                                                              PE_717 |         51 |         51 |       0 |    0 |    37 |      0 |      0 |          0 |
|                     array_line[20].PE_u                           |                                                              PE_718 |         51 |         51 |       0 |    0 |    37 |      0 |      0 |          0 |
|                     array_line[21].PE_u                           |                                                              PE_719 |         51 |         51 |       0 |    0 |    37 |      0 |      0 |          0 |
|                     array_line[22].PE_u                           |                                                              PE_720 |         51 |         51 |       0 |    0 |    37 |      0 |      0 |          0 |
|                     array_line[23].PE_u                           |                                                              PE_721 |         51 |         51 |       0 |    0 |    29 |      0 |      0 |          0 |
|                     array_line[2].PE_u                            |                                                              PE_722 |         51 |         51 |       0 |    0 |    37 |      0 |      0 |          0 |
|                     array_line[3].PE_u                            |                                                              PE_723 |         51 |         51 |       0 |    0 |    37 |      0 |      0 |          0 |
|                     array_line[4].PE_u                            |                                                              PE_724 |         51 |         51 |       0 |    0 |    37 |      0 |      0 |          0 |
|                     array_line[5].PE_u                            |                                                              PE_725 |         51 |         51 |       0 |    0 |    37 |      0 |      0 |          0 |
|                     array_line[6].PE_u                            |                                                              PE_726 |         51 |         51 |       0 |    0 |    37 |      0 |      0 |          0 |
|                     array_line[7].PE_u                            |                                                              PE_727 |         51 |         51 |       0 |    0 |    37 |      0 |      0 |          0 |
|                     array_line[8].PE_u                            |                                                              PE_728 |         51 |         51 |       0 |    0 |    37 |      0 |      0 |          0 |
|                     array_line[9].PE_u                            |                                                              PE_729 |         51 |         51 |       0 |    0 |    37 |      0 |      0 |          0 |
|                   array[10].PE_line_u                             |                                                         PE_line_132 |        994 |        994 |       0 |    0 |   670 |      0 |      0 |         10 |
|                     array_line[19].PE_u                           |                                                              PE_692 |         71 |         71 |       0 |    0 |    37 |      0 |      0 |          0 |
|                     array_line[1].PE_u                            |                                                              PE_693 |         71 |         71 |       0 |    0 |    37 |      0 |      0 |          0 |
|                     array_line[20].PE_u                           |                                                              PE_694 |         71 |         71 |       0 |    0 |    37 |      0 |      0 |          0 |
|                     array_line[21].PE_u                           |                                                              PE_695 |         71 |         71 |       0 |    0 |    37 |      0 |      0 |          0 |
|                     array_line[22].PE_u                           |                                                              PE_696 |         71 |         71 |       0 |    0 |    37 |      0 |      0 |          0 |
|                     array_line[23].PE_u                           |                                                              PE_697 |         71 |         71 |       0 |    0 |    29 |      0 |      0 |          0 |
|                     array_line[2].PE_u                            |                                                              PE_698 |         71 |         71 |       0 |    0 |    37 |      0 |      0 |          0 |
|                     array_line[3].PE_u                            |                                                              PE_699 |         71 |         71 |       0 |    0 |    37 |      0 |      0 |          0 |
|                     array_line[4].PE_u                            |                                                              PE_700 |         71 |         71 |       0 |    0 |    37 |      0 |      0 |          0 |
|                     array_line[5].PE_u                            |                                                              PE_701 |         71 |         71 |       0 |    0 |    37 |      0 |      0 |          0 |
|                     array_line[6].PE_u                            |                                                              PE_702 |         71 |         71 |       0 |    0 |    37 |      0 |      0 |          0 |
|                     array_line[7].PE_u                            |                                                              PE_703 |         71 |         71 |       0 |    0 |    37 |      0 |      0 |          0 |
|                     array_line[8].PE_u                            |                                                              PE_704 |         71 |         71 |       0 |    0 |    37 |      0 |      0 |          0 |
|                     array_line[9].PE_u                            |                                                              PE_705 |         71 |         71 |       0 |    0 |    37 |      0 |      0 |          0 |
|                   array[11].PE_line_u                             |                                                         PE_line_133 |        994 |        994 |       0 |    0 |   670 |      0 |      0 |         10 |
|                     array_line[19].PE_u                           |                                                              PE_668 |         71 |         71 |       0 |    0 |    37 |      0 |      0 |          0 |
|                     array_line[1].PE_u                            |                                                              PE_669 |         71 |         71 |       0 |    0 |    37 |      0 |      0 |          0 |
|                     array_line[20].PE_u                           |                                                              PE_670 |         71 |         71 |       0 |    0 |    37 |      0 |      0 |          0 |
|                     array_line[21].PE_u                           |                                                              PE_671 |         71 |         71 |       0 |    0 |    37 |      0 |      0 |          0 |
|                     array_line[22].PE_u                           |                                                              PE_672 |         71 |         71 |       0 |    0 |    37 |      0 |      0 |          0 |
|                     array_line[23].PE_u                           |                                                              PE_673 |         71 |         71 |       0 |    0 |    29 |      0 |      0 |          0 |
|                     array_line[2].PE_u                            |                                                              PE_674 |         71 |         71 |       0 |    0 |    37 |      0 |      0 |          0 |
|                     array_line[3].PE_u                            |                                                              PE_675 |         71 |         71 |       0 |    0 |    37 |      0 |      0 |          0 |
|                     array_line[4].PE_u                            |                                                              PE_676 |         71 |         71 |       0 |    0 |    37 |      0 |      0 |          0 |
|                     array_line[5].PE_u                            |                                                              PE_677 |         71 |         71 |       0 |    0 |    37 |      0 |      0 |          0 |
|                     array_line[6].PE_u                            |                                                              PE_678 |         71 |         71 |       0 |    0 |    37 |      0 |      0 |          0 |
|                     array_line[7].PE_u                            |                                                              PE_679 |         71 |         71 |       0 |    0 |    37 |      0 |      0 |          0 |
|                     array_line[8].PE_u                            |                                                              PE_680 |         71 |         71 |       0 |    0 |    37 |      0 |      0 |          0 |
|                     array_line[9].PE_u                            |                                                              PE_681 |         71 |         71 |       0 |    0 |    37 |      0 |      0 |          0 |
|                   array[12].PE_line_u                             |                                                         PE_line_134 |        994 |        994 |       0 |    0 |   670 |      0 |      0 |         10 |
|                     array_line[19].PE_u                           |                                                              PE_644 |         71 |         71 |       0 |    0 |    37 |      0 |      0 |          0 |
|                     array_line[1].PE_u                            |                                                              PE_645 |         71 |         71 |       0 |    0 |    37 |      0 |      0 |          0 |
|                     array_line[20].PE_u                           |                                                              PE_646 |         71 |         71 |       0 |    0 |    37 |      0 |      0 |          0 |
|                     array_line[21].PE_u                           |                                                              PE_647 |         71 |         71 |       0 |    0 |    37 |      0 |      0 |          0 |
|                     array_line[22].PE_u                           |                                                              PE_648 |         71 |         71 |       0 |    0 |    37 |      0 |      0 |          0 |
|                     array_line[23].PE_u                           |                                                              PE_649 |         71 |         71 |       0 |    0 |    29 |      0 |      0 |          0 |
|                     array_line[2].PE_u                            |                                                              PE_650 |         71 |         71 |       0 |    0 |    37 |      0 |      0 |          0 |
|                     array_line[3].PE_u                            |                                                              PE_651 |         71 |         71 |       0 |    0 |    37 |      0 |      0 |          0 |
|                     array_line[4].PE_u                            |                                                              PE_652 |         71 |         71 |       0 |    0 |    37 |      0 |      0 |          0 |
|                     array_line[5].PE_u                            |                                                              PE_653 |         71 |         71 |       0 |    0 |    37 |      0 |      0 |          0 |
|                     array_line[6].PE_u                            |                                                              PE_654 |         71 |         71 |       0 |    0 |    37 |      0 |      0 |          0 |
|                     array_line[7].PE_u                            |                                                              PE_655 |         71 |         71 |       0 |    0 |    37 |      0 |      0 |          0 |
|                     array_line[8].PE_u                            |                                                              PE_656 |         71 |         71 |       0 |    0 |    37 |      0 |      0 |          0 |
|                     array_line[9].PE_u                            |                                                              PE_657 |         71 |         71 |       0 |    0 |    37 |      0 |      0 |          0 |
|                   array[13].PE_line_u                             |                                                         PE_line_135 |       1065 |       1065 |       0 |    0 |   691 |      0 |      0 |          9 |
|                     array_line[18].PE_u                           |                                                              PE_619 |         71 |         71 |       0 |    0 |    37 |      0 |      0 |          0 |
|                     array_line[19].PE_u                           |                                                              PE_620 |         71 |         71 |       0 |    0 |    37 |      0 |      0 |          0 |
|                     array_line[1].PE_u                            |                                                              PE_621 |         71 |         71 |       0 |    0 |    37 |      0 |      0 |          0 |
|                     array_line[20].PE_u                           |                                                              PE_622 |         71 |         71 |       0 |    0 |    37 |      0 |      0 |          0 |
|                     array_line[21].PE_u                           |                                                              PE_623 |         71 |         71 |       0 |    0 |    37 |      0 |      0 |          0 |
|                     array_line[22].PE_u                           |                                                              PE_624 |         71 |         71 |       0 |    0 |    37 |      0 |      0 |          0 |
|                     array_line[23].PE_u                           |                                                              PE_625 |         71 |         71 |       0 |    0 |    29 |      0 |      0 |          0 |
|                     array_line[2].PE_u                            |                                                              PE_626 |         71 |         71 |       0 |    0 |    37 |      0 |      0 |          0 |
|                     array_line[3].PE_u                            |                                                              PE_627 |         71 |         71 |       0 |    0 |    37 |      0 |      0 |          0 |
|                     array_line[4].PE_u                            |                                                              PE_628 |         71 |         71 |       0 |    0 |    37 |      0 |      0 |          0 |
|                     array_line[5].PE_u                            |                                                              PE_629 |         71 |         71 |       0 |    0 |    37 |      0 |      0 |          0 |
|                     array_line[6].PE_u                            |                                                              PE_630 |         71 |         71 |       0 |    0 |    37 |      0 |      0 |          0 |
|                     array_line[7].PE_u                            |                                                              PE_631 |         71 |         71 |       0 |    0 |    37 |      0 |      0 |          0 |
|                     array_line[8].PE_u                            |                                                              PE_632 |         71 |         71 |       0 |    0 |    37 |      0 |      0 |          0 |
|                     array_line[9].PE_u                            |                                                              PE_633 |         71 |         71 |       0 |    0 |    37 |      0 |      0 |          0 |
|                   array[14].PE_line_u                             |                                                         PE_line_136 |       1065 |       1065 |       0 |    0 |   691 |      0 |      0 |          9 |
|                     array_line[18].PE_u                           |                                                              PE_595 |         71 |         71 |       0 |    0 |    37 |      0 |      0 |          0 |
|                     array_line[19].PE_u                           |                                                              PE_596 |         71 |         71 |       0 |    0 |    37 |      0 |      0 |          0 |
|                     array_line[1].PE_u                            |                                                              PE_597 |         71 |         71 |       0 |    0 |    37 |      0 |      0 |          0 |
|                     array_line[20].PE_u                           |                                                              PE_598 |         71 |         71 |       0 |    0 |    37 |      0 |      0 |          0 |
|                     array_line[21].PE_u                           |                                                              PE_599 |         71 |         71 |       0 |    0 |    37 |      0 |      0 |          0 |
|                     array_line[22].PE_u                           |                                                              PE_600 |         71 |         71 |       0 |    0 |    37 |      0 |      0 |          0 |
|                     array_line[23].PE_u                           |                                                              PE_601 |         71 |         71 |       0 |    0 |    29 |      0 |      0 |          0 |
|                     array_line[2].PE_u                            |                                                              PE_602 |         71 |         71 |       0 |    0 |    37 |      0 |      0 |          0 |
|                     array_line[3].PE_u                            |                                                              PE_603 |         71 |         71 |       0 |    0 |    37 |      0 |      0 |          0 |
|                     array_line[4].PE_u                            |                                                              PE_604 |         71 |         71 |       0 |    0 |    37 |      0 |      0 |          0 |
|                     array_line[5].PE_u                            |                                                              PE_605 |         71 |         71 |       0 |    0 |    37 |      0 |      0 |          0 |
|                     array_line[6].PE_u                            |                                                              PE_606 |         71 |         71 |       0 |    0 |    37 |      0 |      0 |          0 |
|                     array_line[7].PE_u                            |                                                              PE_607 |         71 |         71 |       0 |    0 |    37 |      0 |      0 |          0 |
|                     array_line[8].PE_u                            |                                                              PE_608 |         71 |         71 |       0 |    0 |    37 |      0 |      0 |          0 |
|                     array_line[9].PE_u                            |                                                              PE_609 |         71 |         71 |       0 |    0 |    37 |      0 |      0 |          0 |
|                   array[15].PE_line_u                             |                                                         PE_line_137 |       1065 |       1065 |       0 |    0 |   691 |      0 |      0 |          9 |
|                     array_line[18].PE_u                           |                                                              PE_571 |         71 |         71 |       0 |    0 |    37 |      0 |      0 |          0 |
|                     array_line[19].PE_u                           |                                                              PE_572 |         71 |         71 |       0 |    0 |    37 |      0 |      0 |          0 |
|                     array_line[1].PE_u                            |                                                              PE_573 |         71 |         71 |       0 |    0 |    37 |      0 |      0 |          0 |
|                     array_line[20].PE_u                           |                                                              PE_574 |         71 |         71 |       0 |    0 |    37 |      0 |      0 |          0 |
|                     array_line[21].PE_u                           |                                                              PE_575 |         71 |         71 |       0 |    0 |    37 |      0 |      0 |          0 |
|                     array_line[22].PE_u                           |                                                              PE_576 |         71 |         71 |       0 |    0 |    37 |      0 |      0 |          0 |
|                     array_line[23].PE_u                           |                                                              PE_577 |         71 |         71 |       0 |    0 |    29 |      0 |      0 |          0 |
|                     array_line[2].PE_u                            |                                                              PE_578 |         71 |         71 |       0 |    0 |    37 |      0 |      0 |          0 |
|                     array_line[3].PE_u                            |                                                              PE_579 |         71 |         71 |       0 |    0 |    37 |      0 |      0 |          0 |
|                     array_line[4].PE_u                            |                                                              PE_580 |         71 |         71 |       0 |    0 |    37 |      0 |      0 |          0 |
|                     array_line[5].PE_u                            |                                                              PE_581 |         71 |         71 |       0 |    0 |    37 |      0 |      0 |          0 |
|                     array_line[6].PE_u                            |                                                              PE_582 |         71 |         71 |       0 |    0 |    37 |      0 |      0 |          0 |
|                     array_line[7].PE_u                            |                                                              PE_583 |         71 |         71 |       0 |    0 |    37 |      0 |      0 |          0 |
|                     array_line[8].PE_u                            |                                                              PE_584 |         71 |         71 |       0 |    0 |    37 |      0 |      0 |          0 |
|                     array_line[9].PE_u                            |                                                              PE_585 |         71 |         71 |       0 |    0 |    37 |      0 |      0 |          0 |
|                   array[16].PE_line_u                             |                                                         PE_line_138 |       1065 |       1065 |       0 |    0 |   691 |      0 |      0 |          9 |
|                     array_line[18].PE_u                           |                                                              PE_547 |         71 |         71 |       0 |    0 |    37 |      0 |      0 |          0 |
|                     array_line[19].PE_u                           |                                                              PE_548 |         71 |         71 |       0 |    0 |    37 |      0 |      0 |          0 |
|                     array_line[1].PE_u                            |                                                              PE_549 |         71 |         71 |       0 |    0 |    37 |      0 |      0 |          0 |
|                     array_line[20].PE_u                           |                                                              PE_550 |         71 |         71 |       0 |    0 |    37 |      0 |      0 |          0 |
|                     array_line[21].PE_u                           |                                                              PE_551 |         71 |         71 |       0 |    0 |    37 |      0 |      0 |          0 |
|                     array_line[22].PE_u                           |                                                              PE_552 |         71 |         71 |       0 |    0 |    37 |      0 |      0 |          0 |
|                     array_line[23].PE_u                           |                                                              PE_553 |         71 |         71 |       0 |    0 |    29 |      0 |      0 |          0 |
|                     array_line[2].PE_u                            |                                                              PE_554 |         71 |         71 |       0 |    0 |    37 |      0 |      0 |          0 |
|                     array_line[3].PE_u                            |                                                              PE_555 |         71 |         71 |       0 |    0 |    37 |      0 |      0 |          0 |
|                     array_line[4].PE_u                            |                                                              PE_556 |         71 |         71 |       0 |    0 |    37 |      0 |      0 |          0 |
|                     array_line[5].PE_u                            |                                                              PE_557 |         71 |         71 |       0 |    0 |    37 |      0 |      0 |          0 |
|                     array_line[6].PE_u                            |                                                              PE_558 |         71 |         71 |       0 |    0 |    37 |      0 |      0 |          0 |
|                     array_line[7].PE_u                            |                                                              PE_559 |         71 |         71 |       0 |    0 |    37 |      0 |      0 |          0 |
|                     array_line[8].PE_u                            |                                                              PE_560 |         71 |         71 |       0 |    0 |    37 |      0 |      0 |          0 |
|                     array_line[9].PE_u                            |                                                              PE_561 |         71 |         71 |       0 |    0 |    37 |      0 |      0 |          0 |
|                   array[17].PE_line_u                             |                                                         PE_line_139 |       1065 |       1065 |       0 |    0 |   691 |      0 |      0 |          9 |
|                     array_line[18].PE_u                           |                                                              PE_523 |         71 |         71 |       0 |    0 |    37 |      0 |      0 |          0 |
|                     array_line[19].PE_u                           |                                                              PE_524 |         71 |         71 |       0 |    0 |    37 |      0 |      0 |          0 |
|                     array_line[1].PE_u                            |                                                              PE_525 |         71 |         71 |       0 |    0 |    37 |      0 |      0 |          0 |
|                     array_line[20].PE_u                           |                                                              PE_526 |         71 |         71 |       0 |    0 |    37 |      0 |      0 |          0 |
|                     array_line[21].PE_u                           |                                                              PE_527 |         71 |         71 |       0 |    0 |    37 |      0 |      0 |          0 |
|                     array_line[22].PE_u                           |                                                              PE_528 |         71 |         71 |       0 |    0 |    37 |      0 |      0 |          0 |
|                     array_line[23].PE_u                           |                                                              PE_529 |         71 |         71 |       0 |    0 |    29 |      0 |      0 |          0 |
|                     array_line[2].PE_u                            |                                                              PE_530 |         71 |         71 |       0 |    0 |    37 |      0 |      0 |          0 |
|                     array_line[3].PE_u                            |                                                              PE_531 |         71 |         71 |       0 |    0 |    37 |      0 |      0 |          0 |
|                     array_line[4].PE_u                            |                                                              PE_532 |         71 |         71 |       0 |    0 |    37 |      0 |      0 |          0 |
|                     array_line[5].PE_u                            |                                                              PE_533 |         71 |         71 |       0 |    0 |    37 |      0 |      0 |          0 |
|                     array_line[6].PE_u                            |                                                              PE_534 |         71 |         71 |       0 |    0 |    37 |      0 |      0 |          0 |
|                     array_line[7].PE_u                            |                                                              PE_535 |         71 |         71 |       0 |    0 |    37 |      0 |      0 |          0 |
|                     array_line[8].PE_u                            |                                                              PE_536 |         71 |         71 |       0 |    0 |    37 |      0 |      0 |          0 |
|                     array_line[9].PE_u                            |                                                              PE_537 |         71 |         71 |       0 |    0 |    37 |      0 |      0 |          0 |
|                   array[18].PE_line_u                             |                                                         PE_line_140 |       1065 |       1065 |       0 |    0 |   691 |      0 |      0 |          9 |
|                     array_line[18].PE_u                           |                                                              PE_499 |         71 |         71 |       0 |    0 |    37 |      0 |      0 |          0 |
|                     array_line[19].PE_u                           |                                                              PE_500 |         71 |         71 |       0 |    0 |    37 |      0 |      0 |          0 |
|                     array_line[1].PE_u                            |                                                              PE_501 |         71 |         71 |       0 |    0 |    37 |      0 |      0 |          0 |
|                     array_line[20].PE_u                           |                                                              PE_502 |         71 |         71 |       0 |    0 |    37 |      0 |      0 |          0 |
|                     array_line[21].PE_u                           |                                                              PE_503 |         71 |         71 |       0 |    0 |    37 |      0 |      0 |          0 |
|                     array_line[22].PE_u                           |                                                              PE_504 |         71 |         71 |       0 |    0 |    37 |      0 |      0 |          0 |
|                     array_line[23].PE_u                           |                                                              PE_505 |         71 |         71 |       0 |    0 |    29 |      0 |      0 |          0 |
|                     array_line[2].PE_u                            |                                                              PE_506 |         71 |         71 |       0 |    0 |    37 |      0 |      0 |          0 |
|                     array_line[3].PE_u                            |                                                              PE_507 |         71 |         71 |       0 |    0 |    37 |      0 |      0 |          0 |
|                     array_line[4].PE_u                            |                                                              PE_508 |         71 |         71 |       0 |    0 |    37 |      0 |      0 |          0 |
|                     array_line[5].PE_u                            |                                                              PE_509 |         71 |         71 |       0 |    0 |    37 |      0 |      0 |          0 |
|                     array_line[6].PE_u                            |                                                              PE_510 |         71 |         71 |       0 |    0 |    37 |      0 |      0 |          0 |
|                     array_line[7].PE_u                            |                                                              PE_511 |         71 |         71 |       0 |    0 |    37 |      0 |      0 |          0 |
|                     array_line[8].PE_u                            |                                                              PE_512 |         71 |         71 |       0 |    0 |    37 |      0 |      0 |          0 |
|                     array_line[9].PE_u                            |                                                              PE_513 |         71 |         71 |       0 |    0 |    37 |      0 |      0 |          0 |
|                   array[19].PE_line_u                             |                                                         PE_line_141 |       1065 |       1065 |       0 |    0 |   691 |      0 |      0 |          9 |
|                     array_line[18].PE_u                           |                                                              PE_475 |         71 |         71 |       0 |    0 |    37 |      0 |      0 |          0 |
|                     array_line[19].PE_u                           |                                                              PE_476 |         71 |         71 |       0 |    0 |    37 |      0 |      0 |          0 |
|                     array_line[1].PE_u                            |                                                              PE_477 |         71 |         71 |       0 |    0 |    37 |      0 |      0 |          0 |
|                     array_line[20].PE_u                           |                                                              PE_478 |         71 |         71 |       0 |    0 |    37 |      0 |      0 |          0 |
|                     array_line[21].PE_u                           |                                                              PE_479 |         71 |         71 |       0 |    0 |    37 |      0 |      0 |          0 |
|                     array_line[22].PE_u                           |                                                              PE_480 |         71 |         71 |       0 |    0 |    37 |      0 |      0 |          0 |
|                     array_line[23].PE_u                           |                                                              PE_481 |         71 |         71 |       0 |    0 |    29 |      0 |      0 |          0 |
|                     array_line[2].PE_u                            |                                                              PE_482 |         71 |         71 |       0 |    0 |    37 |      0 |      0 |          0 |
|                     array_line[3].PE_u                            |                                                              PE_483 |         71 |         71 |       0 |    0 |    37 |      0 |      0 |          0 |
|                     array_line[4].PE_u                            |                                                              PE_484 |         71 |         71 |       0 |    0 |    37 |      0 |      0 |          0 |
|                     array_line[5].PE_u                            |                                                              PE_485 |         71 |         71 |       0 |    0 |    37 |      0 |      0 |          0 |
|                     array_line[6].PE_u                            |                                                              PE_486 |         71 |         71 |       0 |    0 |    37 |      0 |      0 |          0 |
|                     array_line[7].PE_u                            |                                                              PE_487 |         71 |         71 |       0 |    0 |    37 |      0 |      0 |          0 |
|                     array_line[8].PE_u                            |                                                              PE_488 |         71 |         71 |       0 |    0 |    37 |      0 |      0 |          0 |
|                     array_line[9].PE_u                            |                                                              PE_489 |         71 |         71 |       0 |    0 |    37 |      0 |      0 |          0 |
|                   array[1].PE_line_u                              |                                                         PE_line_142 |       1065 |       1065 |       0 |    0 |   691 |      0 |      0 |          9 |
|                     array_line[18].PE_u                           |                                                              PE_451 |         71 |         71 |       0 |    0 |    37 |      0 |      0 |          0 |
|                     array_line[19].PE_u                           |                                                              PE_452 |         71 |         71 |       0 |    0 |    37 |      0 |      0 |          0 |
|                     array_line[1].PE_u                            |                                                              PE_453 |         71 |         71 |       0 |    0 |    37 |      0 |      0 |          0 |
|                     array_line[20].PE_u                           |                                                              PE_454 |         71 |         71 |       0 |    0 |    37 |      0 |      0 |          0 |
|                     array_line[21].PE_u                           |                                                              PE_455 |         71 |         71 |       0 |    0 |    37 |      0 |      0 |          0 |
|                     array_line[22].PE_u                           |                                                              PE_456 |         71 |         71 |       0 |    0 |    37 |      0 |      0 |          0 |
|                     array_line[23].PE_u                           |                                                              PE_457 |         71 |         71 |       0 |    0 |    29 |      0 |      0 |          0 |
|                     array_line[2].PE_u                            |                                                              PE_458 |         71 |         71 |       0 |    0 |    37 |      0 |      0 |          0 |
|                     array_line[3].PE_u                            |                                                              PE_459 |         71 |         71 |       0 |    0 |    37 |      0 |      0 |          0 |
|                     array_line[4].PE_u                            |                                                              PE_460 |         71 |         71 |       0 |    0 |    37 |      0 |      0 |          0 |
|                     array_line[5].PE_u                            |                                                              PE_461 |         71 |         71 |       0 |    0 |    37 |      0 |      0 |          0 |
|                     array_line[6].PE_u                            |                                                              PE_462 |         71 |         71 |       0 |    0 |    37 |      0 |      0 |          0 |
|                     array_line[7].PE_u                            |                                                              PE_463 |         71 |         71 |       0 |    0 |    37 |      0 |      0 |          0 |
|                     array_line[8].PE_u                            |                                                              PE_464 |         71 |         71 |       0 |    0 |    37 |      0 |      0 |          0 |
|                     array_line[9].PE_u                            |                                                              PE_465 |         71 |         71 |       0 |    0 |    37 |      0 |      0 |          0 |
|                   array[20].PE_line_u                             |                                                         PE_line_143 |       1065 |       1065 |       0 |    0 |   691 |      0 |      0 |          9 |
|                     array_line[18].PE_u                           |                                                              PE_427 |         71 |         71 |       0 |    0 |    37 |      0 |      0 |          0 |
|                     array_line[19].PE_u                           |                                                              PE_428 |         71 |         71 |       0 |    0 |    37 |      0 |      0 |          0 |
|                     array_line[1].PE_u                            |                                                              PE_429 |         71 |         71 |       0 |    0 |    37 |      0 |      0 |          0 |
|                     array_line[20].PE_u                           |                                                              PE_430 |         71 |         71 |       0 |    0 |    37 |      0 |      0 |          0 |
|                     array_line[21].PE_u                           |                                                              PE_431 |         71 |         71 |       0 |    0 |    37 |      0 |      0 |          0 |
|                     array_line[22].PE_u                           |                                                              PE_432 |         71 |         71 |       0 |    0 |    37 |      0 |      0 |          0 |
|                     array_line[23].PE_u                           |                                                              PE_433 |         71 |         71 |       0 |    0 |    29 |      0 |      0 |          0 |
|                     array_line[2].PE_u                            |                                                              PE_434 |         71 |         71 |       0 |    0 |    37 |      0 |      0 |          0 |
|                     array_line[3].PE_u                            |                                                              PE_435 |         71 |         71 |       0 |    0 |    37 |      0 |      0 |          0 |
|                     array_line[4].PE_u                            |                                                              PE_436 |         71 |         71 |       0 |    0 |    37 |      0 |      0 |          0 |
|                     array_line[5].PE_u                            |                                                              PE_437 |         71 |         71 |       0 |    0 |    37 |      0 |      0 |          0 |
|                     array_line[6].PE_u                            |                                                              PE_438 |         71 |         71 |       0 |    0 |    37 |      0 |      0 |          0 |
|                     array_line[7].PE_u                            |                                                              PE_439 |         71 |         71 |       0 |    0 |    37 |      0 |      0 |          0 |
|                     array_line[8].PE_u                            |                                                              PE_440 |         71 |         71 |       0 |    0 |    37 |      0 |      0 |          0 |
|                     array_line[9].PE_u                            |                                                              PE_441 |         71 |         71 |       0 |    0 |    37 |      0 |      0 |          0 |
|                   array[21].PE_line_u                             |                                                         PE_line_144 |       1065 |       1065 |       0 |    0 |   691 |      0 |      0 |          9 |
|                     array_line[18].PE_u                           |                                                              PE_403 |         71 |         71 |       0 |    0 |    37 |      0 |      0 |          0 |
|                     array_line[19].PE_u                           |                                                              PE_404 |         71 |         71 |       0 |    0 |    37 |      0 |      0 |          0 |
|                     array_line[1].PE_u                            |                                                              PE_405 |         71 |         71 |       0 |    0 |    37 |      0 |      0 |          0 |
|                     array_line[20].PE_u                           |                                                              PE_406 |         71 |         71 |       0 |    0 |    37 |      0 |      0 |          0 |
|                     array_line[21].PE_u                           |                                                              PE_407 |         71 |         71 |       0 |    0 |    37 |      0 |      0 |          0 |
|                     array_line[22].PE_u                           |                                                              PE_408 |         71 |         71 |       0 |    0 |    37 |      0 |      0 |          0 |
|                     array_line[23].PE_u                           |                                                              PE_409 |         71 |         71 |       0 |    0 |    29 |      0 |      0 |          0 |
|                     array_line[2].PE_u                            |                                                              PE_410 |         71 |         71 |       0 |    0 |    37 |      0 |      0 |          0 |
|                     array_line[3].PE_u                            |                                                              PE_411 |         71 |         71 |       0 |    0 |    37 |      0 |      0 |          0 |
|                     array_line[4].PE_u                            |                                                              PE_412 |         71 |         71 |       0 |    0 |    37 |      0 |      0 |          0 |
|                     array_line[5].PE_u                            |                                                              PE_413 |         71 |         71 |       0 |    0 |    37 |      0 |      0 |          0 |
|                     array_line[6].PE_u                            |                                                              PE_414 |         71 |         71 |       0 |    0 |    37 |      0 |      0 |          0 |
|                     array_line[7].PE_u                            |                                                              PE_415 |         71 |         71 |       0 |    0 |    37 |      0 |      0 |          0 |
|                     array_line[8].PE_u                            |                                                              PE_416 |         71 |         71 |       0 |    0 |    37 |      0 |      0 |          0 |
|                     array_line[9].PE_u                            |                                                              PE_417 |         71 |         71 |       0 |    0 |    37 |      0 |      0 |          0 |
|                   array[22].PE_line_u                             |                                                         PE_line_145 |       1065 |       1065 |       0 |    0 |   691 |      0 |      0 |          9 |
|                     array_line[18].PE_u                           |                                                              PE_379 |         71 |         71 |       0 |    0 |    37 |      0 |      0 |          0 |
|                     array_line[19].PE_u                           |                                                              PE_380 |         71 |         71 |       0 |    0 |    37 |      0 |      0 |          0 |
|                     array_line[1].PE_u                            |                                                              PE_381 |         71 |         71 |       0 |    0 |    37 |      0 |      0 |          0 |
|                     array_line[20].PE_u                           |                                                              PE_382 |         71 |         71 |       0 |    0 |    37 |      0 |      0 |          0 |
|                     array_line[21].PE_u                           |                                                              PE_383 |         71 |         71 |       0 |    0 |    37 |      0 |      0 |          0 |
|                     array_line[22].PE_u                           |                                                              PE_384 |         71 |         71 |       0 |    0 |    37 |      0 |      0 |          0 |
|                     array_line[23].PE_u                           |                                                              PE_385 |         71 |         71 |       0 |    0 |    29 |      0 |      0 |          0 |
|                     array_line[2].PE_u                            |                                                              PE_386 |         71 |         71 |       0 |    0 |    37 |      0 |      0 |          0 |
|                     array_line[3].PE_u                            |                                                              PE_387 |         71 |         71 |       0 |    0 |    37 |      0 |      0 |          0 |
|                     array_line[4].PE_u                            |                                                              PE_388 |         71 |         71 |       0 |    0 |    37 |      0 |      0 |          0 |
|                     array_line[5].PE_u                            |                                                              PE_389 |         71 |         71 |       0 |    0 |    37 |      0 |      0 |          0 |
|                     array_line[6].PE_u                            |                                                              PE_390 |         71 |         71 |       0 |    0 |    37 |      0 |      0 |          0 |
|                     array_line[7].PE_u                            |                                                              PE_391 |         71 |         71 |       0 |    0 |    37 |      0 |      0 |          0 |
|                     array_line[8].PE_u                            |                                                              PE_392 |         71 |         71 |       0 |    0 |    37 |      0 |      0 |          0 |
|                     array_line[9].PE_u                            |                                                              PE_393 |         71 |         71 |       0 |    0 |    37 |      0 |      0 |          0 |
|                   array[23].PE_line_u                             |                                                         PE_line_146 |       1067 |       1067 |       0 |    0 |   439 |      0 |      0 |          9 |
|                     array_line[18].PE_u                           |                                                              PE_355 |         71 |         71 |       0 |    0 |    16 |      0 |      0 |          0 |
|                     array_line[19].PE_u                           |                                                              PE_356 |         71 |         71 |       0 |    0 |    16 |      0 |      0 |          0 |
|                     array_line[1].PE_u                            |                                                              PE_357 |         71 |         71 |       0 |    0 |    16 |      0 |      0 |          0 |
|                     array_line[20].PE_u                           |                                                              PE_358 |         71 |         71 |       0 |    0 |    16 |      0 |      0 |          0 |
|                     array_line[21].PE_u                           |                                                              PE_359 |         71 |         71 |       0 |    0 |    37 |      0 |      0 |          0 |
|                     array_line[22].PE_u                           |                                                              PE_360 |         71 |         71 |       0 |    0 |    37 |      0 |      0 |          0 |
|                     array_line[23].PE_u                           |                                                              PE_361 |         71 |         71 |       0 |    0 |    29 |      0 |      0 |          0 |
|                     array_line[2].PE_u                            |                                                              PE_362 |         71 |         71 |       0 |    0 |    16 |      0 |      0 |          0 |
|                     array_line[3].PE_u                            |                                                              PE_363 |         71 |         71 |       0 |    0 |    16 |      0 |      0 |          0 |
|                     array_line[4].PE_u                            |                                                              PE_364 |         73 |         73 |       0 |    0 |    16 |      0 |      0 |          0 |
|                     array_line[5].PE_u                            |                                                              PE_365 |         71 |         71 |       0 |    0 |    16 |      0 |      0 |          0 |
|                     array_line[6].PE_u                            |                                                              PE_366 |         71 |         71 |       0 |    0 |    16 |      0 |      0 |          0 |
|                     array_line[7].PE_u                            |                                                              PE_367 |         71 |         71 |       0 |    0 |    16 |      0 |      0 |          0 |
|                     array_line[8].PE_u                            |                                                              PE_368 |         71 |         71 |       0 |    0 |    16 |      0 |      0 |          0 |
|                     array_line[9].PE_u                            |                                                              PE_369 |         71 |         71 |       0 |    0 |    16 |      0 |      0 |          0 |
|                   array[2].PE_line_u                              |                                                         PE_line_147 |       1065 |       1065 |       0 |    0 |   691 |      0 |      0 |          9 |
|                     array_line[18].PE_u                           |                                                              PE_331 |         71 |         71 |       0 |    0 |    37 |      0 |      0 |          0 |
|                     array_line[19].PE_u                           |                                                              PE_332 |         71 |         71 |       0 |    0 |    37 |      0 |      0 |          0 |
|                     array_line[1].PE_u                            |                                                              PE_333 |         71 |         71 |       0 |    0 |    37 |      0 |      0 |          0 |
|                     array_line[20].PE_u                           |                                                              PE_334 |         71 |         71 |       0 |    0 |    37 |      0 |      0 |          0 |
|                     array_line[21].PE_u                           |                                                              PE_335 |         71 |         71 |       0 |    0 |    37 |      0 |      0 |          0 |
|                     array_line[22].PE_u                           |                                                              PE_336 |         71 |         71 |       0 |    0 |    37 |      0 |      0 |          0 |
|                     array_line[23].PE_u                           |                                                              PE_337 |         71 |         71 |       0 |    0 |    29 |      0 |      0 |          0 |
|                     array_line[2].PE_u                            |                                                              PE_338 |         71 |         71 |       0 |    0 |    37 |      0 |      0 |          0 |
|                     array_line[3].PE_u                            |                                                              PE_339 |         71 |         71 |       0 |    0 |    37 |      0 |      0 |          0 |
|                     array_line[4].PE_u                            |                                                              PE_340 |         71 |         71 |       0 |    0 |    37 |      0 |      0 |          0 |
|                     array_line[5].PE_u                            |                                                              PE_341 |         71 |         71 |       0 |    0 |    37 |      0 |      0 |          0 |
|                     array_line[6].PE_u                            |                                                              PE_342 |         71 |         71 |       0 |    0 |    37 |      0 |      0 |          0 |
|                     array_line[7].PE_u                            |                                                              PE_343 |         71 |         71 |       0 |    0 |    37 |      0 |      0 |          0 |
|                     array_line[8].PE_u                            |                                                              PE_344 |         71 |         71 |       0 |    0 |    37 |      0 |      0 |          0 |
|                     array_line[9].PE_u                            |                                                              PE_345 |         71 |         71 |       0 |    0 |    37 |      0 |      0 |          0 |
|                   array[3].PE_line_u                              |                                                         PE_line_148 |       1065 |       1065 |       0 |    0 |   691 |      0 |      0 |          9 |
|                     array_line[18].PE_u                           |                                                              PE_307 |         71 |         71 |       0 |    0 |    37 |      0 |      0 |          0 |
|                     array_line[19].PE_u                           |                                                              PE_308 |         71 |         71 |       0 |    0 |    37 |      0 |      0 |          0 |
|                     array_line[1].PE_u                            |                                                              PE_309 |         71 |         71 |       0 |    0 |    37 |      0 |      0 |          0 |
|                     array_line[20].PE_u                           |                                                              PE_310 |         71 |         71 |       0 |    0 |    37 |      0 |      0 |          0 |
|                     array_line[21].PE_u                           |                                                              PE_311 |         71 |         71 |       0 |    0 |    37 |      0 |      0 |          0 |
|                     array_line[22].PE_u                           |                                                              PE_312 |         71 |         71 |       0 |    0 |    37 |      0 |      0 |          0 |
|                     array_line[23].PE_u                           |                                                              PE_313 |         71 |         71 |       0 |    0 |    29 |      0 |      0 |          0 |
|                     array_line[2].PE_u                            |                                                              PE_314 |         71 |         71 |       0 |    0 |    37 |      0 |      0 |          0 |
|                     array_line[3].PE_u                            |                                                              PE_315 |         71 |         71 |       0 |    0 |    37 |      0 |      0 |          0 |
|                     array_line[4].PE_u                            |                                                              PE_316 |         71 |         71 |       0 |    0 |    37 |      0 |      0 |          0 |
|                     array_line[5].PE_u                            |                                                              PE_317 |         71 |         71 |       0 |    0 |    37 |      0 |      0 |          0 |
|                     array_line[6].PE_u                            |                                                              PE_318 |         71 |         71 |       0 |    0 |    37 |      0 |      0 |          0 |
|                     array_line[7].PE_u                            |                                                              PE_319 |         71 |         71 |       0 |    0 |    37 |      0 |      0 |          0 |
|                     array_line[8].PE_u                            |                                                              PE_320 |         71 |         71 |       0 |    0 |    37 |      0 |      0 |          0 |
|                     array_line[9].PE_u                            |                                                              PE_321 |         71 |         71 |       0 |    0 |    37 |      0 |      0 |          0 |
|                   array[4].PE_line_u                              |                                                         PE_line_149 |       1065 |       1065 |       0 |    0 |   691 |      0 |      0 |          9 |
|                     array_line[18].PE_u                           |                                                              PE_283 |         71 |         71 |       0 |    0 |    37 |      0 |      0 |          0 |
|                     array_line[19].PE_u                           |                                                              PE_284 |         71 |         71 |       0 |    0 |    37 |      0 |      0 |          0 |
|                     array_line[1].PE_u                            |                                                              PE_285 |         71 |         71 |       0 |    0 |    37 |      0 |      0 |          0 |
|                     array_line[20].PE_u                           |                                                              PE_286 |         71 |         71 |       0 |    0 |    37 |      0 |      0 |          0 |
|                     array_line[21].PE_u                           |                                                              PE_287 |         71 |         71 |       0 |    0 |    37 |      0 |      0 |          0 |
|                     array_line[22].PE_u                           |                                                              PE_288 |         71 |         71 |       0 |    0 |    37 |      0 |      0 |          0 |
|                     array_line[23].PE_u                           |                                                              PE_289 |         71 |         71 |       0 |    0 |    29 |      0 |      0 |          0 |
|                     array_line[2].PE_u                            |                                                              PE_290 |         71 |         71 |       0 |    0 |    37 |      0 |      0 |          0 |
|                     array_line[3].PE_u                            |                                                              PE_291 |         71 |         71 |       0 |    0 |    37 |      0 |      0 |          0 |
|                     array_line[4].PE_u                            |                                                              PE_292 |         71 |         71 |       0 |    0 |    37 |      0 |      0 |          0 |
|                     array_line[5].PE_u                            |                                                              PE_293 |         71 |         71 |       0 |    0 |    37 |      0 |      0 |          0 |
|                     array_line[6].PE_u                            |                                                              PE_294 |         71 |         71 |       0 |    0 |    37 |      0 |      0 |          0 |
|                     array_line[7].PE_u                            |                                                              PE_295 |         71 |         71 |       0 |    0 |    37 |      0 |      0 |          0 |
|                     array_line[8].PE_u                            |                                                              PE_296 |         71 |         71 |       0 |    0 |    37 |      0 |      0 |          0 |
|                     array_line[9].PE_u                            |                                                              PE_297 |         71 |         71 |       0 |    0 |    37 |      0 |      0 |          0 |
|                   array[5].PE_line_u                              |                                                         PE_line_150 |       1065 |       1065 |       0 |    0 |   691 |      0 |      0 |          9 |
|                     array_line[18].PE_u                           |                                                              PE_259 |         71 |         71 |       0 |    0 |    37 |      0 |      0 |          0 |
|                     array_line[19].PE_u                           |                                                              PE_260 |         71 |         71 |       0 |    0 |    37 |      0 |      0 |          0 |
|                     array_line[1].PE_u                            |                                                              PE_261 |         71 |         71 |       0 |    0 |    37 |      0 |      0 |          0 |
|                     array_line[20].PE_u                           |                                                              PE_262 |         71 |         71 |       0 |    0 |    37 |      0 |      0 |          0 |
|                     array_line[21].PE_u                           |                                                              PE_263 |         71 |         71 |       0 |    0 |    37 |      0 |      0 |          0 |
|                     array_line[22].PE_u                           |                                                              PE_264 |         71 |         71 |       0 |    0 |    37 |      0 |      0 |          0 |
|                     array_line[23].PE_u                           |                                                              PE_265 |         71 |         71 |       0 |    0 |    29 |      0 |      0 |          0 |
|                     array_line[2].PE_u                            |                                                              PE_266 |         71 |         71 |       0 |    0 |    37 |      0 |      0 |          0 |
|                     array_line[3].PE_u                            |                                                              PE_267 |         71 |         71 |       0 |    0 |    37 |      0 |      0 |          0 |
|                     array_line[4].PE_u                            |                                                              PE_268 |         71 |         71 |       0 |    0 |    37 |      0 |      0 |          0 |
|                     array_line[5].PE_u                            |                                                              PE_269 |         71 |         71 |       0 |    0 |    37 |      0 |      0 |          0 |
|                     array_line[6].PE_u                            |                                                              PE_270 |         71 |         71 |       0 |    0 |    37 |      0 |      0 |          0 |
|                     array_line[7].PE_u                            |                                                              PE_271 |         71 |         71 |       0 |    0 |    37 |      0 |      0 |          0 |
|                     array_line[8].PE_u                            |                                                              PE_272 |         71 |         71 |       0 |    0 |    37 |      0 |      0 |          0 |
|                     array_line[9].PE_u                            |                                                              PE_273 |         71 |         71 |       0 |    0 |    37 |      0 |      0 |          0 |
|                   array[6].PE_line_u                              |                                                         PE_line_151 |       1065 |       1065 |       0 |    0 |   691 |      0 |      0 |          9 |
|                     array_line[18].PE_u                           |                                                              PE_235 |         71 |         71 |       0 |    0 |    37 |      0 |      0 |          0 |
|                     array_line[19].PE_u                           |                                                              PE_236 |         71 |         71 |       0 |    0 |    37 |      0 |      0 |          0 |
|                     array_line[1].PE_u                            |                                                              PE_237 |         71 |         71 |       0 |    0 |    37 |      0 |      0 |          0 |
|                     array_line[20].PE_u                           |                                                              PE_238 |         71 |         71 |       0 |    0 |    37 |      0 |      0 |          0 |
|                     array_line[21].PE_u                           |                                                              PE_239 |         71 |         71 |       0 |    0 |    37 |      0 |      0 |          0 |
|                     array_line[22].PE_u                           |                                                              PE_240 |         71 |         71 |       0 |    0 |    37 |      0 |      0 |          0 |
|                     array_line[23].PE_u                           |                                                              PE_241 |         71 |         71 |       0 |    0 |    29 |      0 |      0 |          0 |
|                     array_line[2].PE_u                            |                                                              PE_242 |         71 |         71 |       0 |    0 |    37 |      0 |      0 |          0 |
|                     array_line[3].PE_u                            |                                                              PE_243 |         71 |         71 |       0 |    0 |    37 |      0 |      0 |          0 |
|                     array_line[4].PE_u                            |                                                              PE_244 |         71 |         71 |       0 |    0 |    37 |      0 |      0 |          0 |
|                     array_line[5].PE_u                            |                                                              PE_245 |         71 |         71 |       0 |    0 |    37 |      0 |      0 |          0 |
|                     array_line[6].PE_u                            |                                                              PE_246 |         71 |         71 |       0 |    0 |    37 |      0 |      0 |          0 |
|                     array_line[7].PE_u                            |                                                              PE_247 |         71 |         71 |       0 |    0 |    37 |      0 |      0 |          0 |
|                     array_line[8].PE_u                            |                                                              PE_248 |         71 |         71 |       0 |    0 |    37 |      0 |      0 |          0 |
|                     array_line[9].PE_u                            |                                                              PE_249 |         71 |         71 |       0 |    0 |    37 |      0 |      0 |          0 |
|                   array[7].PE_line_u                              |                                                         PE_line_152 |       1065 |       1065 |       0 |    0 |   691 |      0 |      0 |          9 |
|                     array_line[18].PE_u                           |                                                              PE_211 |         71 |         71 |       0 |    0 |    37 |      0 |      0 |          0 |
|                     array_line[19].PE_u                           |                                                              PE_212 |         71 |         71 |       0 |    0 |    37 |      0 |      0 |          0 |
|                     array_line[1].PE_u                            |                                                              PE_213 |         71 |         71 |       0 |    0 |    37 |      0 |      0 |          0 |
|                     array_line[20].PE_u                           |                                                              PE_214 |         71 |         71 |       0 |    0 |    37 |      0 |      0 |          0 |
|                     array_line[21].PE_u                           |                                                              PE_215 |         71 |         71 |       0 |    0 |    37 |      0 |      0 |          0 |
|                     array_line[22].PE_u                           |                                                              PE_216 |         71 |         71 |       0 |    0 |    37 |      0 |      0 |          0 |
|                     array_line[23].PE_u                           |                                                              PE_217 |         71 |         71 |       0 |    0 |    29 |      0 |      0 |          0 |
|                     array_line[2].PE_u                            |                                                              PE_218 |         71 |         71 |       0 |    0 |    37 |      0 |      0 |          0 |
|                     array_line[3].PE_u                            |                                                              PE_219 |         71 |         71 |       0 |    0 |    37 |      0 |      0 |          0 |
|                     array_line[4].PE_u                            |                                                              PE_220 |         71 |         71 |       0 |    0 |    37 |      0 |      0 |          0 |
|                     array_line[5].PE_u                            |                                                              PE_221 |         71 |         71 |       0 |    0 |    37 |      0 |      0 |          0 |
|                     array_line[6].PE_u                            |                                                              PE_222 |         71 |         71 |       0 |    0 |    37 |      0 |      0 |          0 |
|                     array_line[7].PE_u                            |                                                              PE_223 |         71 |         71 |       0 |    0 |    37 |      0 |      0 |          0 |
|                     array_line[8].PE_u                            |                                                              PE_224 |         71 |         71 |       0 |    0 |    37 |      0 |      0 |          0 |
|                     array_line[9].PE_u                            |                                                              PE_225 |         71 |         71 |       0 |    0 |    37 |      0 |      0 |          0 |
|                   array[8].PE_line_u                              |                                                         PE_line_153 |       1065 |       1065 |       0 |    0 |   691 |      0 |      0 |          9 |
|                     array_line[18].PE_u                           |                                                              PE_187 |         71 |         71 |       0 |    0 |    37 |      0 |      0 |          0 |
|                     array_line[19].PE_u                           |                                                              PE_188 |         71 |         71 |       0 |    0 |    37 |      0 |      0 |          0 |
|                     array_line[1].PE_u                            |                                                              PE_189 |         71 |         71 |       0 |    0 |    37 |      0 |      0 |          0 |
|                     array_line[20].PE_u                           |                                                              PE_190 |         71 |         71 |       0 |    0 |    37 |      0 |      0 |          0 |
|                     array_line[21].PE_u                           |                                                              PE_191 |         71 |         71 |       0 |    0 |    37 |      0 |      0 |          0 |
|                     array_line[22].PE_u                           |                                                              PE_192 |         71 |         71 |       0 |    0 |    37 |      0 |      0 |          0 |
|                     array_line[23].PE_u                           |                                                              PE_193 |         71 |         71 |       0 |    0 |    29 |      0 |      0 |          0 |
|                     array_line[2].PE_u                            |                                                              PE_194 |         71 |         71 |       0 |    0 |    37 |      0 |      0 |          0 |
|                     array_line[3].PE_u                            |                                                              PE_195 |         71 |         71 |       0 |    0 |    37 |      0 |      0 |          0 |
|                     array_line[4].PE_u                            |                                                              PE_196 |         71 |         71 |       0 |    0 |    37 |      0 |      0 |          0 |
|                     array_line[5].PE_u                            |                                                              PE_197 |         71 |         71 |       0 |    0 |    37 |      0 |      0 |          0 |
|                     array_line[6].PE_u                            |                                                              PE_198 |         71 |         71 |       0 |    0 |    37 |      0 |      0 |          0 |
|                     array_line[7].PE_u                            |                                                              PE_199 |         71 |         71 |       0 |    0 |    37 |      0 |      0 |          0 |
|                     array_line[8].PE_u                            |                                                              PE_200 |         71 |         71 |       0 |    0 |    37 |      0 |      0 |          0 |
|                     array_line[9].PE_u                            |                                                              PE_201 |         71 |         71 |       0 |    0 |    37 |      0 |      0 |          0 |
|                   array[9].PE_line_u                              |                                                         PE_line_154 |       1065 |       1065 |       0 |    0 |   691 |      0 |      0 |          9 |
|                     array_line[18].PE_u                           |                                                              PE_163 |         71 |         71 |       0 |    0 |    37 |      0 |      0 |          0 |
|                     array_line[19].PE_u                           |                                                              PE_164 |         71 |         71 |       0 |    0 |    37 |      0 |      0 |          0 |
|                     array_line[1].PE_u                            |                                                              PE_165 |         71 |         71 |       0 |    0 |    37 |      0 |      0 |          0 |
|                     array_line[20].PE_u                           |                                                              PE_166 |         71 |         71 |       0 |    0 |    37 |      0 |      0 |          0 |
|                     array_line[21].PE_u                           |                                                              PE_167 |         71 |         71 |       0 |    0 |    37 |      0 |      0 |          0 |
|                     array_line[22].PE_u                           |                                                              PE_168 |         71 |         71 |       0 |    0 |    37 |      0 |      0 |          0 |
|                     array_line[23].PE_u                           |                                                              PE_169 |         71 |         71 |       0 |    0 |    29 |      0 |      0 |          0 |
|                     array_line[2].PE_u                            |                                                              PE_170 |         71 |         71 |       0 |    0 |    37 |      0 |      0 |          0 |
|                     array_line[3].PE_u                            |                                                              PE_171 |         71 |         71 |       0 |    0 |    37 |      0 |      0 |          0 |
|                     array_line[4].PE_u                            |                                                              PE_172 |         71 |         71 |       0 |    0 |    37 |      0 |      0 |          0 |
|                     array_line[5].PE_u                            |                                                              PE_173 |         71 |         71 |       0 |    0 |    37 |      0 |      0 |          0 |
|                     array_line[6].PE_u                            |                                                              PE_174 |         71 |         71 |       0 |    0 |    37 |      0 |      0 |          0 |
|                     array_line[7].PE_u                            |                                                              PE_175 |         71 |         71 |       0 |    0 |    37 |      0 |      0 |          0 |
|                     array_line[8].PE_u                            |                                                              PE_176 |         71 |         71 |       0 |    0 |    37 |      0 |      0 |          0 |
|                     array_line[9].PE_u                            |                                                              PE_177 |         71 |         71 |       0 |    0 |    37 |      0 |      0 |          0 |
|             u_MM_in_buffer                                        |                                                        MM_in_buffer |        334 |        334 |       0 |    0 |   145 |     42 |      2 |          0 |
|             u_MM_out_buffer                                       |                                                       MM_out_buffer |       2156 |       2156 |       0 |    0 |   796 |     56 |      0 |          0 |
|     axi_dma_0                                                     |                                                design_1_axi_dma_0_0 |        852 |        809 |       0 |   43 |  1066 |      4 |      1 |          0 |
|       U0                                                          |                                                             axi_dma |        852 |        809 |       0 |   43 |  1066 |      4 |      1 |          0 |
|         INCLUDE_MM2S_SOF_EOF_GENERATOR.I_MM2S_DMA_MNGR            |                                                axi_dma_mm2s_mngr_27 |         13 |         13 |       0 |    0 |    66 |      0 |      0 |          0 |
|           GEN_MM2S_DMA_CONTROL.GEN_SIMPLE_DMA_MODE.I_MM2S_SMPL_SM |                                                 axi_dma_smple_sm_60 |          5 |          5 |       0 |    0 |    55 |      0 |      0 |          0 |
|         I_AXI_DMA_REG_MODULE                                      |                                               axi_dma_reg_module_28 |         75 |         75 |       0 |    0 |   161 |      0 |      0 |          0 |
|           GEN_AXI_LITE_IF.AXI_LITE_IF_I                           |                                                  axi_dma_lite_if_58 |         54 |         54 |       0 |    0 |    81 |      0 |      0 |          0 |
|           GEN_MM2S_REGISTERS.I_MM2S_DMA_REGISTER                  |                                                 axi_dma_register_59 |         21 |         21 |       0 |    0 |    80 |      0 |      0 |          0 |
|         I_PRMRY_DATAMOVER                                         |                                                    axi_datamover_29 |        757 |        714 |       0 |   43 |   815 |      4 |      1 |          0 |
|           GEN_MM2S_FULL.I_MM2S_FULL_WRAPPER                       |                                     axi_datamover_mm2s_full_wrap_32 |        757 |        714 |       0 |   43 |   815 |      4 |      1 |          0 |
|             ENABLE_AXIS_SKID.I_MM2S_SKID_BUF                      |                                           axi_datamover_skid_buf_33 |         72 |         72 |       0 |    0 |   137 |      0 |      0 |          0 |
|             GEN_INCLUDE_MM2S_DRE.I_DRE_16_to_64                   |                                           axi_datamover_mm2s_dre_34 |        283 |        283 |       0 |    0 |   234 |      0 |      0 |          0 |
|             GEN_INCLUDE_MM2S_SF.I_RD_SF                           |                                              axi_datamover_rd_sf_35 |         76 |         72 |       0 |    4 |    80 |      4 |      1 |          0 |
|               I_DATA_FIFO                                         |                                       axi_datamover_sfifo_autord_49 |         55 |         55 |       0 |    0 |    63 |      4 |      1 |          0 |
|                 BLK_MEM.I_SYNC_FIFOGEN_FIFO                       |                                                       xpm_fifo_sync |         38 |         38 |       0 |    0 |    63 |      4 |      1 |          0 |
|                   xpm_fifo_base_inst                              |                                                       xpm_fifo_base |         38 |         38 |       0 |    0 |    63 |      4 |      1 |          0 |
|             I_CMD_STATUS                                          |                                         axi_datamover_cmd_status_37 |          9 |          9 |       0 |    0 |    61 |      0 |      0 |          0 |
|               I_CMD_FIFO                                          |                                               axi_datamover_fifo_45 |          2 |          2 |       0 |    0 |    55 |      0 |      0 |          0 |
|             I_MSTR_PCC                                            |                                                axi_datamover_pcc_38 |        209 |        209 |       0 |    0 |   187 |      0 |      0 |          0 |
|     axi_dma_1                                                     |                                                design_1_axi_dma_1_0 |        851 |        808 |       0 |   43 |  1066 |      4 |      1 |          0 |
|       U0                                                          |                                                          axi_dma__1 |        851 |        808 |       0 |   43 |  1066 |      4 |      1 |          0 |
|         INCLUDE_MM2S_SOF_EOF_GENERATOR.I_MM2S_DMA_MNGR            |                                                   axi_dma_mm2s_mngr |         13 |         13 |       0 |    0 |    66 |      0 |      0 |          0 |
|           GEN_MM2S_DMA_CONTROL.GEN_SIMPLE_DMA_MODE.I_MM2S_SMPL_SM |                                                 axi_dma_smple_sm_26 |          5 |          5 |       0 |    0 |    55 |      0 |      0 |          0 |
|         I_AXI_DMA_REG_MODULE                                      |                                                  axi_dma_reg_module |         75 |         75 |       0 |    0 |   161 |      0 |      0 |          0 |
|           GEN_AXI_LITE_IF.AXI_LITE_IF_I                           |                                                  axi_dma_lite_if_25 |         54 |         54 |       0 |    0 |    81 |      0 |      0 |          0 |
|           GEN_MM2S_REGISTERS.I_MM2S_DMA_REGISTER                  |                                                    axi_dma_register |         21 |         21 |       0 |    0 |    80 |      0 |      0 |          0 |
|         I_PRMRY_DATAMOVER                                         |                                                       axi_datamover |        756 |        713 |       0 |   43 |   815 |      4 |      1 |          0 |
|           GEN_MM2S_FULL.I_MM2S_FULL_WRAPPER                       |                                        axi_datamover_mm2s_full_wrap |        756 |        713 |       0 |   43 |   815 |      4 |      1 |          0 |
|             ENABLE_AXIS_SKID.I_MM2S_SKID_BUF                      |                                           axi_datamover_skid_buf_13 |         72 |         72 |       0 |    0 |   137 |      0 |      0 |          0 |
|             GEN_INCLUDE_MM2S_DRE.I_DRE_16_to_64                   |                                              axi_datamover_mm2s_dre |        283 |        283 |       0 |    0 |   234 |      0 |      0 |          0 |
|             GEN_INCLUDE_MM2S_SF.I_RD_SF                           |                                                 axi_datamover_rd_sf |         76 |         72 |       0 |    4 |    80 |      4 |      1 |          0 |
|               I_DATA_FIFO                                         |                                          axi_datamover_sfifo_autord |         55 |         55 |       0 |    0 |    63 |      4 |      1 |          0 |
|                 BLK_MEM.I_SYNC_FIFOGEN_FIFO                       |                                                    xpm_fifo_sync__1 |         38 |         38 |       0 |    0 |    63 |      4 |      1 |          0 |
|                   xpm_fifo_base_inst                              |                                                    xpm_fifo_base__1 |         38 |         38 |       0 |    0 |    63 |      4 |      1 |          0 |
|             I_CMD_STATUS                                          |                                            axi_datamover_cmd_status |          9 |          9 |       0 |    0 |    61 |      0 |      0 |          0 |
|               I_CMD_FIFO                                          |                                               axi_datamover_fifo_15 |          2 |          2 |       0 |    0 |    55 |      0 |      0 |          0 |
|             I_MSTR_PCC                                            |                                                   axi_datamover_pcc |        209 |        209 |       0 |    0 |   187 |      0 |      0 |          0 |
|     axi_dma_2                                                     |                                                design_1_axi_dma_2_0 |       1300 |       1223 |      10 |   67 |  1800 |      4 |      1 |          0 |
|       U0                                                          |                                             axi_dma__parameterized2 |       1300 |       1223 |      10 |   67 |  1800 |      4 |      1 |          0 |
|         INCLUDE_S2MM_SOF_EOF_GENERATOR.I_S2MM_DMA_MNGR            |                                                   axi_dma_s2mm_mngr |         21 |         21 |       0 |    0 |    84 |      0 |      0 |          0 |
|           GEN_S2MM_DMA_CONTROL.GEN_SIMPLE_DMA_MODE.I_S2MM_SMPL_SM |                                                    axi_dma_smple_sm |          5 |          5 |       0 |    0 |    55 |      0 |      0 |          0 |
|         I_AXI_DMA_REG_MODULE                                      |                                  axi_dma_reg_module__parameterized0 |         75 |         75 |       0 |    0 |   161 |      0 |      0 |          0 |
|           GEN_AXI_LITE_IF.AXI_LITE_IF_I                           |                                                     axi_dma_lite_if |         49 |         49 |       0 |    0 |    81 |      0 |      0 |          0 |
|           GEN_S2MM_REGISTERS.I_S2MM_DMA_REGISTER                  |                                               axi_dma_register_s2mm |         27 |         27 |       0 |    0 |    80 |      0 |      0 |          0 |
|         I_PRMRY_DATAMOVER                                         |                                       axi_datamover__parameterized0 |       1197 |       1120 |      10 |   67 |  1531 |      4 |      1 |          0 |
|           GEN_S2MM_FULL.I_S2MM_FULL_WRAPPER                       |                                        axi_datamover_s2mm_full_wrap |       1197 |       1120 |      10 |   67 |  1531 |      4 |      1 |          0 |
|             ENABLE_AXIS_SKID.I_S2MM_STRM_SKID_BUF                 |                                              axi_datamover_skid_buf |         73 |         73 |       0 |    0 |   138 |      0 |      0 |          0 |
|             GEN_ENABLE_INDET_BTT_SF.I_INDET_BTT                   |                                             axi_datamover_indet_btt |        213 |        203 |      10 |    0 |   302 |      4 |      1 |          0 |
|               I_XD_FIFO                                           |                          axi_datamover_sfifo_autord__parameterized0 |         79 |         69 |      10 |    0 |    64 |      0 |      0 |          0 |
|                 NON_BLK_MEM.I_SYNC_FIFOGEN_FIFO                   |                                       xpm_fifo_sync__parameterized1 |         46 |         36 |      10 |    0 |    64 |      0 |      0 |          0 |
|                   xpm_fifo_base_inst                              |                                       xpm_fifo_base__parameterized0 |         46 |         36 |      10 |    0 |    64 |      0 |      0 |          0 |
|               ENABLE_AXIS_SKID.I_INDET_BTT_SKID_BUF               |                              axi_datamover_skid_buf__parameterized0 |         86 |         86 |       0 |    0 |   160 |      0 |      0 |          0 |
|               I_DATA_FIFO                                         |                          axi_datamover_sfifo_autord__parameterized1 |         38 |         38 |       0 |    0 |    55 |      4 |      1 |          0 |
|                 BLK_MEM.I_SYNC_FIFOGEN_FIFO                       |                                       xpm_fifo_sync__parameterized3 |         23 |         23 |       0 |    0 |    55 |      4 |      1 |          0 |
|                   xpm_fifo_base_inst                              |                                       xpm_fifo_base__parameterized1 |         23 |         23 |       0 |    0 |    55 |      4 |      1 |          0 |
|             GEN_INCLUDE_IBTTCC.I_S2MM_MSTR_IBTTCC                 |                                                axi_datamover_ibttcc |        152 |        152 |       0 |    0 |   227 |      0 |      0 |          0 |
|             GEN_INCLUDE_REALIGNER.I_S2MM_REALIGNER                |                                          axi_datamover_s2mm_realign |        523 |        500 |       0 |   23 |   468 |      0 |      0 |          0 |
|               GEN_INCLUDE_SCATTER.I_S2MM_SCATTER                  |                                          axi_datamover_s2mm_scatter |        210 |        201 |       0 |    9 |   221 |      0 |      0 |          0 |
|                 (GEN_INCLUDE_SCATTER.I_S2MM_SCATTER)              |                                          axi_datamover_s2mm_scatter |         54 |         54 |       0 |    0 |    55 |      0 |      0 |          0 |
|                 I_MSSAI_SKID_BUF                                  |                                        axi_datamover_mssai_skid_buf |         93 |         93 |       0 |    0 |   139 |      0 |      0 |          0 |
|               GEN_INCLUDE_DRE.I_S2MM_DRE_BLOCK                    |                                              axi_datamover_s2mm_dre |        282 |        282 |       0 |    0 |   233 |      0 |      0 |          0 |
|             I_CMD_STATUS                                          |                            axi_datamover_cmd_status__parameterized0 |         17 |         17 |       0 |    0 |    79 |      0 |      0 |          0 |
|               I_CMD_FIFO                                          |                                                  axi_datamover_fifo |          4 |          4 |       0 |    0 |    55 |      0 |      0 |          0 |
|             I_S2MM_MMAP_SKID_BUF                                  |                                           axi_datamover_skid2mm_buf |         67 |         67 |       0 |    0 |   151 |      0 |      0 |          0 |
|             I_WR_DATA_CNTL                                        |                                           axi_datamover_wrdata_cntl |         85 |         77 |       0 |    8 |    56 |      0 |      0 |          0 |
|               (I_WR_DATA_CNTL)                                    |                                           axi_datamover_wrdata_cntl |         47 |         47 |       0 |    0 |    50 |      0 |      0 |          0 |
|     axi_smc                                                       |                                                  design_1_axi_smc_0 |        407 |        311 |      94 |    2 |   368 |      0 |      0 |          0 |
|       inst                                                        |                                                             bd_afc3 |        407 |        311 |      94 |    2 |   368 |      0 |      0 |          0 |
|         m00_exit_pipeline                                         |                                       m00_exit_pipeline_imp_1TZX5BB |        192 |        191 |       0 |    1 |   137 |      0 |      0 |          0 |
|           m00_exit                                                |                                                      bd_afc3_m00e_0 |        192 |        191 |       0 |    1 |   137 |      0 |      0 |          0 |
|             inst                                                  |                                              sc_exit_v1_0_18_top__1 |        192 |        191 |       0 |    1 |   137 |      0 |      0 |          0 |
|               splitter_inst                                       |                                        sc_exit_v1_0_18_splitter_118 |        176 |        175 |       0 |    1 |   124 |      0 |      0 |          0 |
|                 gen_axi3.splitter_inst                            |                                       sc_exit_v1_0_18_axi3_conv_119 |        176 |        175 |       0 |    1 |   124 |      0 |      0 |          0 |
|                   (gen_axi3.splitter_inst)                        |                                       sc_exit_v1_0_18_axi3_conv_119 |         54 |         54 |       0 |    0 |    55 |      0 |      0 |          0 |
|                   ar_cmd_reg                                      |                                    sc_util_v1_0_4_axi_reg_stall_120 |        109 |        109 |       0 |    0 |    60 |      0 |      0 |          0 |
|         s00_nodes                                                 |                                                s00_nodes_imp_Y7M43I |        181 |         87 |      94 |    0 |   187 |      0 |      0 |          0 |
|           s00_ar_node                                             |                                                      bd_afc3_sarn_0 |         90 |         42 |      48 |    0 |    91 |      0 |      0 |          0 |
|             inst                                                  |                                              sc_node_v1_0_19_top__1 |         90 |         42 |      48 |    0 |    91 |      0 |      0 |          0 |
|               inst_mi_handler                                     |                                      sc_node_v1_0_19_mi_handler_110 |         86 |         38 |      48 |    0 |    86 |      0 |      0 |          0 |
|                 gen_normal_area.inst_fifo_node_payld              |                                            sc_node_v1_0_19_fifo_112 |         86 |         38 |      48 |    0 |    84 |      0 |      0 |          0 |
|                   gen_xpm_memory_fifo.inst_fifo                   |                                  sc_util_v1_0_4_xpm_memory_fifo_113 |         86 |         38 |      48 |    0 |    84 |      0 |      0 |          0 |
|                     gen_mem_rep[0].inst_xpm_memory                |                                                xpm_memory_sdpram__1 |         48 |          0 |      48 |    0 |    62 |      0 |      0 |          0 |
|                       xpm_memory_base_inst                        |                                  xpm_memory_base__parameterized2__1 |         48 |          0 |      48 |    0 |    62 |      0 |      0 |          0 |
|           s00_r_node                                              |                                                       bd_afc3_srn_0 |         91 |         45 |      46 |    0 |    96 |      0 |      0 |          0 |
|             inst                                                  |                              sc_node_v1_0_19_top__parameterized0__1 |         91 |         45 |      46 |    0 |    96 |      0 |      0 |          0 |
|               inst_mi_handler                                     |                      sc_node_v1_0_19_mi_handler__parameterized0_103 |         86 |         40 |      46 |    0 |    91 |      0 |      0 |          0 |
|                 gen_normal_area.inst_fifo_node_payld              |                            sc_node_v1_0_19_fifo__parameterized0_105 |         86 |         40 |      46 |    0 |    89 |      0 |      0 |          0 |
|                   gen_xpm_memory_fifo.inst_fifo                   |                  sc_util_v1_0_4_xpm_memory_fifo__parameterized0_106 |         86 |         40 |      46 |    0 |    89 |      0 |      0 |          0 |
|                     gen_mem_rep[0].inst_xpm_memory                |                                xpm_memory_sdpram__parameterized0__1 |         46 |          0 |      46 |    0 |    67 |      0 |      0 |          0 |
|                       xpm_memory_base_inst                        |                                  xpm_memory_base__parameterized3__1 |         46 |          0 |      46 |    0 |    67 |      0 |      0 |          0 |
|     axi_smc_1                                                     |                                                design_1_axi_smc_1_0 |        407 |        311 |      94 |    2 |   368 |      0 |      0 |          0 |
|       inst                                                        |                                                             bd_a878 |        407 |        311 |      94 |    2 |   368 |      0 |      0 |          0 |
|         m00_exit_pipeline                                         |                                       m00_exit_pipeline_imp_1I3LT8L |        191 |        190 |       0 |    1 |   137 |      0 |      0 |          0 |
|           m00_exit                                                |                                                      bd_a878_m00e_0 |        191 |        190 |       0 |    1 |   137 |      0 |      0 |          0 |
|             inst                                                  |                                                 sc_exit_v1_0_18_top |        191 |        190 |       0 |    1 |   137 |      0 |      0 |          0 |
|               splitter_inst                                       |                                         sc_exit_v1_0_18_splitter_90 |        175 |        174 |       0 |    1 |   124 |      0 |      0 |          0 |
|                 gen_axi3.splitter_inst                            |                                        sc_exit_v1_0_18_axi3_conv_91 |        175 |        174 |       0 |    1 |   124 |      0 |      0 |          0 |
|                   (gen_axi3.splitter_inst)                        |                                        sc_exit_v1_0_18_axi3_conv_91 |         54 |         54 |       0 |    0 |    55 |      0 |      0 |          0 |
|                   ar_cmd_reg                                      |                                     sc_util_v1_0_4_axi_reg_stall_92 |        108 |        108 |       0 |    0 |    60 |      0 |      0 |          0 |
|         s00_nodes                                                 |                                                s00_nodes_imp_NF95JW |        181 |         87 |      94 |    0 |   187 |      0 |      0 |          0 |
|           s00_ar_node                                             |                                                      bd_a878_sarn_0 |         90 |         42 |      48 |    0 |    91 |      0 |      0 |          0 |
|             inst                                                  |                                                 sc_node_v1_0_19_top |         90 |         42 |      48 |    0 |    91 |      0 |      0 |          0 |
|               inst_mi_handler                                     |                                          sc_node_v1_0_19_mi_handler |         86 |         38 |      48 |    0 |    86 |      0 |      0 |          0 |
|                 gen_normal_area.inst_fifo_node_payld              |                                             sc_node_v1_0_19_fifo_84 |         86 |         38 |      48 |    0 |    84 |      0 |      0 |          0 |
|                   gen_xpm_memory_fifo.inst_fifo                   |                                   sc_util_v1_0_4_xpm_memory_fifo_85 |         86 |         38 |      48 |    0 |    84 |      0 |      0 |          0 |
|                     gen_mem_rep[0].inst_xpm_memory                |                                                xpm_memory_sdpram__2 |         48 |          0 |      48 |    0 |    62 |      0 |      0 |          0 |
|                       xpm_memory_base_inst                        |                                  xpm_memory_base__parameterized2__2 |         48 |          0 |      48 |    0 |    62 |      0 |      0 |          0 |
|           s00_r_node                                              |                                                       bd_a878_srn_0 |         91 |         45 |      46 |    0 |    96 |      0 |      0 |          0 |
|             inst                                                  |                                 sc_node_v1_0_19_top__parameterized0 |         91 |         45 |      46 |    0 |    96 |      0 |      0 |          0 |
|               inst_mi_handler                                     |                          sc_node_v1_0_19_mi_handler__parameterized0 |         86 |         40 |      46 |    0 |    91 |      0 |      0 |          0 |
|                 gen_normal_area.inst_fifo_node_payld              |                                sc_node_v1_0_19_fifo__parameterized0 |         86 |         40 |      46 |    0 |    89 |      0 |      0 |          0 |
|                   gen_xpm_memory_fifo.inst_fifo                   |                      sc_util_v1_0_4_xpm_memory_fifo__parameterized0 |         86 |         40 |      46 |    0 |    89 |      0 |      0 |          0 |
|                     gen_mem_rep[0].inst_xpm_memory                |                                   xpm_memory_sdpram__parameterized0 |         46 |          0 |      46 |    0 |    67 |      0 |      0 |          0 |
|                       xpm_memory_base_inst                        |                                     xpm_memory_base__parameterized3 |         46 |          0 |      46 |    0 |    67 |      0 |      0 |          0 |
|     axi_smc_2                                                     |                                                design_1_axi_smc_2_0 |        542 |        434 |     100 |    8 |   455 |      0 |      0 |          0 |
|       inst                                                        |                                                             bd_a888 |        542 |        434 |     100 |    8 |   455 |      0 |      0 |          0 |
|         m00_exit_pipeline                                         |                                        m00_exit_pipeline_imp_J937NU |        245 |        238 |       0 |    7 |   170 |      0 |      0 |          0 |
|           m00_exit                                                |                                                      bd_a888_m00e_0 |        245 |        238 |       0 |    7 |   170 |      0 |      0 |          0 |
|             inst                                                  |                                 sc_exit_v1_0_18_top__parameterized0 |        245 |        238 |       0 |    7 |   170 |      0 |      0 |          0 |
|               splitter_inst                                       |                                            sc_exit_v1_0_18_splitter |        227 |        221 |       0 |    6 |   156 |      0 |      0 |          0 |
|                 gen_axi3.splitter_inst                            |                                           sc_exit_v1_0_18_axi3_conv |        227 |        221 |       0 |    6 |   156 |      0 |      0 |          0 |
|                   (gen_axi3.splitter_inst)                        |                                           sc_exit_v1_0_18_axi3_conv |         58 |         58 |       0 |    0 |    73 |      0 |      0 |          0 |
|                   aw_cmd_reg                                      |                                        sc_util_v1_0_4_axi_reg_stall |        113 |        113 |       0 |    0 |    61 |      0 |      0 |          0 |
|         s00_entry_pipeline                                        |                                      s00_entry_pipeline_imp_1J0OY2X |         58 |         58 |       0 |    0 |    31 |      0 |      0 |          0 |
|         s00_nodes                                                 |                                               s00_nodes_imp_1MT4N83 |        228 |        128 |     100 |    0 |   224 |      0 |      0 |          0 |
|           s00_aw_node                                             |                                                      bd_a888_sawn_0 |         90 |         42 |      48 |    0 |    92 |      0 |      0 |          0 |
|             inst                                                  |                                 sc_node_v1_0_19_top__parameterized1 |         90 |         42 |      48 |    0 |    92 |      0 |      0 |          0 |
|               inst_mi_handler                                     |                          sc_node_v1_0_19_mi_handler__parameterized1 |         86 |         38 |      48 |    0 |    87 |      0 |      0 |          0 |
|                 gen_normal_area.inst_fifo_node_payld              |                                                sc_node_v1_0_19_fifo |         86 |         38 |      48 |    0 |    85 |      0 |      0 |          0 |
|                   gen_xpm_memory_fifo.inst_fifo                   |                                      sc_util_v1_0_4_xpm_memory_fifo |         86 |         38 |      48 |    0 |    85 |      0 |      0 |          0 |
|                     gen_mem_rep[0].inst_xpm_memory                |                                                   xpm_memory_sdpram |         48 |          0 |      48 |    0 |    63 |      0 |      0 |          0 |
|                       xpm_memory_base_inst                        |                                     xpm_memory_base__parameterized2 |         48 |          0 |      48 |    0 |    63 |      0 |      0 |          0 |
|           s00_w_node                                              |                                                       bd_a888_swn_0 |         90 |         42 |      48 |    0 |   101 |      0 |      0 |          0 |
|             inst                                                  |                                 sc_node_v1_0_19_top__parameterized3 |         90 |         42 |      48 |    0 |   101 |      0 |      0 |          0 |
|               inst_mi_handler                                     |                          sc_node_v1_0_19_mi_handler__parameterized3 |         86 |         38 |      48 |    0 |    96 |      0 |      0 |          0 |
|                 gen_normal_area.inst_fifo_node_payld              |                                sc_node_v1_0_19_fifo__parameterized2 |         86 |         38 |      48 |    0 |    94 |      0 |      0 |          0 |
|                   gen_xpm_memory_fifo.inst_fifo                   |                      sc_util_v1_0_4_xpm_memory_fifo__parameterized2 |         86 |         38 |      48 |    0 |    94 |      0 |      0 |          0 |
|                     gen_mem_rep[0].inst_xpm_memory                |                                   xpm_memory_sdpram__parameterized2 |         48 |          0 |      48 |    0 |    72 |      0 |      0 |          0 |
|                       xpm_memory_base_inst                        |                                     xpm_memory_base__parameterized5 |         48 |          0 |      48 |    0 |    72 |      0 |      0 |          0 |
|     axis_dwidth_converter_0                                       |                                  design_1_axis_dwidth_converter_0_0 |         14 |         14 |       0 |    0 |   265 |      0 |      0 |          0 |
|       inst                                                        |               axis_dwidth_converter_v1_1_34_axis_dwidth_converter_4 |         14 |         14 |       0 |    0 |   265 |      0 |      0 |          0 |
|         gen_upsizer_conversion.axisc_upsizer_0                    |                       axis_dwidth_converter_v1_1_34_axisc_upsizer_5 |         13 |         13 |       0 |    0 |   264 |      0 |      0 |          0 |
|     axis_dwidth_converter_1                                       |                                  design_1_axis_dwidth_converter_1_0 |         14 |         14 |       0 |    0 |   265 |      0 |      0 |          0 |
|       inst                                                        |                 axis_dwidth_converter_v1_1_34_axis_dwidth_converter |         14 |         14 |       0 |    0 |   265 |      0 |      0 |          0 |
|         gen_upsizer_conversion.axisc_upsizer_0                    |                         axis_dwidth_converter_v1_1_34_axisc_upsizer |         13 |         13 |       0 |    0 |   264 |      0 |      0 |          0 |
|     axis_dwidth_converter_2                                       |                                  design_1_axis_dwidth_converter_2_0 |        138 |        138 |       0 |    0 |   266 |      0 |      0 |          0 |
|       inst                                                        | axis_dwidth_converter_v1_1_34_axis_dwidth_converter__parameterized0 |        138 |        138 |       0 |    0 |   266 |      0 |      0 |          0 |
|         gen_downsizer_conversion.axisc_downsizer_0                |                       axis_dwidth_converter_v1_1_34_axisc_downsizer |        137 |        137 |       0 |    0 |   265 |      0 |      0 |          0 |
|     ps7_0_axi_periph                                              |                                         design_1_ps7_0_axi_periph_0 |        565 |        504 |       0 |   61 |   640 |      0 |      0 |          0 |
|       s00_couplers                                                |                                             s00_couplers_imp_UYSKKA |        388 |        327 |       0 |   61 |   516 |      0 |      0 |          0 |
|         auto_pc                                                   |                             design_1_ps7_0_axi_periph_imp_auto_pc_0 |        388 |        327 |       0 |   61 |   516 |      0 |      0 |          0 |
|           inst                                                    |               axi_protocol_converter_v2_1_37_axi_protocol_converter |        388 |        327 |       0 |   61 |   516 |      0 |      0 |          0 |
|             gen_axilite.gen_b2s_conv.axilite_b2s                  |                                  axi_protocol_converter_v2_1_37_b2s |        388 |        327 |       0 |   61 |   516 |      0 |      0 |          0 |
|               WR.aw_channel_0                                     |                       axi_protocol_converter_v2_1_37_b2s_aw_channel |         60 |         60 |       0 |    0 |    81 |      0 |      0 |          0 |
|                 cmd_translator_0                                  |                   axi_protocol_converter_v2_1_37_b2s_cmd_translator |         49 |         49 |       0 |    0 |    63 |      0 |      0 |          0 |
|               RD.ar_channel_0                                     |                       axi_protocol_converter_v2_1_37_b2s_ar_channel |         62 |         62 |       0 |    0 |    77 |      0 |      0 |          0 |
|                 cmd_translator_0                                  |                 axi_protocol_converter_v2_1_37_b2s_cmd_translator_1 |         41 |         41 |       0 |    0 |    63 |      0 |      0 |          0 |
|               RD.r_channel_0                                      |                        axi_protocol_converter_v2_1_37_b2s_r_channel |         61 |         14 |       0 |   47 |    24 |      0 |      0 |          0 |
|               SI_REG                                              |                       axi_register_slice_v2_1_36_axi_register_slice |        174 |        174 |       0 |    0 |   316 |      0 |      0 |          0 |
|                 ar.ar_pipe                                        |                      axi_register_slice_v2_1_36_axic_register_slice |         68 |         68 |       0 |    0 |    96 |      0 |      0 |          0 |
|                 aw.aw_pipe                                        |                    axi_register_slice_v2_1_36_axic_register_slice_0 |         70 |         70 |       0 |    0 |    94 |      0 |      0 |          0 |
|                 r.r_pipe                                          |      axi_register_slice_v2_1_36_axic_register_slice__parameterized2 |         26 |         26 |       0 |    0 |    96 |      0 |      0 |          0 |
|       xbar                                                        |                                design_1_ps7_0_axi_periph_imp_xbar_0 |        177 |        177 |       0 |    0 |   124 |      0 |      0 |          0 |
|         inst                                                      |                                   axi_crossbar_v2_1_38_axi_crossbar |        177 |        177 |       0 |    0 |   124 |      0 |      0 |          0 |
|           gen_sasd.crossbar_sasd_0                                |                                  axi_crossbar_v2_1_38_crossbar_sasd |        177 |        177 |       0 |    0 |   124 |      0 |      0 |          0 |
|             reg_slice_r                                           |      axi_register_slice_v2_1_36_axic_register_slice__parameterized7 |         88 |         88 |       0 |    0 |    74 |      0 |      0 |          0 |
|             addr_arbiter_inst                                     |                              axi_crossbar_v2_1_38_addr_arbiter_sasd |         72 |         72 |       0 |    0 |    32 |      0 |      0 |          0 |
+-------------------------------------------------------------------+---------------------------------------------------------------------+------------+------------+---------+------+-------+--------+--------+------------+
* Note: The sum of lower-level cells may be larger than their parent cells total, due to cross-hierarchy LUT combining


