TOOL:	xrun(64)	23.09-s013: Started on Aug 04, 2026 at 12:12:17 UTC
SOFTINCLUDE $XPEDION/aa/cds.lib
|
xrun: *W,DLCVAR (/tools/rubyeda/RubySKILL/r20260616.1/cds.site.lib,25): cds.lib Invalid environment variable ''.
SOFTINCLUDE $EMXHOME/emxinterface/cds.lib
|
xrun: *W,DLCVAR (/tools/rubyeda/RubySKILL/r20260616.1/cds.site.lib,27): cds.lib Invalid environment variable ''.
xrun(64): 23.09-s013: (c) Copyright 1995-2024 Cadence Design Systems, Inc.
SOFTINCLUDE $XPEDION/aa/cds.lib
|
xrun: *W,DLCVAR (/tools/rubyeda/RubySKILL/r20260616.1/cds.site.lib,25): cds.lib Invalid environment variable ''.
SOFTINCLUDE $EMXHOME/emxinterface/cds.lib
|
xrun: *W,DLCVAR (/tools/rubyeda/RubySKILL/r20260616.1/cds.site.lib,27): cds.lib Invalid environment variable ''.
SOFTINCLUDE $XPEDION/aa/cds.lib
|
xrun: *W,DLCVAR (/tools/rubyeda/RubySKILL/r20260616.1/cds.site.lib,25): cds.lib Invalid environment variable ''.
SOFTINCLUDE $EMXHOME/emxinterface/cds.lib
|
xrun: *W,DLCVAR (/tools/rubyeda/RubySKILL/r20260616.1/cds.site.lib,27): cds.lib Invalid environment variable ''.
SOFTINCLUDE $XPEDION/aa/cds.lib
|
xrun: *W,DLCVAR (/tools/rubyeda/RubySKILL/r20260616.1/cds.site.lib,25): cds.lib Invalid environment variable ''.
SOFTINCLUDE $EMXHOME/emxinterface/cds.lib
|
xrun: *W,DLCVAR (/tools/rubyeda/RubySKILL/r20260616.1/cds.site.lib,27): cds.lib Invalid environment variable ''.
SOFTINCLUDE $XPEDION/aa/cds.lib
|
xrun: *W,DLCVAR (/tools/rubyeda/RubySKILL/r20260616.1/cds.site.lib,25): cds.lib Invalid environment variable ''.
SOFTINCLUDE $EMXHOME/emxinterface/cds.lib
|
xrun: *W,DLCVAR (/tools/rubyeda/RubySKILL/r20260616.1/cds.site.lib,27): cds.lib Invalid environment variable ''.
SOFTINCLUDE $XPEDION/aa/cds.lib
|
xrun: *W,DLCVAR (/tools/rubyeda/RubySKILL/r20260616.1/cds.site.lib,25): cds.lib Invalid environment variable ''.
SOFTINCLUDE $EMXHOME/emxinterface/cds.lib
|
xrun: *W,DLCVAR (/tools/rubyeda/RubySKILL/r20260616.1/cds.site.lib,27): cds.lib Invalid environment variable ''.
SOFTINCLUDE $XPEDION/aa/cds.lib
|
xmvlog: *W,DLCVAR (/tools/rubyeda/RubySKILL/r20260616.1/cds.site.lib,25): cds.lib Invalid environment variable ''.
SOFTINCLUDE $EMXHOME/emxinterface/cds.lib
|
xmvlog: *W,DLCVAR (/tools/rubyeda/RubySKILL/r20260616.1/cds.site.lib,27): cds.lib Invalid environment variable ''.
file: /project/tsmc65/users/rasksha/ws/taoFPGA/sourcecode/sim/../core/MM_ultra.v
	module worklib.MM_ultra:v
		errors: 0, warnings: 0
file: /project/tsmc65/users/rasksha/ws/taoFPGA/sourcecode/sim/../core/MM_in_buffer.v
	module worklib.MM_in_buffer:v
		errors: 0, warnings: 0
file: /project/tsmc65/users/rasksha/ws/taoFPGA/sourcecode/sim/../core/MM_buffer.v
	module worklib.MM_buffer:v
		errors: 0, warnings: 0
file: /project/tsmc65/users/rasksha/ws/taoFPGA/sourcecode/sim/../core/MM_out_buffer.v
	module worklib.MM_out_buffer:v
		errors: 0, warnings: 0
file: /project/tsmc65/users/rasksha/ws/taoFPGA/sourcecode/sim/../core/MM.v
	module worklib.MM:v
		errors: 0, warnings: 0
file: /project/tsmc65/users/rasksha/ws/taoFPGA/sourcecode/sim/../core/PE_array.v
	module worklib.PE_array:v
		errors: 0, warnings: 0
file: /project/tsmc65/users/rasksha/ws/taoFPGA/sourcecode/sim/../core/PE_line.v
	module worklib.PE_line:v
		errors: 0, warnings: 0
file: /project/tsmc65/users/rasksha/ws/taoFPGA/sourcecode/sim/../core/PE.v
	module worklib.PE:v
		errors: 0, warnings: 0
file: /project/tsmc65/users/rasksha/ws/taoFPGA/sourcecode/sim/../core/AdderS.v
	module worklib.AdderS:v
		errors: 0, warnings: 0
file: /project/tsmc65/users/rasksha/ws/taoFPGA/sourcecode/sim/../core/right_shifter.v
	module worklib.right_shifter:v
		errors: 0, warnings: 0
file: /project/tsmc65/users/rasksha/ws/taoFPGA/sourcecode/sim/../tb/stall_monitor.sv
	module worklib.stall_monitor:sv
		errors: 0, warnings: 0
file: /project/tsmc65/users/rasksha/ws/taoFPGA/sourcecode/sim/../tb/MM_Ultra_tb.sv
	module worklib.MM_Ultra_tb:sv
		errors: 0, warnings: 0
	Total errors/warnings found outside modules and primitives:
		errors: 0, warnings: 2
SOFTINCLUDE $XPEDION/aa/cds.lib
|
xrun: *W,DLCVAR (/tools/rubyeda/RubySKILL/r20260616.1/cds.site.lib,25): cds.lib Invalid environment variable ''.
SOFTINCLUDE $EMXHOME/emxinterface/cds.lib
|
xrun: *W,DLCVAR (/tools/rubyeda/RubySKILL/r20260616.1/cds.site.lib,27): cds.lib Invalid environment variable ''.
SOFTINCLUDE $XPEDION/aa/cds.lib
|
xrun: *W,DLCVAR (/tools/rubyeda/RubySKILL/r20260616.1/cds.site.lib,25): cds.lib Invalid environment variable ''.
SOFTINCLUDE $EMXHOME/emxinterface/cds.lib
|
xrun: *W,DLCVAR (/tools/rubyeda/RubySKILL/r20260616.1/cds.site.lib,27): cds.lib Invalid environment variable ''.
SOFTINCLUDE $XPEDION/aa/cds.lib
|
xmelab: *W,DLCVAR (/tools/rubyeda/RubySKILL/r20260616.1/cds.site.lib,25): cds.lib Invalid environment variable ''.
SOFTINCLUDE $EMXHOME/emxinterface/cds.lib
|
xmelab: *W,DLCVAR (/tools/rubyeda/RubySKILL/r20260616.1/cds.site.lib,27): cds.lib Invalid environment variable ''.
	Elaborating the design hierarchy:
		Caching library 'worklib' ....... Done
	Top level design units:
		MM_Ultra_tb
	Building instance overlay tables: .................... Done
	Generating native compiled code:
SOFTINCLUDE $XPEDION/aa/cds.lib
|
xmvlog_cg: *W,DLCVAR (/tools/rubyeda/RubySKILL/r20260616.1/cds.site.lib,25): cds.lib Invalid environment variable ''.
SOFTINCLUDE $EMXHOME/emxinterface/cds.lib
|
xmvlog_cg: *W,DLCVAR (/tools/rubyeda/RubySKILL/r20260616.1/cds.site.lib,27): cds.lib Invalid environment variable ''.
		worklib.right_shifter:v <0x24f1f2df>
			streams:   5, words:  2219
		worklib.PE:v <0x79a60da1>
			streams:   5, words:  1564
		worklib.MM_buffer:v <0x339729b1>
			streams:  61, words: 23842
		worklib.MM_in_buffer:v <0x22761fc8>
			streams:  42, words: 18289
		worklib.MM_ultra:v <0x562882be>
			streams:  20, words:  5965
		worklib.PE_array:v <0x6a96eb00>
			streams: 209, words: 111952
		worklib.MM:v <0x1f4acfb0>
			streams:  31, words: 25007
		worklib.AdderS:v <0x0df08741>
			streams:   3, words:  2232
		worklib.MM_Ultra_tb:sv <0x2fda9028>
			streams:  55, words: 39392
		worklib.MM_out_buffer:v <0x4f12eb7d>
			streams:  49, words: 23388
		worklib.PE_line:v <0x1a99cd40>
			streams:   4, words:  1112
		worklib.stall_monitor:sv <0x659229e8>
			streams:  10, words:  7988
		worklib.stall_monitor:sv <0x4bda4842>
			streams:  10, words:  7988
	Building instance specific data structures.
	Loading native compiled code:     .................... Done
	Design hierarchy summary:
		                  Instances  Unique
		Modules:                299      12
		Registers:              984     155
		Scalar wires:           109       -
		Expanded wires:        8272     321
		Vectored wires:        1249       -
		Always blocks:          682      97
		Initial blocks:        2426      25
		Cont. assignments:     1042      61
		Pseudo assignments:      48       -
		Process Clocks:         615       4
		Simulation timescale:   1ps
	Writing initial simulation snapshot: worklib.MM_Ultra_tb:sv
SOFTINCLUDE $XPEDION/aa/cds.lib
|
xmsim: *W,DLCVAR (/tools/rubyeda/RubySKILL/r20260616.1/cds.site.lib,25): cds.lib Invalid environment variable ''.
SOFTINCLUDE $EMXHOME/emxinterface/cds.lib
|
xmsim: *W,DLCVAR (/tools/rubyeda/RubySKILL/r20260616.1/cds.site.lib,27): cds.lib Invalid environment variable ''.
Loading snapshot worklib.MM_Ultra_tb:sv .................... Done
xcelium> source /tools/cadence/XCELIUM/23.09.013/tools/xcelium/files/xmsimrc
xcelium> run
x:
[[   36, -127, -119,  -29,   13,   13,  -27, -110,    1,   13,  118,   61,  109,   12,  121,  -58,  -59,  -86,  101,   -9, -110,   15,  114,  -50,  -24,  -59,   92,  -67,  -83,  -27,  -29,   10,    0,   32,   42,  -99, -106, -109, -115,  -45,  107,  -43, -126,  -82,   29,  -49,   35,   10,  -54,  -68,  114,   10,   65,  -40,  120, -119,  107,   54,   70,   46,  -68,   42, -117,  -15,    5,   79,  -69,   58,   -2,   21,  113,   89,   98,   76,   31,   15,  120,  -73,  -97,  -36,  -37,    9,  -55,  -48,  -41,  -47,   22,   12,  -62,   72,   -9,   61,   18,   -2,  109,   57,],
[   31,  -45,    5,   -8,   91,   73,  -65,   42,   88, -122, -114, -100,  122,  -90,  115,  -93,  -81,  -77,  -33,   68,  119,  -53,  -26,   90,   41,  -19,  -38,  -27,  -75,  -33,  121,   68,  -48,   42,   43,   14,   92, -102,   -3,  -61,   86,   78,  -25, -118,   54,  -72,  121,  -72,   20,   19, -124,  -39,   91,  -51,   89,  -19,  -10,   74,   54,   21,  -58,    4,  119,  105,  -76,    8,   40,  -83,  -57,  -82, -120,   28,   -3,   41, -100,    6,  -38,  -67,  102,  -16,  -13,   58,   94,  122,   85, -102,  -71,   55,   22,   64,   38,  -74,  125,   92,    6,  120,],
[  126,  -37,  -49,  121,   -6,  -31,   23,  -95,    6,  -48,  117,  -75,  -87,   65,  -59, -104,   75,  -13,  -20, -118,   78,  -88,   41,  -95,   14,  -26,  -97,   42,   42, -115,   30,  -72,   -7,   72,   74,   19,  107,  -57,   54,   58,   68,   57,   18,  -76,  127, -122,  122,  -14,   50,  -67,    4,  -28,   74,   41,  -95,   14,   -5, -117,  -17,   73,   54,  -11, -113,  107,    8,  -82,   27,   18,   40,  -83,   75,  -62,  -98,   13,  108,   24,   81, -122,  -63,  -69,   88,   83,  -42,  -37,  -30, -124,  115,  -40,   18,  -72,  -71,  -27,  -95,   43,    1,   72,],
[   39,   33,  -97, -124,   88, -106,   20, -110, -106,  -79,   85,  -19,   43,  117,   45,  -89,    4,  -89,  -25,  -71,  -55,   91,   73,   81,  -95,   42,  122,  -59,    3,   -4,  -14,   -2,  -24,  -17,    6,  112,   56,   64,  -88,  118,  -59,   64,  116,   57,  -80,   60,   42,   98,   21,  -31,   23,  -61,   73, -122,   37,   65, -115,  -38,    7,   44,   12,  -15,  -69,   54,   -9,  -98,  -36,   85,  -96,  -96,  114,  -76,   93, -115,   75,   -7,  -98,   -3,   -5,   15, -125,   99,   29,   49,   68, -107,  -32,  -19,   82,  120,   13,  -46,    4,   70, -116,   16,],
[   23,  106,    4,  -86,  124,  -32,   58, -117,  -90,  -91,   50,  -94,  -55, -108,  -67,   75,  -36,   71,    6,  -71,  -76,   80,  -84,   12,    7,  -22,   17,  104,  -53,  115,  108,   35,   36,   73,  -71,  -33,  -44,  103,   29,   48,    2,   73,  -39,   32, -100,   19,   99,  -86,  -56,  -35,   58,    4,  -85,   57, -110,  -46,   89,  -48,  -18,   23,   91,   38,   59,    0, -113,  -23, -116,   89,   69,   79,   16,  -47,  -23,  119,   74,  -40,   27,  -60,   56,  -73, -122,  -80,  119,   53,   84,    7,  118,  105,   11,    1,   91,    0,   66,  -59,  -80,  -81,],
[  -26,   47,  -23,  120, -122,  -17,   97, -107,  -18,   96,  -27,  -88,  100,   41,  -31,   -9,  110,    1,   85,  104,  112,  -86,   15,  -15,   -3,   14,  -30,   60,  -87,  111,  -37,  -81,   74,   57,   19,   19,  101,   81,  -73, -103,  -70,  -15,   98,  -28,   42,   -3,   89,  101,  109,  -55,  -63,   47,  -37,  -51,  112, -122,  -94,   61,  -22,   92,  -48,   -5,  -91,   -8,  118,  -36,   35,  121,   72,  -69, -114,  -13,   12,  -50,   84,  -39,   57,  -77,  116,  -11,   12,  -71,    2, -107,    5,   78,    2,   56, -120,   13,  -81,  104,   16,  117,  -52,  123,],
[  -64,   37, -115,  -16,   45,  -87,   60,  -80,   64,   80,  -95,   77,  -11,  117,  -35, -108,  -22,   60,  -72,  -98,   -6,   70, -121, -109,  -43,   55,   69,  -29,  -39,  -90,  -24,  -98, -112,   90,   28,   57,   43,   80,  111,   88,  -59,   13,   11,  124,   92,  -92,   25,   37,  -66,  -13,  -40,   68,   92,    6, -102,   24,  -59,   42,   26,   67,   50,   12,  -23,   67,  107,  120,  114,    9,  111,   27,  -83,  104,  -91,   79,   43, -101,    0,   93,    2, -124,   87,   54,   50,   -7,  -28, -106,  -86,   64,  -82,   12,  -15,  123,   60,  -36,   23,  -63,],
[  107,   53, -119, -113,  -65,  -80,  -45,  -42, -126,   26,  113,  -41, -114,  -15,   77,    5,   28,   24,  -20,  -86,  -27,   55, -125,   -2,   -3,  -66,  -24,  -12,   48, -122,   18,  -24,  -59,   -2,   54,  115,  123,  -21,   23, -113, -108,   42,  -90,  -44,  -53,  -21,    4,  -12,   13,  -31,    5,  -71,  -55,  -32,  -58,   60,   55,   88,  115, -114,   92,   48,   80,    0,   67,  120,  -95,   83,   24,   95, -121,   -6,   45,  -16,  -21,  -79, -110,   12,   13,   21,   64,   20,   84,    0,   19,  -61,  -19,  -36,   -8,   39,  -33,   35,   43,   56,   34,   73,],
[  -57, -126,   78,  -57,  -92,   91, -120,  117,   53, -102,   56, -126,  -40,  -48,  -93,   36,  101,  106,    6,  -44,  -37,  -56,   72,  -73,  120,  -75,   81,    3,   27,   53,   48,   -5,   79,  -80, -104,  -35,  -58,   97,  -39,   85,   47, -117,  -34,  -45,   40,  105,   88,   85,   67,   84,   36,  126,   86, -113, -125,   32, -126,   63,   69,   -9,   69,  -11,   -8,   70,  108,  -48,   49, -100,  -68,  -81, -114,  -23,  -78,  -34, -123,   42,   40,   66,   26,   83,  -70,   -5, -117,   66,  -52,  113,   30,   97,   -5,  -65, -111,  -64,   89,   -2,   84,  -47,],
[  -55,  103,   36,    3,  -37,   57,   21,   -9,  -15,  102,  -81,    4, -110,  124,  -85,  -60,   63,  -62,  115,   90,  -96,   -2,  116,   59,   98,  -30,  -33, -104,   31,   16,  114,   61,   43,   52,  -44,    9, -109,   44,   53,   59,  -75,   47,   52,  -43,  -68,  -14,  -89,  -63,  -28,  -63,  -23,   -6,  -51,  127,  -75,  -24,  -53, -110,   55,   46,   -8,  -96,  -38,  -94,  108,  -86,  122,   30,  -23,  -21,   11,  -18,  -34,  124,   69, -117,   18,   55, -125,  -31,   78,  -54,   85,   77,  -28,  -12,  108,   26,  -29,  -20,  115,   45,   92,   93,  -20, -113,],
[  127,  120,   43,   39,  123,   19,   12,   59,  -26,  -55,  106, -118, -104,   22, -119,   46,  -67,  102,  -10,  117, -113,   21,  123,   -4,  -17,  -55,  -55,   52,   90,  -83,   95,   13,  112,    3,  -47,    4,    0,   -7,    6,  -54,  -33,   73,    4,  -80,  105,   16,   94,  -84,    9,   87,   97, -115,   17,  -45,   26,   47,   78,   55,  -58,   93, -100,   47,  -60, -101,  -30,  105,   46, -115,   70,  -86,  -96,   55,  -16,  -24,  -51,   81,   59,  -33,  125,   88,  -97,   23, -122,  -87,   68,  -41,  -35,   77,  115,   -1,  -50,   57,  -32,  -71,    1,   49,],
[   15,  126,  -35, -113,   51,  105,   86, -102,   92,   73,   83,  -70,   88,   -8,   57,  -91, -119,  -42,  -84,  -45,   26,    0,   44,  -24,  -20,  -96,   29,   81,    0,  -38,   88,   64,  -52,  -47,  -47,  -47,  -59,   51,   -2,    0,  124,   72, -127,  -79,   39,    3,  -65,    0,  -28,  126,  113,   14,   30,  104,   73, -118,   95,  -47,  -55,  -91,  -20,  -40,  -34,  -81, -125,   39,   84, -108, -110,   60,   70,  -17,  -63,  119, -106,  114,   34,   99, -110,  -53,  104,  -79,   75,  -43,  113,   94,  -51,  -75,    8, -126,  -65,  -80,   44,  -78,    5,   94,],
[  -72,  125, -118, -115,   73,  -15,  -76,  101,   52,   35,   45,   49,   94,   52,   14,  100,  100,   72, -118,   27,  -51,  -21,   43,  -29,   61,  -39,  -62,  -32,  -33,  -99, -109,   38, -123, -119,  -20,  -21,   48,   -9,   37,  -41,  118,   79,   52,  -99,    7,   70,  102,   30,   63,   84,   84,  -52, -122,   80,   45, -122,  106,   56,  -17,   32,   63, -119,  -88,  -43,  -98,  -72,  -50,  -42,  -91,  -87,  -49,   53,   64,   54,  -11,  -38,   97,   37,  -89,   68,   -7,  -97,   40,   73,    5,    5,  -13,    8,   22,  -76,   61,   81, -101, -100,   61,  -76,],
[   78,   47,   89,  -20,   30,  -99,  -64,   99,  -28,  -53,   17,    4,   73, -109,  -77,   28,   40,   42,   93,  110,   76,   59,   -8,   74,   93,  -98,  118,   75,   91,  -76,   32,    4,   -7,  -51, -110,  -59,  -87,  -98,   93,   64,  -53,   59,    1,  -78,   51,   11,   72,  -31,  124,  -81,  -96,   14,  117,   89, -115,   39,  116,  124,  -65,  -33, -127,  -24,   -6,   -5,   25,  -90,   83,  -17,  -19,   49,  -28,  -95,  118,  104, -108,  -17,  -86,   62,   -9,   70,  -67,  -96,  122,  116,   51,    0,   92,  112,  -87,   15,   22,   87,   35, -122,  -54,   74,],
[   65,    8,  -51,  113,  -88, -109,  -20,  -43,  126,  111,  116,  -63,  -45, -104,   45,  121,   72,  -91,  -56,   99,   80,   10,  -25,  -16,   96,   78,   79,  -14,  114, -108,  -24,   24,   30,  120, -115,  -53,  -81,   56,   96,   33, -108,  -95,   33,   37,  -21,   59,  -82,   28,   22,  -96,  -62, -107,  -83,    5, -121,  104, -104,  104, -105,  107,  -73,   82,    3, -122,  113,  -76,  -12,  -14,  -14,   76, -120,   68,    2, -116,  -12, -113,  -59, -127, -107,   75,   54,   42,  -11,  -67,   70,  -69,  -18,   19,  -28,  -60,  -14,  114,  -47,   53,   35,   44,],
[ -105,  -79,  -66,  -41,  118,   52,    0,  -13,  -87,  114,  -98,  109,   77,  125,   87,   27,   78,   22,  -54,    7,  -83,   44,   37,   34,  -13,    3,   61,   48,   57,  108,   40,   26,    2,   29,  124,  -33,  -39, -116,   64,  -36,    1,  -49,  -88,   35, -120,  121,  -67,   24,   31,  107,   -3,   22, -117,   17, -113,  -65,   10,   -5,  -83,  -59,   -1,  -35,  -54,   87,   61,   93,   26,  -21,   82,   41,   19,  -90,  -99,  -42,  114, -114, -110,   -9,  -18,  -59,  126,  -19,  -89, -124,  -94,  -39,  -26, -115,    5,   59,   79,  -52,   75,  -89,   24,  -29,],
[  108, -113,   91,   80,   47, -105,   32,  -18,  -91,  114,  -76,    4,  -96,   51,   99,  -97,   92, -108,  -75,  -28,   78,  -82,   57,   36,  -38, -115, -122,   84,  -36,  -95,  122,  -73,  -53,    7,  -39,   94,   86,   27,  -27,   74,   91,   72,    0,   81,   -4,   29,  113,   25,  -65,   17,  -17,  -62,   -1,  -16,  -11,   24, -105,  110, -111,  -25, -115,  -40,   47,  -62,  -85,   84, -122,   92,  -59,  -79,   55,   72,   23,  -78,  -66,   59,   13,  -30,   68,  -97,   72,   79,  -14,  -96,   65,   55,  -39,  -15,  -33, -106, -125,    6,  -52, -109,  -48,  -20,],
[  121,   59,  -82, -120,   18, -115,  -60,  109,  -53,  -60,   47,  125,  -52,  -29,  -33,   21,  -84,  110,   55,  121,   54,  -45,    0,   51,  -15,  -11,   73,  -86,   34,   80,  -53,   21,  -73,  -71,  -13,   26,  108,   28, -110,   57,    0,  -54,  107,  -50,   80,  -69,   29,   88,  -69,  -56,   11,  -64, -105,  -50,   92,  -42,  -94,  -78,   40,   67,   46,   71,  106,   22, -127,    4,   80,  -63, -103, -126,  126,  -95,  -40,  -58,  100,  -39,  -60,  -68,   52,   58,   92,  111,   21,   96,   55,  103,   54,  -50,   94,   44,  -68,   58,   42,  -27,   75,  -66,],
[ -118,    9, -105,   35,   -9, -100,   62,   18, -118,  -11,   98,   69,  -20,  -15,   45, -119,   15,  -85,  -44,  -69,    0,   23,   47, -125,   44,   -4,   -5,  113,  -26,  -47,  -27,  -44,   28,  -19,  -13,  -32,   -4,  127,   96,  115,  -22,  -55, -123,   46,  -91, -101,  109, -121,  107,   -1,  -97,  -82,  -11,   15,  -61,   87,  -89,  112,   49,  -63,  -55,  105,   10, -102,   29, -113,  -24,   13,   55,  118,   73,  -94,  -33,  -18,   71,  -88,  -30,   54,   48,  -14,  -98,  -92,  -92,   11,   47,  -74,  -63,  -90, -122,   15,    3,   -7,  -45,   68,  -32,  -58,],
[    5, -125,  -49,   60,  -52, -122,  -73,  116,  107,   72,  119,  -63,   48,  -11,    9,  124,  113, -117,  -22,   28,   96,   46,  -43,   64, -106, -102,  108,  100,  -98,  -80,  103, -119,  -23,   22,   91,  113,   -4,  -20,  -63,  -72,   40,  -14,  -64,  126,  -77,   64,  -28,  -46,   65,   93,   79,   37,   83,   79,   -1,  111,  -69,    8,   67,   66,   88,   51,  119, -117,  116,   80,   23,  -84, -100, -101,   82,   52,   70,   64,   32,   91,  -89,   59, -124,   24, -121,   -4, -117,  -31,  -21,   40,   25,  -10,  -12, -120,   52,   76,  -53,   13,  -65,  -21,],
[  105,  108,  -26,  -27,   25,   65,  -78,   36,   14,   60,  114,  -50,   97,   65,    6,  105,  -46,    2,  -85,    2,   32,    4,   86, -114,   84,    2,   67,  -77,   87,   51,   72,  -61,  -92,  -32,    2,   10,  123,  -62,  125,  -64,   98,  -85,  -27,  -60,   76,  -29,  -35,   90,   73,   64,   23,   52,    6,  -31,  -66,  105, -118,   20,   77,  -96,  115,   84,  -16,  -96,   22,   90,  126,    1,   95,   58,  -86,   54,   59, -121, -125,  -95,  109,  -19,  -43,  118,  -86,   63, -114,   25,   71,   -7,   51,  -78,  -37,   23,    7,  -75,  -80,  -41,  112, -116,],
[  -52,   63,  -59,  -85,   -4,   -2,    7,   42,   42,    5,   44,  -62,  -32,   96,   17,  -62,   78,  -63,  -90,  -51,  -92,  -68,  112, -118,  -93,   26,   -3,    9,   54,   89,   87, -121,  105,   44, -103,   93,  -96, -102,   56,  -68,  -39,   15, -103,  125,  -39,  118, -115,   58,  -93,   64,   77,  -30,  120,   82, -123, -117,  -40,  101, -108,   45,   69,  -79,   13, -120,   40,   -8, -107,  -24,  -79,  -46,   60,    1, -120,   73,  -38,  -98,  -91,   36,   29,  -48,  -80,  -21,  -53,  -29,  -75, -100,  -35,   71, -121,  -10, -118,  -84,   54,  -18,  -46,  127,],
[  -36,   46,  -84, -112,   45,  -92,  -24,    7, -112,   15,  -40,  106,  -89,   18,  -20,  -14, -106,   47,  -66,  -45,  -26,  -78,  -71,  -56,   86,    5,  -15,    5,   -8,  -42,   61,   85,  113, -106,  -87,   23,  -85,  -61,  -22,   84,  100,  -12,   85,  -97,  -37,  -92,   -1,    3,   10,   42,   28,   46,   44,  -27,  -78,   16,    0, -126,   56,   50, -108,  104,   62,  104,  104,  -84,   45,  -78,  -40, -100,   72,  -26, -117,  -61,  -24,  -16,   87,  115,  -80,  -33,  -36,  -72,   54,  -26,   65,  -67,  -68, -103,  -35, -107,  -93,  -93,   42,  -38, -100,   18,],
[  -33,   38,   53, -111,   -5,  -45,   95,  -78,   40,    0,    2, -116,   70,  -45,  -76,  -37,  116,  -23,  -80,  -27,   -7,   -6,   30,  -43,   88,   27,   79,  -62,  -14,   26,  120,   34,    7,  -16,   18,   90,  114,   69,  101,  -88,  115,  102,  -20, -106,  108,  -51,   22,   65,  -48, -121, -118, -112,  -67, -106,  123,   46,   -8,   46,   47,  -17,   61,  -50,  -55,  -32,   45,  -78,  -17,  -83,  -77,    6,  103,  -84,  -66,  105,  -58,   45,   37,   36,   58,  -42, -120, -109, -101,  -64,   15,   64,   77, -123,   88,   28, -110,    4,  114,   87,   95, -116,],
[   51,  -57,   79,  -96,  -52,   99,  -51,   28,  -14,  -76,   10,  100,  -26,   83,   92,  -42,  -54,  -57, -111,  -55, -119,  -31,  -27,   53,  -81,  -19, -101,  -47, -110,  -55,  -31,   93,   20,   70,   12,  -62,  100,  -32,  -46,  -48, -113,  -85,    8,  -55,   59, -117, -114,  117,   95,   20,  114,  118,   94,   25,  -19,   15,  -54,   96,   72,  -97,   53,  115,   79, -124,  100,  124,   90,   26,  -71,  -71, -115, -108,  -80,  -23,  105,  -32,   72,  -71,  -66,   95,  -91,   36,  -97, -118,   88,   65,  -26,  -34, -115,  -19,  109,  -80, -117,  -37,    1,  -86,],
[  -51,  -18,   67,  -88,   32,   99,  -21,  -82,    5,  -63,   45,  -88,  -55,   -4,   46,  -72, -109,  -40,  -51,   63,   89,  105,   43,  -29,  -10,   67,   54,   59,  -36,   65,   39,  108, -108,   90,  -87,  -30,    9, -117,  -77,   93,   88,  -65,   45, -108,   18,   50,  123, -101,   57,  -55,   10,  -55,   91,  -39,  -19,  -39, -101,   74,  -87,  -13,    9,   26,  -56,  -27,   19,   53,   72,   55,  121,   21, -126,  -42, -118,  -90,   25,   17, -112,  -22, -104, -100,  -66,  -55,   63,   83,  -16,   19,   54,  -15,  -88,  -95,   34,  127,    9, -107,   67,   35,],
[   61,   45,  -78, -115, -114,   29,  -51,   71,   19,  114,   -4, -123,   71,  113,   80,   73,  -32,   98,   40,   -2,   67,  -50,  103,   85,   98,   31,  -43, -126,  -19,   25,  -47,  -82,   30,  -89,  -47,   69,   -1,  119,   98,  -41, -123,  -41,  -76,  -52,  -45,  -55,   72,   35,  120,  -44,  -34,  104, -106,  123,   58,  -88,   39,  -44,   81, -109,   94,  -61,    2, -121,   89,  -64,  105,   53,   26,  -79,  103,   34, -118,  -65,  123,  -68,  103,  -85,   -5,   40,  116, -102,   79,   33,   66,   67,   65,    2,  -20,    8,   -8,   68,   26,  106,   60,   37,],
[   40,   79, -109,  -85,  -59,   14,  -38,   64,  -29,   78,  -30,   33,   82,   11,   60,  -52,   92,  101,  -64,  -74,   59,    5,  -27,   -9,   62,   57,    8,   30,   -5,  -99,  -64,  121,  -32,  -33,   68,  111,  126,   12, -112,   62,  104,  -33,   80,   64,  117, -109,  -72,  121,   78,  -99,  -46,   41, -118,   91,  104, -113,   66,  -96, -106,   34,  113,  -93,  -91,  105,  107,  -72,  -59,  -64,  -36,  -35,  -73,   34, -117,    7,    8,  -42,  -49,  -91,  114,   21,    3,  101,   -5,  -11,   82,   20,  -28,  -50,   54,   43,   13,  -56,    3,  120,   91,  -41,],
[   76,  -42,   57,  -44,   12,  -16,  -43,  -22,   85, -112,   33, -103,  -14,   92,  -58,  123,   72, -106,    9,   13,   76,  -71,   75,   44,  111, -126,   52, -126,   82,  -43,   42, -102,   32,  110,   27,  -37,  -43,  -24,  -57,   11,  -25,  125, -115,   52,   11, -118,  104,  127, -122,   66,   36,  -35,   75,   11,  102,   28,  -39, -123,  -90,   56, -105,   39,   49, -126, -104,  111,  -66,  123,   21,  -94,  -61,  -11,   -6,   11,   19,  -51,   95,   58,  -29,  109,   59,   49,   73,  -58,   57,    2,  -42, -120,  122,   75,  -39,   75,  -95, -107,  104,   87,],
[    0,   -3,  -53,   84,   66,  -78,   86, -116,  -31,  -83,  -43, -127,  -55,  -82,   26, -119,  127,  -26,  -48,   36, -103,   78, -106,  -46,  -16,  -93, -104,   22,  -40,  125,   31,   89,  -69,   -9,  -57,   -4,  106,  100,  103,  -81, -125, -114,  -53,  102,  -66,  -32,  -53,   15, -127, -103,  -25,   74, -124,  -40,  120,   83,  110,   22,   10,  -25,  -67,  -10,  126,   64,  -59,  113, -117, -126,   52,   62,   52,   51,   98,   17,   70,    6,   74,    3,    7,  -77,    8,  -67, -107,    2,  -84,  -64,   36,   94,   68,   97,  -87,    8,  104,  -50,    3,  -68,],
[   49,   56,   74,  -18,   94,  123,  -47,  -25, -105,   82,  -17,  105,   16, -126,   59,  -96,  115,  122,   56, -111,  -36,  -32,  -99,  -67,   85,  125,   76,  -69,   10,   12, -121,  116,   41,  -45, -112,   62,  -67, -111,   44,   16,  -45,  -91,  -57,   10,   78,   -2,  -84,  123,  -71,   50, -120,   47,  119,  -58,   61,  -80,   31, -103,  -98,  -72,  -23,  -18,   58, -119,  113,   -1,  -66,  104,   65,   42,   12,  109,   97, -107,  -91,  -33,  -41,   83,  -13,  -32,  -22,  127, -109,   18,  -11,   60,   52,  116,  -72,   29,  -92,  -80,  -25,  106,   35,   19,],
[  -27,  -79, -113,   93,  111,   45, -115,  -77,   31,  101,   59,  -44, -104,   18, -123,  -29,   45,   50,   63,   99,  106,  -62,   13,  -72,  -53,  -88,   60,  -52,  124,  -81,   34,   33,  119, -105,   22,    3,  101,   52,   38,   16, -119,   17,   17,  -49,   21, -121,   46,   14,   65,  -44,  -52,  -59,    0,   16,  -87,  -88,   32,   18,   26,   45,  -73,  -92,  -18,  -68,   50, -106,   62,   57,  -38, -106,  -91,   43,   47,   76, -119,  -84,  105,  -77, -110,  104,   -3,   39,  -48,   84,  120,   24,   67,  101,   18,  105,   74,  107,  -62,  -26,   24,   99,],
[  -70,  -53,  -54,  -42,   28,   93,  -82,  -95,  -70,    1,   91,  -63,   74,  -47,   43,  -21,  -48,   36,   57,  -94,  -83,    0,  -21,    9,   22,  118,  -79, -103,   92,   76,    6,   14,   75, -116,  -45,   40,   17,  -49,   63,    7,  108,  -43,   22,   89,    3,  -44,  -49,   11,   66,  125,   79,   59, -111,  -85,   12,   38,  -69,   55, -116,  -66,  -35,  102,   -7,   46,   54,  103,   77,   -9,  -73,  -24,   47,  109,   30,  -94,  -90,   59,  120,  -27,   39,  -76,  113, -102,  -80,  -95,   47,   48,  -25,   70,  -90,  101,  -17,   92,  -74,   -8, -119,  -86,],
[  104,   33, -125, -126,  -91,   93,   43,   88,  -64,  124,   73,  -93,   38,  -24,  -71,  -53,   22,   31,  -45,   78,  -88,   95, -107,  107, -110,  -17,   72,  108,  110, -126,  -92,  -30,  -29,  -74, -105,  127,    8,   25,  -71,  -58,   92,  -81,   24,   71,   34,  -10,  -32,   42,   -2,   99,    7,  -73,   55,   66,    9,   15,  -41,  123,   90,   94,  -89,   57, -109,   46,   67,  -34,    3,  -98,   39,   66,   54,  -84,   20,  -67, -123,  -46, -106,  -29,   79,  -89, -110,   -7,  113,  -58,   45,   24, -116,  -92,   96,  106,   67, -101,   24, -115,  117,   94,],
[  -70,    5,   27, -122,  -32,   52,  -40,   -6,  -96,  -29,  -41,  106,  -57,  -72,   19, -115,  -47,  -86,   17,  -34,  -10,  -38,  -63,   19,   51,   83,  120, -123, -111,  -91,  -61,  -69, -107,  -48,    9,  -43,  -87, -125,   45, -108,   81,   19,   49,   44, -110,   56,   14,  -96,   81,   -9,   62,   89,   19,  -71,   31,   63,  -19, -122,  -60,  117,  122,   93,   75, -125,   54,  -99,   81,   34, -112,   -5, -102,  -39, -110,  122, -119,   45,  107,   94,   -3, -101,  -62,   26,  -90,   12,  -97,   28,   -6, -126,   68, -119,   77,  -69,   85,  -51,   54,  -17,],
[ -103,    2,  -53,  124,  -68,  -94,  -35,  -98,  -30,   -6,   50,  122,  -35,  -36,  -13,  -76,  -21, -124,   80,  -64,  -53,  -91,  123,   45, -124,   29,   15,   31,   56,  -61,    2,  -81,  -48,   76,  -84,  -21,  -21,   51, -116,  -78,  -36,  -81,   83,   23,   13,   28,  -36,   21,  -85,   95, -101,  -71,   97,   43,  -92,   11, -108,   56,   96,  -27,   85,   70, -119,  106,    7,    0,   -2,  -19,  -13,   35, -108,  -38,  -80,  -20,  110,    2,  -72,  -63,  124,   99,   -7, -117,   61,   50,  -59,   64,  -51,  -34,  -17,   10,  107,   67,  114,   20,  121,   66,],
[ -127,  -37,  -92,   -7,   65,  -98,  -68,  -43,  -89,   61,   90,  -80,  -79,   37,  110,   58,  -27,  -92,   69,  -35,  -16,   43,  -86,   94,  -85,  123,  -75,  -21,  -14,   35,   90,   77,   25,  -44,   88,   -2,  -35,    9,   32,   88,  -92,  -26,   74,   13,  -28,  -37,  -90,   45,   22,   -7, -103,  -27,  -11,  -19,   68,   63,  -10,  -85, -100,    6,   75,   34, -116, -101,   67,   24,  -84,  -29,  -27,    1,  -73,   17,   30,  -30,  -59,  127,   87,   45,  112,   72,  -53,   20,   -7,  110,  125,  -65,  124,   42, -108,  -17,  -45,   54, -115,   -8,  -58,   53,],
[ -119, -116, -115,    7,   14,   89,  -50,   39,  -89,   99,   44,   98,  -92,  -98,  111, -112,   91,   56,   -5,   19,   74, -111,   12,   66,  -29,  -39,  104, -110,  -30,  -62,   25,   26,   15,  -51,  -68,  -63,   39,  -98,   12,  -73,  105,  -41,   55, -117,    1,  104,  -96, -127,  -74,  -36,   14,  -26,   56, -117,    5,   31,  -41,  -81,   63,   44,    9,  -41,  108,   67, -113,   49,   84,   95, -106, -107,  108,  -42,  -92,  -33,  121,   72,  -72,   -3,   85,   14,  -30,   51,   -8,  -14,   56,   14,  -46,   85,  127,  112,   21,   12,  -37,   71,  126,  -97,],
[   94,   70,   72,  -87,  -39,   58,   70, -108,  -78,   88,   88,  -35,   48,    8,  -70,   35,  127,  -89,  -40,  -70,   84,   50,  -75,  109,  127,  -43,  126,   52,   71,  -42,  104,   22,  -25,  -48,   98,   94,    6,  -63,   71,  -10,    4,   85,   22,    7,   99,  -21,  -44,   36,  -61,  -40,  -91,   57,   47,   72,  -58,  104,   21,   77,  -25,   29,   86,    4, -104,    9,   43,  -50,  -59,  -75,  -51,   24,  -11,   -6,   34,   33,   76,   -5,  101,  -63,   -3,  -18,   -1,   32,  -83,   99, -126,   88,   -9,  -62, -107,  127,   22,   56,  -88, -121,  -41,   78,],
[  -56,  -12,  -20,  -36,  114,   97,   45,   21,  -81,   64,  106,  -26,  100,  -36,  -22,   83,   25,   16,   24,   33,   32,   34, -109,  107,  109,  -54,  -90,  109,  -11,  -51,  -59,   55,  -17,  -79,   42,   -6,   84,  123,  -91,   55,  100,  -19,   57,  -19,   36,  -57,  -90,   33, -111,  114,  -29,   88,  -13,   32,   58,   78,   34,   70,   12,  -99,   13,  125,  -39, -118,  109,   41,  -87,  -81,  105,  120,  106,  -60, -111,   28,  -38,  -83,  127,   68, -107, -102,  125,   72,  102,   97,  126,    0,  104,   76,   81,   67, -107,   34,   89,  117,   98,    9,],
[  -93,  -70,  108,   18,   63,   39,  -29, -101,   32,  120,  -59,  -69,  108,   77,  115,  124,   13,  -54,   79,   16,  -38,  -83,  -20,  -63,  -80,  -57,  102,   76,  -39,  -52,    9,  106,   15,   -6,   77,  -80,   -3,   10,   77, -111,   17,  101,  -53,   35,  117,   22,   83,  121,    8,  106,  -91,  -80,  -71,   70,  -15,  125, -117,   19,  123,  100,   36,  -48,   77,  -34,   65,  -74,   -1,   18,  -31,   95,  -66,  -11,  127,   -2,   20,  -21,  -65, -121,   33,   62,   77,  -46,  -57,    3,  103,  -92,  121,  -54,   72,   30,  -87,   44,  -20, -120,    5,   13,],
[  103,  -13, -114,  -74,  -64,   26,  -92,   12, -101, -106,  -94, -112,    6,  -59,  -96,  110,  -44,  100,  -21,   69,   68,  -41,   94,  -21,  100,   22,  -99,   91,  120,  -78,  -29, -106,   67,  -18,   91, -109, -118,  103,   67, -107,   45,   57,  -51, -121,   31,   41,  109,   39,  -85,   55,   32,   41,  -52,   39,  -48,   25,  -11,  -28,   92,   36,  -87,  -60,  -20, -110,  -81,  -98,  -94, -104,  -60,   43,  -69,  -59, -106,  -86,   70,  -68,  -11,   69,  123,  123,  122,   31,   77,  -39, -112, -106,  -38,    6,  -90,  -88,   65,   47,  118,  -18,    1,   17,],
[   33,   48,  -12,   44, -115,    2,    0,  -54,   81,  102, -107, -108,   13,  -27,   21,  118,    0,  -92,   48,   -7,   58,   91,  -35,   93,  -66,  -72,    2,   28,  112, -108,  -38,   26,  -95, -120,  -67,  -82, -102,   65,   96,   75,  -18,  -98, -100,  -19,    3,   10,  -32,  -99, -107, -121,   96,  -93, -115,  103,   19,   63, -102,  -93,   44, -122,   63,  -41, -122,  -82,  -43,   70,  -64,  117,  -70,  116,    1,  -28, -106,  -65, -110, -100,   12,  111,  -41,  -21,   38,  -61,  -53,  107,  100,   98, -113,  -58,   46,  -78,   35,   -4,   35,   11,  109,  -60,],
[  118,  -67, -106,   80,  -45,   96,   97,  -83,   10,  -20,    8,  108,  -14, -121,  -50,   85,   61,    9,   57,   90,  -81,   46,   56, -124, -119,  -28,   35, -120,  -11,  -63,  -50,   76,  -39,  123,   52,    5,   99, -127,   84,   51,  -91,    0,  104,   36,   27,  123,  -16,   70,  -10,  -62,   73,  -11,  122,  -31,   82,    3,  -49,  112,  -62,   43,   37,  -67,  -62,   46,  -24,  -57,   98,   84,    0, -117, -118,  124,  -42,   16,  114,    0, -125,   47,   65,  -94,   11, -113,  112,   54,  -26,   77,  -11,   69,  -66,   70,  109,  -35,  -70,  127,   56,  -53,],
[   38,   28,  -59,  116,  -38,  107, -120,    6,  -89,  -26,   62,   53,  -66,  -67,  -99,   69,   74,  -53,  125,   16,  -82,  122,   20,   68,   42,   13,  103, -112,  -43,   61,   -9,  122,   48,   50,  -41, -109,   53,   69,   43,  -58,   57, -122,  -67,  -16,  119,  118,  -72,    3,   26,    5,   24,  110,  -93,  -87,  121,  -14,    1,   37,  -50,  -84,   46,  -27,   32, -118,   55,  -12,  106,  -39,  112,   -9,   41,  -84,   70,  -85,  -71,  -42,  116,  -25,   29,  -88,  123, -119,  -66,  -77,  -79,  -46,  -60,  -72,  -56,  -92, -106, -109, -106,   30,   42,  -59,],
[ -121, -119,   42,  -28, -127,   19,   15, -100,   30,   72,  -47, -125, -111,  -48,  -80,   -7,    3,  -41,  -57,  -70,  -39,  -91,  111,  121, -100,  -37, -116,   29,  116,  -58,  -27,  -22, -125,  -49,   24,   75,  118,  103,   68,  -12,  -84,   10,  126, -114,   65,   45,  -84,  -80,   98,   41,   98,   86,  -74, -117,  -51,   15,  -78,  -48,  -44, -100,  -55,  117,  120,   48,  -89,   89,   16,   30,  -10,  119,    5,   12,  -17,   83, -111, -126,   17,  -80,   38,    2,   96,  112,   20,  -47,  121,  -92,    7,   75,   89,  -60,  -20,  -41,  -83,   -9,  -29,   73,],
[    5,   -9,   68,   99,  -65,    0,  -24,  -80, -127,   64,  -77,  -26,  -91,  -61, -120, -102,   90,   85,  -67,  111,  109,  -55,   30,   -8,  -12,  -82,   40,   17,   80,   84,   -2,   91,   74,  -83,  -65,   25,  -89,  -11,  -37,  -90, -108,   35,  100,   52,   57, -119,   23,   30,  -55,  -69,   19,  -21,  115,   11,  109,   88,    0,  -67,   53, -126,  122,  -54,   -8, -121,   55,   56,  -28,  -73, -101, -124,   34,   45,  112,    7,  126,  -28,  -95,  -35,  111,   40,  -69,   58,   37,   -8, -120,  -79,   37,   35, -107,  -40, -105,   91, -116,  -49,   89,  -28,],
[  -88,   15,  -19,  -83,  -93,   17,   93,  122,   -9,  -79,  -80,   97,   74,  -48, -126,  -51,  -39,  -92,   89,  -65,   59,  -69,   79,   13,  -35,   32,  -85,  -59,  126,   18, -126, -125,   17,   94,  -19,   96,   93,   56,  127,   59,   34,   28,    3,   16,  -72,   45,   30,   24,  -32, -126,  -17,  -26,  -72,  100,   78,   63,  -97,  -21,  -90,  -31,   95,  122,  -87,  107,  125,   12,  -49,  -80,  126,   78,  -39, -105,    3,   -5,  -39,   79,    7,   -9,  -28,   13,  -88,   22,   -3,    5,   65, -102,  -37,  -36,  -72,  -55, -107,  -56,  -40,  -92,   94,  -99,],
[ -114,  -75,   85,  -12,   85,  -33, -114,  -86,   65,  -70,  -23,  114,  -21,  103,   82,  -87,  -95,  -38,  114,  -79,   48,    7,    7,  124,   28, -127,  -36,   10,  -86,  -24, -119, -112,    0,  -81, -102,   -5,   72,  -81, -100, -116,  -97,   -4,  -59,   70,   48,  114,  -70,   96,   81,   -2,   21,  117,  -10,   10,   61,   51,  -38, -109,  -73,  -78,  -84,   83,  -22,  -75,   38, -120, -111, -117,   85,   60,  -38,   74,  118,   28,   86, -111,  -69,   64,   73,   28,   88,  108, -125,   82,  -96,   61,  -65, -119,   22,   54,   60,   63,   79,  -83,   24,  114,],
[  -20,    4, -124,  101,   19,  -71,  -11,  106,   54,   46,   90, -113,    8,   52, -126,  -61,  -19,  -58,   52,  -59,   77,  -17,  -92, -126,   13,   90,   87,  -86,   26,  115, -125,   41,   84,  -94,   23,  -67,  -81,   19,  -14,  -23,  106,  126,  -19,  116,   42,  105,  -63,   48,   95,  100,   -9,   63,  -70,  -86,   97,   22, -107,   38,   77,  -26,   46,  -36,  -14,   49,  122, -106,   67,  -59,  112,  -18,  -80,  -65,  -79, -114,  126,  111,   79,   50,  -70,  -73,   22,   90,  113,   45,   55,   45,   62,  -71,   27,  122,  -69,   89,  -60,   86,    6,   90,],
[   16,   78,   92,  -95,   52,  -89,  -28,   88,  -57,   27,  -43,  -92,  -71, -105,   -9,  -92,   16,  111,   35,  113,   47,  113,   92,  -45,  -92,  109, -107,  -25,   43, -120,   55,  -20,  -29,  -16,   12,  115,  113,   82,   28, -101,  122,   23, -107,  -80,   71,   93,  -34,  -69,  -28,   37,   98,  -27,   37,  -90,  -74,   70,  -51,  -50,   40,  -26,   76,   81,  -46,   39,  -43,   90,   86,  -49,   54,  -68,   61,  -26,  -74,   47,   52,   39,  -21,   -2,   41,  -72,   66,   54,   93,   94,  -78,   54,   30,  109,  -53,   36, -104,   41,  -90,   70,    2,   67,],
[   98,   31,   20,   70,   40,  -23, -123, -114,   -5,   69,    5,   24,   49,   43,  -20,  -49,  114,   20,   28,  -91,    8,  -65,  -68, -102,  108,  -79,  -29,   -8,   82,   54,   68,  -16,   28,   15,   -6,   94,    5, -106, -118,  -30,   97,  117,  -81, -122,  -65,   80, -109,  -85,  -47,  102,   -5,   -3,  -13,   28, -109, -105, -107,  105,  -35,   20,    0,  -88,  113,   85,   47,  -83, -110, -106,   37,  -74,  -71,   40,   28, -110,   52,  -18,   80,   15,   98,  113,  -40,   16,   52,   35,  -45,  -37,  124,   36,   67,  127,   50,  -74,  121,  -38,   57,   19,],
[   94,   57,  -66,  102,  -11,  119,   88,   28,  114,   41,  108,  -58,   56,  -62,  -12,   61,   22,   43,   83,   72,   36,   71,   41,   -2, -117,  -41,  104,   16, -100,  -62,   34,   65, -124,  -89,   58,  -69,   -5,  -68,    6,  -10,  -57,   -5, -121,   -5,  -28,   -5,  -67,   34,   49,    7,   63, -105,   -9,  -34,  -92,  -44, -102,   19,   91,   73,  -30, -112, -114,  -15, -108,   36,   23,   -3,   85,  -93,  -73,  -28,   18, -122, -113,  113,  -40, -122, -119,   45,  -22,  -81,   57,   52,  118,   89,   78,   82,   54, -119,  -64, -124,  -38,  -88,   51,   40,],
[   26,   23,   65, -116,  -69,    0,  -71, -118,  102,  124,  100,    6,   47,  -28,   -4,  -30, -106,  100,   85,  -70,  -27,   42,  -31,   25,  -68,   73,   35,   88,  -82,   43,  -94,  -24,   57, -100,   -5,  -67,  121,  -33,   50,    8,  -21,   72,   63,   14,  -97,   81, -112,  -69,   38,  -97,    3,   58,   28,  120,  112,   67,   32,   27,  106,   87,  -99,  110,  -63,   41,   44,    9,   95,  -32,  -10,    4,   31,  -13,  -30,   14,  -80,  -42,  115,  -67,   26,   46,  -95,   17,    9,   65,   14,   36,   98,  -30,  112,  125,   80,    9,   -1,  127,  -47,  -39,],
[  -58,  -21,  -33,   59,   48,  -20,   87,   88,   37,   42,  -96,  -92, -112,   85,  -58,   39,   37,   37, -122,   81,  -58,   70,   -5,    0,  -46,   39,  107,  -15,   69,   37,  105,  -30,  -14,    8,  -57,   14,   62,  -52,    7,   63,  -91,   47,  -47,  -77,  113,   -6, -105,    8,  -22,  123,  -14,  101,  -27,  -81,  -45,   31, -125,    9,   39, -122,   -9,  -33,  121,  -93,  -76,   94,  -71, -112,  -51,   16,   52,  -91,  -21,  104,   89,  -70,   43,   71,  104,   47,  -65,  109,   25,  -15,   38,  -26,  -35,   57,  -42,  -53,  -55,   57,   52,  -29,   73,  117,],
[  -90,  -95,   48,  -16,  -92,  -36,   61,    0, -104,  -38,   43,  -27,  -22, -114,  110,  -17,   12, -115,   36,   94,   91,   46,   98,   63,   59,  -54,  -19,  -12,  -74,  -96,   -8,   38,  125,   63,   -1,  -44,   33, -115,  -41,  -67,  -26,   62,   16,  -40,  -13,   89,   53, -109,   79,   35, -111, -112,  -18,  125, -124,  -99,  -74,  -96, -119, -104,   77,   59,  127,  127,    2,   94,  -49,  -37,   58,   55,   15,  -61,   37, -119,   38,  -78,  -95,  -20,  -97,   97,   31,  -78,   54,  -30,   97, -123,   61,   51,  -28, -101,  105,  125,   95, -108,  -84,   64,],
[ -102,   91,   37,  -99,  126,   38,   76,  112,  -65,  102,  104, -122,  -23,  -64,  105, -108,  -83,  115,  -62,  -89,  -50,   45,   93,  -36,   -6,  -61,  -79,  116,  -17,   64,   39,   33,  -65,  -52,  -38,   40, -110,  -32,  -53,   25,  -75,  -71,  -90,  -29,  -42,    8,  -90,  -33,  -66,   86,  -67,  -86,  104,   23,   16,  105,   70,   88,  -33,   70, -109, -114,  112,   82,    4,  125,   33, -125,  -76,   32,  -94, -115,   32,  -99, -119,  -53,   14,  -82,   66,  -17,   51,    7, -124,   45,  121, -101,   86,  -91,   45,   80,   70,  -75,  125, -123,  -32,  123,],
[ -106,  -11, -123,  -83,  -68,   91,   63,   17,   50,  -27, -111,   62,   75,  -43,    0,  104,    2,  -27,  -50,  -20,   99,   73, -118,  -47,   44,   91, -107,   -7,  -12,  -29,  -91,  -69,  -73,  112,  -23,   30, -105,  -66,  102,  100,  -77,   29,   23,   47,   99,   88,  125,  -26,  -69, -117,   42, -102,  -96,  105,   93,  -88,   88,   97,   79,   66,   88,   31,  -57,   43,   65,  101,    8,   67,  -53,   45,  -74,  -69, -123, -120,  -53,   12,   66,  -56,   44,  124,    5,   74,   -1,   97,  -61,   -3,  -40,  -37,  -34,    1,   81,   59,   34,  -26,   37,   90,],
[  -87, -127,  115,    4,  118,   67,   37,   68,  -96,   35,  -72,  -71,  -21,  112,  -39,  -73,  -98,  -85, -117,  -27,  -11,  -68,   94,   20,    4,   18,   79, -124,   98,  -96,   -7,   81,   -6,   40,   22,  -63,  -48,   87,    0,  -90,   23,  -97,  -68,   19,   -4,  -45,  -89,   26,  -33,  112,  -27,   64,   -7,   23,  -88,  117,   38,  -92,   87,  -75,   64,  -22,  -48, -113,   87,  121,   51,  -49,   37,  -13,  -19,  125,   19,  -23,   17,  -16,   39,  -85, -110,  -95,   54, -109,   -4, -123,  -87,  -74,  -57, -103,  -70,   -1,   78,  -31,  124,   28,   20,   13,],
[   -6,   73,  101,  126,  -36,   93,  106,  -31,   83,   36,  -56,   28,  -70,  106,  110,  -63,  -86,   67, -105,   63,  -10,   -6,   38, -112,   78,  -95,  -17,   15,  -17,  -60,    3,  -70,   56,   37,   31, -107,  115,   17,   75,  -33,   51,   44,   72,  -35,   24,  -69,  -26,  -27,   92,  -19,   83,  114,  -19,  124, -122,  102,    5,  -61,   79,  -63, -120,   39,   54,   -2,  123,   83,  -84,   82, -127,   68,  -64,   -3,  -94,   19,   84,  110,   63, -127,   -2,  -15, -127,   47,  -87,   24,  -83, -117, -127, -101,   31,   83,   92,  111,  -48,   69,   27,  -70,],
[   70,  -47,   46,  -19,   51,  -30,   78,  -72,  -86,   38, -125, -122,   64,   85, -109,  -62,  105,  -27,  -27,  -92,  -13,   48, -120,   43,  110,   -6,   90, -117,  103,   84,   -5,  -60,   53,  -45,   31, -107,  -48, -114,   81,    8,  109,  104,  -57,  -48,   75, -118,  -41,  -86,  124,  -97,  -80, -127,   15,   43,  -26, -122,  -30, -106,  -27,  125,    5,  -61,  117,  -18,   -5,  -57,   83,  -16,  -74,   39, -127,   89,  -93, -108,  103,  115,   33,   43,   86,   -9,   56,  -89,    8, -110,  108,  -10,   59,   23,  127,   63,  115,  -89,   -6,  -73, -126,   -2,],
[   99,   83,  116,   29,  -37,   64,  -21,   18,   30,   30, -123,   10,  -96,   -5,  -13,  107,  -75,  126,  -61,   49, -115,   64,    2,  -65,   98,   68,  -49,   98,  -80,   15,  112,   53,  -48,   84, -123,   52,   78,   37,  -13,   17,   70,   48,   25,  -85,  -69,  -14,  108,   68,   34,  -34,   17,  -77,   11,  114, -115,  -38,  -64,  -83,   31,  125,  -92,  -29,  104,   76,   62,   96,   97,   67,   52,   92,  -39,   43,  -99,   48,  116,  -29,  127,  -59,  -45,  -76,   69,   56,  119,   97, -103,   44,    4,  -72,  103,  -70,   96,  -61,  113,   -1,  -23,  -15,],
[   64,   67,   58,   81,   76,   32,   50,  -81,  -67,  -73,  -65,  -73,   16,   93,   19,  -24,  127,   54,   85,   -1,    0,  -57,  -22,   35,   59,  -31,  -26,  116,   70,  107,   74,  -51,    0, -124, -101,  -34,  -21,  102,  -20,  -30,   86, -102,  123,  -92,  -85,  -36,  -14, -125,   70,   57,   98,   72,   36,  -45, -104,  -34,  -69,   82,  -35,  -55,  -21,  101,  -68,  127,  -62,   95,  102,   95, -127,   90,  -53,    3,  -78,  -28,  127,   30,   35,  -98,    9,   35,   42,   90,   43,  110,  125,   25,   64,   34,  123,  -11,   74,  115,   65,  100,   70,   32,],
[  -31,   75,   87,  -59, -109,  -30,  -18,   71,   49,   88,  125, -110,  -28,  -75,  -50,  -39,  -46,  107, -104,   29,  -97, -103,  -20,  -95,  -88,  105,   11,   27,  -65,   21,  -56,   64,  -47,  -12,    0,  118,   64, -104,   75,   93,   77,  114,   -2,  -26,  115,  -21,   11,  -76,   -3,  -10,  -25,   -9,  -76,   11,   -3, -122, -121,    6,  -44,   98,  118,  -32,  122,  -26,  -99,   64,   75,   80,  -67,  -46,   47,  105,   23,  101,   97,  -10,  109,   66,  -27,  -74, -126,   60,  -81, -105,   -3,  -32,   45,  -14,  119,  -38,   49,   97,   14,  -29,  -21, -110,],
[  103,  -51,   -4,  -85,   89,   29,   64, -117,  -71,  -99,  -31,   24, -124,  118,  -41,   91,  -48,   53,   96, -111,   86,   65, -114,  127,  107,  -82,    7,   41,   72,  -12,    2,   61,  -21,  -16,   45,  -42,  122,   60,   -5,   88,  115,  -68,   13, -104, -123,  120,  -76,   23,  111, -107,   62,  -17,   47, -115, -119,  -65,  113,    1,   19,   66,   -5,   33, -127,  -42,  124,  -74,   81,   24,   30,  -84,   55,   93,   31,  -96,  -50,  -69,  -42,  -14,  -87,  -41,  125,  -61,  106,   53,   20,  -34,  -31,   60,  -81,   10,  105,   46,   23,   50,  125,   70,],
[ -123,  101,   50,   48,  -36,  -95,   33,   34,  -82,  -38,  -27,  -65,  112,   72,   58,  126,   50,   98,   89,   92,  -90,    3,  -82,  120,   97,  -72,   -9,  102,   37,   36,  -24,  -21, -117,  123,  -13,  -44,  -31, -120,   62,  -92,   40,   55,  106,  -41,  -22, -108,   65,  104,   94,   75,  -37,  -39,  -96, -122,   99,  109,  -35,  -76,    0,  -38,   70,  -82,    8,  -97,   38,   44,   15,  -76,  -12,    6,  109,   88,   48,   57,   79,  -79,  -17,  -88,  114,  -22,  103,   16, -106, -107,  -44,  -90,   73, -116, -113,  -36,  -94,  116,   48,   62,   -2,   49,],
[   12,  102,  -39,  -10,  116,  -10,  -29,   46,   -1,  -99,  -36,  -13,   67, -113,  -38,   78,  -52,  121,    9,  -11,   44,   92, -126,   65,   -2,   72,   82, -108,   53,   -4,  -63,  -23,    7,   79,  123,   57,  -43,  -18,  -83, -118,  101,   85,   49,   56,  -61, -118,  -37,   89,  -91, -119, -118,  -46,  -86,   88, -121,  -20,   70,   71,  -37, -108,   60,   68,   32, -122,  122,   68,  119,   21,  -90,   57,  -78,  -54,  -52,   14,  -56,   22,  -30, -106,  -77,   71,   33,   -8,  -55,    0,  104,    3,   43,  -24, -100,   98,   99,  -60,   70,  -81,  -60,  -62,],
[  -32,   90,  -86,   24, -114,  -36,   47,  -58,   52,   42,  -16, -102,  -83,  -29,  -13,  -52,    7,   57,   75,   74, -103,   -2,   23, -122,  -51,  -41,  -25,  -19,  107,    9,   44,  -53,  -51,   95,   68,  -54,   75,   20,   58,  -55,  -72,  -59,  -44,   73,   72,   92, -120,   20,  -74,  116,  112,  115, -121,   32,   76, -111,   64,  -99,  -70,   80,  -37,   90,   48,   74,  108,   89,   81,  -88,   51,   85,   64, -100,    9,  -78,  114,   31,  111,   37,  -74,  -62,  -91,   11,  111,   53, -108,  123,   37,   74,  113,  -27,   10,   39,  -33,   96,   -1,   95,],
[    0,    4,  -76,   43,   52,  -53,    7,  122,  -17,  126,  -91,   18,  119, -106, -103,  -13,  -28, -104,   85,  -60,  -69,   86,   82,  -20,  -12,   21,  -36,  -95,  -42,   18,   33,   33,  -28,   87,   40,  -63,  -44,   91,   45,   27,   75,  107, -100, -114,  -53,   67,   35,  -69,   26,  108,   10,  -54, -116,  -78,  -34,  -88,   -8,   77,   11,  105,  -72,   29,  119,  -95,   11,   -2,   62,   80,   49,   34,   40,   45, -104,  -12,  -31,  121,  -16,  119,   33,  -91, -122, -112,   76,  107,  -77,  -57,   43,   40,   66,  -27,   77,  -98, -105,  105,   54,  -26,],
[    1,  -33,  -30,  -71,    3,  -13,   69,   84,  -26,  -50,   84,  -81,    2,  -77,   55,  -75,  127,   70,  -77,  -63,  114, -121,  -14, -114,   46,  -21,   47,   91,   25,   20,  112,  113,  -23,   24,  -41,  -46, -106,   91,  -86,  -80,   94,  -29,  -82, -122,   53,  -78,   95,  -24,  116,    7,  -84,  -32,  -93, -103,   68,  117,  -78,   40, -107,   47,    0,  -12, -116,  -71,  126,   -2,   54,  -23,   81,  -97,   84,  -42,   65,  -40,  127,  -54,   85,  102,  -18,  -78,  -19,    5,  127,   81,  -72,   94,   12,  109,  -37,   27,  -68,   35,   35,   23,  -54,  -81,],
[ -109,  -98,  -12,  -58,   50,  -70, -102,   84,  105,    7,  -79,   64,   71,  122, -112,   -3, -119,   41,   73, -103,   59,  110, -117, -126,   79,   -5,   56,  -70,  115,   69,  -63,  -71,   19,   62,  -39,   39,   80,   99,  -87,  -81,   72, -124, -125,   37, -121,   81,   72,  -81,   -2,   20,    3,   50,   79, -103,   91,  -76,  -54,  -72,  119,  107,   -9,   -5,  -31,  -71,    1,   92,   10,   69,   88,    4,    6,  -25,  -27, -102,   15,  -82,  -88, -124,  114,   35,   29,  -95,  122, -112,   45,  -23,  -19,   -1,  -95,   -8,  -68,   40,  -47,  -16,  -15, -122,],
[  122,   44, -127,  -52, -111,  -62, -112,  -15,  -30,  -51,   69,    9,   88,  -25,  -63,   45,  -52,   96,   85, -100,  -87,   29,   12,  -45,   67,  -99,   37,  -39,  -73, -109,   18,  -16,   47, -100,   16,  102,  -39,   -6,   -4,   58,   -7,   88,  -18,  -39,   90,    3,   65,   25, -118, -102, -109,   58,  -85,  -82,   88, -101,   51,   60,  -90,   96,   -5,    9,   59,  -65,  -20,  -46,   98,   47,  -89,  -63,   87,   41,   -6,   47,  -85,   60,   10, -101,  -41,  -85,  -17,   83, -118,   69,  -73,   77,   76,   56,   16,   38, -115,   21, -123,  -78,  -69,   51,],
[ -107,  -86,   -5,   64,    7,  -30, -120, -100,  -49,  126,  116,   71,   93,   42,   61,   31,   42,   65,  -22,   16,  -26,   98,  -71, -123, -114,   97,   -4,   73,   84,  -93,  -69,    4,  -92,   60,   51,  -88,   33,   98,  -52,  104,   -6,   38, -102,    7,  -33,  -30,    7,   40, -126,  -40,   56,  -27,  107, -116,   73,  -44,  123,   46,  -13,  -59,    2,  -84,   59,  -31,   45,   83,  -65,  108,   51,   -2,   56,  -36, -110,   69,   69,    0,  -76,   45,  -95,  116,  -42,  -63,  -43,    8,   15,  -90,  126,  -17,  -69, -124,  -60,  -53,  -67,   82, -111,  116,],
[  -38,  117,   41,   13, -109,   41,   60,   61,   74,   46,  119,   48, -104,   45,  -49,   37,   30,   93,  117,   52,   54,   63,  -79, -106,  -52,   18,   29, -109,  -49,   84,  109,   91,  112,   97,  -44,    1,   47, -111, -101,  -54,  -22,  -21,    8,   12,   95,   63,  -84,   88,  -24,  -59,  -87,   28,   88,  -97, -108,    5,   68,   63,    2,  -50,   23,   41,  -40,  -82,   73,   10,   -6,  -73, -115, -102,  116,   56,   84,   64,   41,    0,  -10,  -14,  -84,   32,  -36,  -53,  -42,  106,    9,   72,   49,  110,  -49,   43,  -48,  -91, -114,  126,   48,   -2,],
[   88,   31,   46, -107,   76,   96,   61,   53, -127,   41,   98,  114,  -31,   19, -101, -118,  -71,   -7,   59,  -63,  115,  -15,  -23,  121,  -78,   46,   61,   56,  -61,  -69,  -82,  -45,   40, -123,  -37,  124,  -95,  -72,   67,  103, -126,  -38,   20,   62,   59,  -92,   28,   25,   86,   15,  -16,  -67,  -41,   10,  -10,   74,   75,   87,  -45,   34,  -32,  126,  -31,   44,   94,   90,   67,   66,  -37,  -82,   44,  109, -127,  -67,  121,  -70,  -70,   94,  -85,  -54,   35, -121,   98,  112, -111,   62,  106,  122, -113,  109,  121,  114,  -92,  -99,   50,    1,],
[   51,  -13, -127,   53,   96,    7,  -11,  -36,  -66,  -10,   31,   49,   41,  -75,   28,   16,  -90,   20,   89,  -27, -111,  107,   46,   27, -116,  112,  -21,   51,  103,   38,   94,   67,  124,  -35, -120,  -99,   46,   62,  -11,   66, -110,  -31,  -15,  -22,  -19,  -45,   26,   87,  127,  -99,  114,   32,  -29,  -86,    5,  -73,  101,   23,  -67,   99,   26,  -31,   -1,  -39,   34,  -34,  -94,   57,   92, -119,  -40,  -92,  -16,   16,   47,   33, -127,   26,  -86,    4,  100,  -59,  -90, -101,  -88,  -52, -121,  -48,  -39,  -46,   92,   -2,  -59,   75, -124,   35,],
[  -85,  115,  -14,  -65,   23,  -44,   38,    2,  -33,   80,  113, -117,  123,  -91,   38,  113,  -90,  101,   66,   72, -101,   89,  -89,   96,   60,  -56, -115,  115,    8,   28,  -75,  121,  -80,   82,  -12,   95,  -89,  -61,   58,   81, -126,  -92,   40,  -42, -123,  -58,  -61,  116,  -85, -114,  -19,   20, -114,   17,   46,   89,   -3,   89,  -19,   44, -101,  -64,   49,  -85,  101,  104,   -8,   63,  -24,   51,   76,   -2,   17,  -57,  -98,  -91,  -27,    8,   12,   88,  115,   11,   38,   97,  107,  -18,  -67,  -92,  -97,   27,  112,    8,   78,   96,  112,    2,],
[ -107,   91,  -85,  127,  -47,   57,  -24,  112,   94,   45,  -14, -106,  118,   45,  101,  -31, -108,  -37,   68,    9,  -76,  -97,  -48,   36,   65,  -33,  -29,   99,   10,  -40,   66,  -68,   35, -120, -113,  -75,  -15,  -96,  -11,    5,  -46, -127,  -99,   62,  -83,   47,   10,  -54,  -66,  -71,  -12,  -31,    4, -115,  -74,  -77,   23,  -84,  107,   11,   79,   65,  -50,   18, -117, -124,  127,  113,  -19,  108,   48,   18,  109,  -90,  112,   41,   21,  -63, -114,  -55,   56, -105,  -65,   50,   12,   88, -101,  -94,  -18,   65,    4,  -53,  -76,  103, -107,  -76,],
[   95,  -99,   44,  -72, -124,   92,   47,  102,  -54,   57,   20,  -34,  -44,   78,  -35, -120,  -30,  -99,    2,  -64, -105,  -39,  127,   60,   44,   22, -125,   99,  -21,  -45,  109,   73,  -53,   88,  -93, -117, -117,   98,   95,   70,   25, -116, -119,  -40,   36,  119,   58,   44,  -79,   45,  -11,   69,    7,   32,  -67,   66,  -49,  -38, -107, -115,   59,   65,    7,  114, -110,  -12,  -59,  -32,  114,  -84, -122,  -15,   36,  -86,   41, -116,  -36,   24,  -62,   80,  -73,  -31,   37,  -11,  -42,  -10,    5,  111,  -22,  -12,   62,  120,    4,   41,  105,  -57,],
[ -112,  100,  -50,   38,  -66,  -98,  -62, -100,  -52,  -40,   35,  104,  -27,   66,  -24, -119, -103, -119,  123,   -5,   23,   90,  -30,  -12,  -84, -123,  -37,  -50,   64,   56,  -11,   87,  -74,  -41,   79,  -60, -114,  -44,    9,  -11, -119, -111,    0,   81,  -58,  -63,  119,   99, -105,  -80,   51,   -7,  -13,    7,  -74,  123,   89,  -29,  -95,   48,   -3,   86,   97,  -85, -110,   50,  -76, -103,   23,  -94,  -88,  -94,  -19,    8,   34,   35,   25, -106,   20,   97,    8, -105,  -26, -118,  -83,  -21,  -70,  -90,   79,   30,   29,  -73,  -28,   33,  -66,  -61,],
[   69,   19,  -64,   -4,  -88,   22,   68,  -62,   34,   41,   64,  -77,   20,  124,   58,   -1,  -36,   55, -127,   66,  -97,   47,  127, -112, -125,   -3,   50,  -12,   53,  -17,  -14,   21,   11,  -49,   13,   59,  -88,  -13,   93,  -22,  -23,   23,  -20,  -49, -126,  101,   61,   50, -103,   66,   76,   43,   59,  -76,  112,   73,    2,    0,  -97,  -16,  -55,  -49,  -66, -109,  -73,  -13,   13,  -98, -109,  -73,   70,  -88, -102,   45, -113,   58,  -57,  125,  -56,  101,   95,   32,  -27,   72, -117,   19,  -50,  -35,  -14,   95,  119,  -85,   15, -122,  -71,  -92,],
[   53,   69,   12,  -28,    1, -107,   47, -127,   39,    0,  104,   51,   97,   37,  -33,  124,  101,  117,   66,   21,  -78,   27,   50,   76, -114, -120,   39,   31, -112, -107,  -44,  -87, -121,   66,   44,   68,  -97,   -7,   28,  -11, -104,  -39,   16,  110,  -30,  119,   94,   84,  122, -104,   51,    3,  -23,   86, -112,   18,  -82,   35,  116,  -68,  -20,   48,   85,   -8,  -56,   32,  104,  108,   52, -119,  108,   -7,   17,  -66,   -7, -104,  119,  -57,   -7,   63, -123,   28,  -33,  126,    4,    2,   47,  -97,   61,   15,   -5,  108,  -37,   70,  -36,   98,],
[   45,  -52,   18,    3,  -98,   33,  -44,  122,   72,  -24,  -21,  -42,  -28,   30,  -69, -117, -122,   74,  -61,  -22,  107,   26,   50,   94,  -63,  -27,  -80, -113,   46,   -1,   97,   48,  127,  107,  -42,   41,  -44,  -43,  -31,   95,   16,  -51,    6,  -59, -122,  -65,    8,   -6,   19,  -94,   54,   32,   34,  -50,   19,  -79,   88,  -13,  -33,  127,   76,  -72,   52,  -96,  -93,   92,   53,  -12,   98,  114,  122,    6,   82, -106,  -61,   -6,   80,   37, -101,  -55,   92,  -32,  104,  -12,  -62, -123,  -93,  -15,   54,   65,  -81, -116,  -74, -121,  125,  -20,],
[ -108,  -77, -117,  -12,  -16,   -4,  -36,  -60,   15,   41,  116, -126,  -48,    2, -120,   45,  -87,  116,  -33,   49,   -2,   96,   12,  -15,  -88,   14,   27,  127, -124,  -68,  -70,  -62,  -28,  -66,   10,  -81,   60,   47, -100,  104,  -31,   31,  -64,  -31,   40,  -64,  -68,   79,   87, -120,  121, -103,  -97,  -72,   80,  122,   20,  -46,   -8, -102,  102,   92,  -59,  -54,  -66, -126,   62,  -93, -100,    0,  -87,   55,  119,   76,   41, -107,   22,    2,  121,  -42,  -33,  124,  110,  -24, -119,   30,  -56,  -49,   -9,   60,  114, -108,   36,  -90,  -52,   38,],
[  -25,   62,    7,  -55,   -2, -100,  -56,  -16, -100,  -67,    7, -110,  109,  -94,   92,   92,   79,  107,  -52,   81,  -75,  -39,  -90,  -87,  103,   52, -113,  -96,  -97, -111,   87,  -20,   57,  101,  -93, -112,  -24,  -26, -104,  -56,   49,  -76,   10,  -58,   25,   51,   87,  -10,   80,  -90,  121,   -2,   53,  106,  -13,  -70, -112,   89,  -85,  101,   78,   75,  -59,  -84,   40,   38,  -94,  -35,   -7,   -4, -116,  -19,   47,  -84,   60,   22,   31,   -1,  -73,   48,  -97,  -73,  -75,   19,  -76,    9, -110,  -83,   55, -126,   -5,    6,  -62,   58,   80,  112,],
[  -66,  102,  111, -112,  -26,   49,  -12, -123,  -89,   90,   -3,   93,   28,    9,  -96, -116, -108,   94,   21,  -86,  115,   40,  -68,   34,  -70,   63, -117, -102,  -93,   -3, -122,  -75,   30,   67,  -49,  127,   -2,   19,  -11,   47,   66,  -88,    6,  -13,   66,   10,   13, -120,  -97, -107,   10,  -42,   77,  110, -125,   53,   13,   88,  -63,   52,   50,  -22,   78,  117, -123,   17,   90,  123,  -89,  -27,   12,    0,   66,   59,  -25,  -94,  -33,  -10,  -47,   24,  -57, -114,  -39,   35,   53,  -69,  -47,  119,  -65,  -53,  -40,  -38,   70,   15,  105,   31,],
[   69,   95, -124,  -55,  -32,   36, -112,    6,  127,  109,   10,   49,  -42,   -9,   25,  -89,   42,   51,   32,   18,   52,  -87,  102,  115,  117,  -47,  -26,   16,   79,   52,  -17, -101,   73,  -14, -105,  -87,   62,    5,   45,  -58,  -20,   82,  -82,  -37,   36,  -16,  -24,   25,    0,  -93,  -40,   32,  -20, -120,   93,  -88,  -22,   88,  -41,  -51,  -41,  -41,  -50,  -54, -107,   71,  -73,   82,  -17,  -12,  -22,  -64,   16,  -75,  109,   87,   93,  122,   26,  -54, -104,   58,  -50,   63,   24,  -33,   40,   19,  -10,    8,  112,    3,   -4,   45,  -49, -125,],
[  -61, -108,   94,  114,  -70, -108,  -91,  -24,   13,   26,  -73,   81,  -83,  -24,   98,   14,  -39, -120,  -86,  -38, -118,  -16, -112,   37,    4,   65,   77, -102,  120,  -90,   18, -107, -121,   70,  -35,  -79,  125,   68,   19,   46,  -99,   61,  -43,  110,  -40,  -59,   77,  -79,   67,  -41,  -23,   84,   44,   52,  -74,  -57,   26, -102,  -28,  116, -102,  -25, -115,   74,  -84, -126,  -30,   45,   47,   23,   65,  -10,   17,   16,  104,  -53,   59,   83,  -67,  119,  -19,   41,   99,    8,    0,  -39,   22,   92,  -43,  -30,    1,  105,  -54,   80, -110,  -31,],
[   22,   39,  -19,  125,  -36,  -39, -106,   30,  -47,  -65,  103,   -4,   73, -116,  111,  -99,    5,  -74,  -58,  -55,   33,  -54,   -1,  -66,  107,   33,   72,   74,    9,   -9,   70, -111,   63,  -55,  -39,  -79,  -83,   16,  -50,  126,   96,   46,   37, -112,   15,  -93,  -10,  -44,  -45,  112, -104,  -31,  -64,   37,  -99,  -66,   40, -105,   55,  -31,  -17,   41,  -85,   11,   59,   54,   90,  -49,  -35,   -9, -127,   97,   86,  120,  -54, -118,  -79,    3,  -65,  -53,   55,    1,  -70, -108,  -88,  -59,  112,  -89,  -14,  -70,  -94,  -18,   44,  111,   24,  120,],
[   52,  -13,   -6,  -42,   69,    3, -101,   16,   99,  112,   86,  104,  -21,   78, -117,   36,  -89,   74,   97,  -99,   59,  -71,   82,  -70,  -57,   58,  -75,   42,    9, -123,   60,  117,  111,   62, -101,   61,  -46,  -32,  -30,  -58,  -45,   34,  -94,  -98,   18,  -35,   -7,  124,   51,  -27,   27,   46,  116,  -55,  -10,  -78,   58,  127,  118,   70,  101,   99,   31, -100,  -59, -115,   -7,  115, -118,  116,  116,   59,    5,   82,  -33,   26,   17,   69,  122,  103, -127,   34,  -47,  115,   99,  118,  -28,  -64,   -7,  -88,   65,  -21,   57,  -74,  -95,   -3,],
[   43, -116,   38,   95, -116,  -39,   71,   29,  -13,   -6,   21,   64,  109,   78,   91,  -16,   82, -116,   63,   14,   52,   -7,   -2,   14,   74,   12,   74,   58,   20,  103,   -6,   32,  -84,  -95,   12,  -32,   13,  -27,  -88, -112,  -81,  -49,   37,  -18,  -62,  125,   63, -100,  123,  -29,  126, -101,  -87,  -62,  127,   62,   10,  -68,  -96,   75,  -96, -111,   57, -125,  -22,  -23,  -17,   77,   93,  -91,  -68,   52,  -32,  -69,  -56,   -8,   69,   10,   34,  -26,  109,   34,  124,  -84, -100,  121,   -9,  107,  -82,   -3,  -91,  -79, -101,   14,  -59,   32,],
[   34,  -69,  105,  117,  -32,   92, -125,  -98,   74,   98,   15,   43,   64,  -24,  -39,   66,  -81,   -6,  127,   76,  127,   -1,  -47,  -91,   67,  -47, -105,  115,   96,  105,  -32,  103,   37,  -93,  108,  -98,   21,    7,   80,   91,   67,  -97,  -30,   77, -103,  -61,   13,   28,   95,  -44,  -90,  127,   93,  -20,   78,   -8,  -18,  110, -117, -109,   93,  107,   32,   63,  -32,  102,  -60,    8,   19,   90,   83,  115,  -65, -121, -126,   25,   76,   -4,   68,  -39,   53,  -47,  -25,   62,   87, -111,    7,  100,  -20,   67,  -20,   10,   26, -110,  -12, -121,],
[  -43, -125,   20,  -22,    7,  -61, -112,  -29,  -58,  100, -121,  -58,  108,   45,   88,   84,    0,  -53, -109,  126,  -89,  118,  -17,  101,   20,  121,    1,   72,  -71, -109,   38, -103,   32,   47,   85,  114,  -71,  100,  101,  -96,  121,   58,  -30,    0,   39,   42,  126,  -31,  -88,   84,   78,   40,  -95,   91,   80,  107,  -47,  110,  102,  -73,  113,   94,   83,   68,  -12,   87,   90,   72,    5,   28, -119, -103,   17,   68,   93,  -20,  -64,  124,   66,  -52,  -85,   52, -104,   33,  -83,   58,  -54,  -31,  -87,   58,   14,  -73,   18, -104,  -11,  -48,],
[   28,  -95,   79,   10,   98,   -3, -120,  -76,   96,  -10,   23,   38, -109,  103, -122,  -39,  -96,  -18,  -56,   66,   79,   66,   88,  -88,  -71,   44,   72,  -95,    4,   33,   91,   -3,  123,  -23,  -75,   80,  -33,   86,  -55,   79,  -49,   -5, -119,  -59,   21,  -28, -121,  -60,   56,  -70, -116,  -32,   32,   91,   75, -101,  -73,  -52,  -73,  -57,  -55,   15,   43, -125, -115,   70,  -24,   39,   33,  -87, -119,   63,   95,   54,    4,   84,   82,  -90,   88,  -64,  -72,   11,  -21,  -60,   83,   39,  -51, -116,  111,  -38,  -40,  113,   -9,   48,  103, -111,],
[  100, -123, -101,   24,  -25,   52,   93,   83,   41,   68,   49,  -39,  -18,   23,  101,   -5,    1, -118,  -60,   49,   49,  126,   95,  -59,  -57,   76,    1,   96,  -64, -118,  -26,   81,  -84,  -85,   87,  -94,    7,  -21,  -76,   80,   94,  119, -112,   81,  -91,  -38,  113,   23,    9, -105,   77,  100,  -98,  -16,  -36,    6,   60,   83,   93,  -51,  106,   92,   88,   96,   40,  118,    0,  -70,  111,  122,   83,  -11,  -56,   91,  123,  -80,  -52,  -55,   25,  -80,  -32,  -51, -108, -114,   19,   70,  -11,   11,  -29,  -43,  -14,  -23,   88,  -99,  -61,  -39,],
[  -77,  -37,  -47,   80,  -91,   70,   89,   -9,  -56,  -77,  -95,   99,  -50,   -9,   80,  -36,   45,  125,    2,  -38,   34,    0,  -76,    6,  -22,  114,   28,  -34,    0,   -5, -120,   74,  -63, -120,   91,  -53,  -56,  107,  -71, -124,  -42,   -5,   11,   81,   48,   47,   98,  -91,  -82,  -80,   84,  108,  -10,  -42,  121,   31,   21, -126, -113,  -53,  114,   92,  -33,  -68,   92,  -30, -118,   11,   13,   62,  -61,   67,    5,  -26, -101,  -44,   14,  113,  114,   15,  -68,  -88,  -95,   94,   80,  -71,    0,  122,  -63, -109,  -39,  -54,   88,   95,   87,  -82,],
[  -88, -121,  -96,  101,  -61,   76,   27,   80,  125,  -32, -119,   67,   27,   -6,  124,   23,   69,   94,  -41,  -60,   12,  -47,  -38,  -80,  -27,  -18,   94,  -20,  113,   90,   88,   24,   96,  -53,  -71,  -88,   80,  -41,   65,   67,    0, -117,  100,  -22,  -90,  -69,  -44,   48,  -47, -124,  -66,   40,   26,   -1,  -16,   83, -115,   18,  -37,  -70,   22,  -36,  -94,  107,  -41,   61,  -58,  -99,   51,  -34, -120,   41,  102,   69, -104, -113, -111,   95,   37,   70,   -2,    3,  -12, -115, -122,   92,    5,  -19,  -34,  -75,  -27,  -76,  -74,  -85,   76, -115,],
[   -7,   34,   19, -127, -127,   20,   32,    8,   33,   31,   99,  -19,   88,  -55,  -13,  -67, -123,  125,  112,  -18,  -15,  -73,   49,    0,   21,  -55,  -25,  -44,   90,  -59,   70,   97,  -56,   -9,  -63, -116,  104,  102,   13,  -35,   58,  -26,   94,   59, -112,   18,   27,  114,   51,   75,    0,  -66, -105, -103,  -26,    6, -120,  116,   40, -117,  -94,   98,  -41,   60,   95,  113,   77,  -20,  -81,  121,  -83,  -96,   82, -100,  123,   36,  102, -115,  -50,   56,  -15,  126,   76,  -24,  -57,   67,  -17,  -15,   36, -107,  -61,  -63,   70,  111,  -96,  -17,],
[  115,   -1, -120,   73,  -75,  -88,   55,   61,  -93,  126,    2,  -49,   29,   69,   26,   90,   61,  -32,  -47,  -49,  110,   45,  109,   42,  -18,  -60,  -83,   87, -106,   18, -104,   66,   78,  -58,  -99,  -63,  -18, -119,   55,   27,  125,   -1,   19,  -40, -111,   -4,   98,  -98,   47,  114,  -25,  -50,   14, -121,  -39,   20, -125,   81,  -76,   39,   -5,  -85, -113,  117,  -46,  -94, -113,  108,  106,  103,   20,   24,  -53,   73,  -88,  -45,  -73,  -84,   98,   63,  -11,  110,  -68,   56,  -65,   58,    6, -119,   25,  -62,   -5,    1,  -11,   80,  -84,   64,],
[  125,  -86,   57,  -40,   78,   71,   10,    9,   12,  -63,   16,  -50, -102, -119,  -84,  -16,  -40,   69,  -41,   88,   54,  -26, -100,  -38,  124,   88,  127,  -82, -100,  -49,  111,   83,  -32,   43,  -51,   12,  -39,  -26,   49,  -67,  -38,    3,  -11,  -50,   96,   -4,   46,   94,   54,  -95,   23,  112,  -69,  -27,   30,  -46, -110,    9, -106,  112,  -97,  -82,   48,   85,  -90,  -86,  -42,    7,  -31,  -73,  117,  121,  -25,  -32,   88,  -49,   68,   39,  -86,  -83, -122,   99,  -78,   60,  -79,  -59,  -27,   50,  -40, -122,  107,   -2,   72,   45,   31,  104,],
[ -108,  101,   55,  -63,   84,  -24, -100,   -4,  123,  -26,   17,   71, -102,  102,  -67,   -8,   88,  -92,   55,  111, -110,  -48,   36,  -76,  -29,   53,    3, -117,  119,  -64,  -62,  -95,    4,   81,   42,  -89,  -72,  -35,   68,   -5,  120,  -41,   80,  -93,   79,   75,  -39,  -44,  -45,  -74,   12,   51,  113,    6,   99,   11,   96,  -73,  -68,  -65,  -93,   24,  123, -109,  105, -100,   65,  -94,  -84,   50,  -29,  -92,   87,   46,  -97,   71,  102,   32,  -52,   77,   54,   35,  113,   43,  119,  -97, -124,   96,   21,  -30,  -55,   58,   93, -102,    0,   67,],
[   79,   43,  105,   15,  101,   60,  -59,   29,   42,  -96,   94, -112,   -3,  103,  -72,  -26,   88,   44,  124,  -13,  -25, -116,   66,   86,  -33,   69,  -72, -105,  -51,  -27,   97,  -76,  -39,   27,   99,   70,  -78, -121,   18,    5, -104, -104,   70,   84,   71,  -37,   24,   27,   40,  -55,   28,   29,   27,  -10,  -83,    5,  -78,  -87,  -19,  101,  -76,  -48,    6,  -37,  -62,  -62,  -54,   22,  121,  -40,   70,  -15,  100,  -72,  103,   95,   16,  -17,  -62,  -31,   46,   46, -105,  -75,    5,  -67,   47, -127,  -99, -115,  -91,  -82,  104,  104,   47,  -86,],
[  -36,   46,   17,  -58,  -71,  -86,  -72,  110,  -25,   93,   43,  118,   60,   76,  -32,  -93, -120,  -62, -116,   60,  -80,  121,   11,  -46,   68,   40,  -12,  115,  -36,  -13,  -13,    8, -108,  -92, -126,   20, -121,   51,   20,    4, -111, -102,   81,  -41,  -55,   86,  118,  -59,  -17,  -88,  -14,   47,   61,  122,   90,  124,  100,  106,   72,   44,   22,  114,  -62,   86,  -19,   33,  -64,   56, -111,  -33,  -31,   48,  108,  -70,  -13,   53,   73,  -89,   96,   36,   48,   57,   23,    0,  -26,   73, -115,   -9,  -45,  122,  100,  -53,   55, -103,  100,  -22,],
[ -127,   90,  -57,  -32,   31,   83,   -3,  103,   26,   66,    1,  -65,  -23,   17,   81,   18,  -76, -121,   35,   26,  127,   40,  -18,   54,   -2,   55,  102,   57,   -9,   88,  120, -107,    4,  -66,  103,  -76,   13,  106,   28, -103,  -45,  107,  -60, -104,  -19,  -98,  -42,  -35,   -7,   90, -108,   96,  -16, -115,   31,   35,  106,   58,   66,   85,  -89,  -43,  -10,   32,   66,  113,  -51,   83,   82,   57,  -51,   41,  -23,  -86,  -35,   95,   50,   18,   82,   71, -105,   53,   64,   44,   61,  -87, -102,   32,   52,   80,  -59,  123,   46,  110,   46,  -55,],
[ -100,   82,  123,  -46,   -3, -115,  -10,  120,   69,  -85,  -60,   39,  -84,  -26,    0, -115,  -67,  -48,  -42,  -45,  127,  -26,   48,    6,   17, -125,   20,   -7,   13,   58,   72,   73, -113,  -11,   75,  -62,  -77,  -22,   84,  -38,  104,   79,  -54,   -2,  102,   77,  116,  -29,  -78,   30,   93,  -98,  -23,  -30,   11,  -89,  -49, -111,  -84, -102,  -36, -121,   66,  -48,   46,  -89,  -15,   42,   51, -116,   -4,  -98,  -22,   52,   23,  105, -122,  -79, -101,  117,   85,  -57,  -76,   81,  -59,  120,  -84,   79,  -45,  114,   96,  -98,  -53,  -37,  -11,    6,],
[  -93,  -17,  118, -121,   83,  105,   93,    9,   -2,   45,  -83,  -28,   70,  -74,   55,  103,   29,  -83,   17,  -89,  -12,   54,  -18,  -67, -102,  -44,   94,  -66,   35,  -10,   17, -117,   51, -118,   63,  -46, -127,  -85,   60,  -38,  109,  -60,  100,  101,  125,   52,  -28,   84,   27,  106,    3,  -46,  114,  -26,    2,  -83,  -71,   33,  -86,   43,   66,  -51,  -99,  -10,   55,  -19, -124,  120,   67,  -71,   55,   70, -104,   61,  -19,  -40,   20,  -65, -106,   81,  -13,  -49,  112,   -3,   80, -119,  -15,   81,   93,  118,   33,   14,  -93,   14,  121,  -41,],
[  -92,   70,  -38,   98,   56,  -82,  -61,   -5,   -9,   21,   80,  -93, -110,   33,   25,  -23,  103,  -27, -104,   77,   57,  -43,  -98,  -47,  -52,   44,   -7,    8,   84,   34,   92,  -73,    5,  122,  -86,  -19, -107,   95,   47,   32,  -99,   -3,  111,   34, -111,  -35,   17,   33,  -51,  -18,   17,  -38,  -17,   61,  -62,  -47,  -29,   82,   60,  -78,  127,  -91,  -42,   22,  124,  -90,   55,  113,  -86,   88,   32,  -47,   49,  -30,    1,  -85,   70,  -83,   -8,  116, -107,  -29,   74,   57,   75,  -24,  -17,  -22, -106,  -80,  -47, -100,   98,  110,  -48,  107,],
[   69,  -96,  -99,   61,  -37,  -35,   19,  -90,  119,  104, -105, -118,  126,    3,   36,   87,  -59,  -10, -119,  116,  -63,   55,   14,  -82,  -13,  -60,  -12,   81,   87,   12,    8,   38,   52,  118,  -51,   24,   39,  107,   94,  -84,   70,  104, -101, -124,   28,   10,   62,   52,  124,   16,  -19, -114,  -38,   66,  -31,   39,  -96,   70,  -71,   80,  -50,   69,   22,   47,  -78,  109, -109,   65,  -91,   55,  -80,  -24, -112,   -8,   77,  -42,   30,   37,   76,  113,  -13,  -46,  109, -125,  -72,  -38,    2,  -41,  -39,   38, -115,   18,   78,   23,  106,  103,],
[   69,    2, -111,  -18, -125,   45,   13,   90,   93,   98,   69,   54, -107,  109,   41,  105,  120, -105,  -40,  -60,   22, -121,   99,   56,  116, -117,   53,   10,   -7,   58,  -52,   36,    6,  106,  -62,  -50, -122,  -15,   83,  119,   81,   42,  -11,  -49,   48,   54,    8,  -15,  -14,  -17,   84,   61,   70, -119,  -52,   60,  -34,   84,   78,   30, -123, -101,  -36,   56,  -88,   20,  120,    9,   13,  -32,   57,   44,  -94, -117,  -92,   71,   51,    9,  -11,  -45,  -32,   36,  -33,   82,  -78,   89,  -31,   76, -100,   26,   76,  -78,   68,   97, -112,  -22,],
[  120,  -92,   95,  -66, -113,   14,  -53,   96,   35,  121,  116,   60,   -8,  -87,  -43,  -44,  -38,   55,  -47,  -36,  -35,   40,   26,  -53,  -53,  -85,   -4, -100,  -98,  -22,   57,  121,   88,  120,  120, -125, -104,   72,  111,  112,  -67,   31,   93,  -63,  118,   16,   98,   48, -113,   98,   89,   47,   95,  -34,   73,   19,  -96, -113,    3,   47,   18,  -51,  127,   31,  -60,  -90,  -97,  103,  -47,   17,  -28,  -76,  -15,   96,  -79,  100,  -73,  -14,   48,   27,   70, -106,  124, -106,  109, -101, -103,  -11,  105,    5,   93,  -77,   57,   87,   96, -118,],
[  -50,   -5, -122,  -15,  118,   40,  -66,  119,   89,   89, -106,   41,  -32,  -72,   43,   64,  -34,  124, -102,  -44,  -49,  -72,   10,   60, -117, -123,  -33,  -23,   68, -111,   54,   99,   34,  124,   56,  -95,  -34,  127,  108,    2,   36,   92,   16, -114,  -82,    5, -106,   69,   79,  119,  -23,   35,  -24,   69,  118,  -87,    3,   62,   54, -117,  121,  -72,  -81,  -55, -125,  103, -104,  108,   -9,  -60,   51,   16,   29,  -11,  117, -120,  115,  -77,   15,  -60,   39,  -97,   -8,   55,  -77,   10,   15,  118,  -27,   23,  102,   72,   58,   66,   83,  -42,],
[  -51,   49,  -32,   67,   71,  -38,  -79,   89,   37,  103,   -9,    3,   30,  -44,    7,  -47,   14,   70,   45,   58,   64, -119,   95,   86,   97,  -79,   76,   74,  127,   94,    2,   24,  113, -121,  -93,   12,  -19,   95,  -36, -118,  -75,   46,   31,  -27,  -79,  -76,   74,  121,  -61,  118,  -56,   80,   60,  121,   71,  -14,  -71,  -30,   29,   51,  -40,  114,  115, -105,  124,  -48,   76,  -91,  -98,   38,    0,  -54,   94,   -3,   77, -118,  -55,   84,   -3,  -64,  -98,  -17,  -32,   19,  -25,  -53, -126,  109,   77,  -70,  -26, -102,  -20,   29,   55,   84,],
[   17,  -88,  -99,  -25,   41,  -67,   69,  -74,  -55,   64,  -71,   72,   26,  112,   28,   33, -116,  -84,   97, -106,   28,   39,  -96,   95,   16,    1, -117, -111,  125,  -75,  -75,   70,  107,  101,   49,   31,  117,  103,  -89,   99,  -72,   26,  117,  107,  -15,   -7,   -7, -112,   22,   93,   21,  101,  -51,  -18,   11,   92, -112,  -75,  -56,   33,  -29,  -55,   44,   93,  -35, -107,  123, -107,   -2,   33,   -4,  -31,    3,  -26,  -23,   56,  -79,   25,  -64,  121,   91,  -20, -104, -126,    4,  -71,    6,  108,  -13, -114,   51,  -54,   13,   31,  -76, -126,],
[  -45,  125,  -59,    7,  -36,  -96,  -13,   53, -100,   57,   86,  108,  -41,  -76,  118,   65,   18,   -5,   98,  -24,  100,   87,   42,   18,  117,   -4,  -72,    6, -125,  -74,  -66, -109,  -49, -103,   51,  -83,   61,  -49, -112,   92,   13,  -36,   85,  -68,   -9,  -28,  117,  -61,   10,  -29,  -62, -118,   39,   81,  104,  -55,  -20,  -89,   28,   70,  103,   67, -112,  106,  108,   33,  -66,  -74,  102,  -44,  -79,   78,  117,  -43,  -43,  -43,  -68,   -5,  114,   83,  -86,   54,  -34,  -45,   30,  -25,   10, -127,  -59,  108,   -4,  114,  112,   54,   75,   86,],
[   95,    0,   58,  -56,   54, -117,   13,  119,   15,  -34,   33,   92,  -20,    4,   -8,  -67,  -15,  -68,  -76,   38,   53, -109,  -78,   37,    4,  101,   76,  -20,  -18,   53,  101,  -97,  113,   94,  -47, -125,   36, -120,   48,   62,  -84,  106,  -40,  111,  -29,   64,  107,  -59,  119,   -9, -100,  -34,  -19, -124,  -39, -106,  -56,  -32,  -39, -116,   74,  -98,  -80,    5,    7, -106,    6,  125,   60, -105,    0, -127,  -76,   38,  -12,   32,   20,   44,    7,   38,  -20,  -94,  -59,  -50,   96,   35,  -46,   47,   69,  101,   71,  -93,    3,    8,   81,  -64,],
[   27,  -65,   52,   69,  -89,  -66,   60, -107,   42,  116,   69,  127, -116,   -8,  -34, -106, -107,   44,  -76,  -64,   65,   17,   70,  -62,  -55,  -76,   20,  122,   51,   65,  -54,  127,  -63,   37, -116,  -29,   33,  -72,  120,   73,  -91,  112,  -13, -112,  111,   15,  -34,  -65,  -46,   64,   73,   -8,   90,  -91,  -73,   24,   57,   67, -108,  -45, -120,  -48,  -14,  107,  -92,  -49,   27,  -44,    1,   -6,  -93,  -30,   88,  -18,    0,  -49,  121,   21,  -54,   71, -101,  -65,  -70,  -79,   12,  112,   -3,  -12, -111,  -62,  -12,  102,   76,  114,  120,   36,],
[ -122,   -6,   66,   17,   53,  -80,    2,   30,   12,  121,  -61,  -79,  127,   98,   60,   71,  126,   67,   22,  -99,   83,  -69,   76,   15,  -24, -103,   56,   99,   95,  -96,  100,  -62,  -60, -101,   61,    8,   67,   64,  -77,  -76,   33,   83,  111,   36,  108,   10,  -86,   86,   36,  -99,   68,  -24,   65, -123,   44,   28,  106,  102,  -67,  117,  -72,    6,   22,   84,  -47,   95,   30,   31,  -54,  -60,  -85,   82,   17,   -6, -117,   13,  -59,  -40,   95,  125,   74,   85, -126,  -75,   -2,    9,    0,   67,   93,    3,   56,   60,  104,   11,  -58,  -30,],
[   54,  -83,  -49,  -73,  127, -109,   57,   28,  110,   32,   -8,   72,  -90,   77,  126,  -61,   72,  -81,  -25,  -99,   79,  -75,    1,  -88,  -99,  125,   53,  -48,   22,  -50,    3,  -19,   25,  -95,   20,   38,  -78,   55,    1,   50,  -33,   48,  111,   43,  -61,   36, -126,   33, -114,   35,   98,   53, -115,   51,  -63,  100,  -96,  -99,   25,  -60,    5,   37,  -75,  109,   52,   17,    7,  -70,   71,  -10,    2,  -88,  -89,  -49,    0, -127,  -24,  -49,   65,   13,  -94,   99,  -70, -120,  -87,  -30,  -87, -119,  116,  -31,   34,  -97, -118,   31, -101,  -48,],
[  -39, -117, -102,   59,   61,  -52, -110, -114,   31,   87,   20,   17,  122,   -7,  -27,  114,  -92,   88,   12, -105,   47,  -36,   -5,  -95,   60, -126,  -29,  -29,   23, -125,   78,    0,  -11,   83,   25,  104,   43,  109,   93,  -23,   56,   92,  -19, -105,  -11,    5,  115,   53,  -53,  -93,  -48,  -33,   65,  112,   81,  -82,  -73,  110,   73,    8,  -76,   77,   61,  -36,   11,  104,   38,  119,   63,   71,  -22,  -74,  122,  -86,   34,   72,  108, -116,   69,   48,  102,   30,   85,   82,   24,  -88, -100,  -86,  -70,  -51,   24,    0,    1,   54,   47,  -68,],
[   53,   -2,  -68,   24,  -66,  124, -106,  -19,    8,  -61,   36,   81,   13,   98,   15,  -71,  -36,  -37,   65,   90, -121,  -61,   39, -122,   50,   -1,  -17,   52,  -73,  -85,   69,  112,  -89,    4,   46,  113, -120,  -21,   24,   -6, -101,   99,  -68,   87,   26,   16,   94,   27,  -83,  -93,   19,  -36,   -8,   58,   18,   45,   35,   27,  -63,    4,  -92,  -45,  118,  -63,  -84,   30,  -91,  -94, -111,  -89,  124,   68, -125,  126, -118,  119,  -14,  -39, -107, -103,  -17,  119,   33,  -79,  -19,  -67,   88,    2,   44,  -16,  -38,  -55,  -78, -116,   17,  109,],
[  -88,  -86,   38,  -63,  -23,   -4,   40,  -87,  -86,  -64,    8,  -58,    7,   56,  111,  113,  -46, -111, -102,  -82,    1,  -75,   75,   92, -127,    7,   97,  -44,  -31,  109,   63,  -83, -107,   62,   10,   93,   53,  -17,  -37,  126,   16,   11, -122,   81,  101,   94,    1,  -43,   30,  -31, -122,   28,  101,  -61,   19, -113,  112,  -99,  -47,  -17,   73,  -60,  127,   48, -122,   38,    4,   -2,   52,  -67,   41,   18,   80,   -5,   45, -100,   50,  -73,   53,  -14,  -80,   19,   66,   63,  -27,  -66,   51,  101,   93,   43,  126,  -38, -102,   23,   41,  -96,],
[  -88,  -23,   31,   34,   60,   90, -127,  -86, -101,   99,   -3,  -91,  -87,  101,  -48,  -20, -127,    7,    5,  -47,  -31,  -72,    4,  -97,  -57,  -31, -105,   78, -100,   38,  -19, -101,  -68,   68,   62,  -65,   59,  -14,   40, -124,   57,   79,   79,  -32,   30,  -62,  110,   95,   32,   86,  -34, -122,   84,  120,   56,   -8,   65,   37,  -97,   -4,  -81,  -26,   81,   58,  -98,   44,   28,   70,   55,  106,  -68,   87,   11, -125,  -44,   59,  126,  -31,    1,   94,   51,   82,   52,    9,  -47,  127,   89,  -95,   -6, -105,  -14,   14,   77,    6,  -74, -116,],
[   66,   78,   74,   29,  -49,   95,   50,  -47, -116,   -7,   20,   27,   77, -116,  -42,  -11,  122,    4,  -59,   -4,    1,    6,  -56,  -60,  -73,   14,  -57,  -93, -124,  -19,   84, -102,  -77,   17,  -76,   35,   57,   36,   89, -106,   76,  102,  -16,  -36,   39,   70, -111,  -87,   77,   46,  -87,   -6,  -88,   -4,   64, -125,  -44, -101,   41,   85,   -3,  -72,  -70,   99,   19,   17,   28,  -81,  -62,   70,   85,  -58,  116,   52,   33,  -45,   63,  -56,   45,  -10, -102,   74,  -51,   23,   30,   11,  -47,  120,  -57,    3,  126,   52,  120,   62,  -47,  -33,],
[   30,  -92,  -99, -113,  -47,   10,  -91,  117,  -59, -121,   56,   78,  100, -122,   -3,   78,  104,    8,   -8,  -36,  -42,   19,  101,  -74,   29,  -56, -127,  -53,   78,   14,  -42,  127,   40,   88,   43, -117,  -27,  -20,  -97,  -77,   25,   59,  -99,   16,   -9,  -86,  -82,   31,   87,   82,  -55,   79,   90,   44,   63,   69,  124,  -96,  -57, -103,  111,  -17,   99,   42, -102,  -15,   14,   98, -109,  -96,  111, -123,  -31,   99,   17,  -40,   -9,   22,  -61,  -52,   30,   74,   56,  104,   77,   39,   -9,  -87,   32,  122,  -66, -104,   98,   93,  -25,  -63,],
[   -6,  110,  -21,   74,   10, -109,   28,  -24,  -89,  -54,   44,   90,  -10,  -27, -104,   50, -116,   73,   18,   27,  -23,   11,    0,  -38,   94,  127,  -86,  -72,   72,   17,   42, -102,   96,    3,   59,  115, -113,  -22, -125,  -44,   10,  -12,  -33,  -61,   33,  105,   96,  -93, -119,  -32,   -2,   83,    0, -101,   35,   75,  -91, -115,   39,   99,   90,  120,   75,    6, -126,   30,  -46, -124, -127,    0,  -37,   53,   69, -100,  116,  -72,  -67,  -83,  -89,  109, -109,  -39,   -6,  -12,   -5,   77,    2,  -26,  120,   60,   43,  121,  102,  -71,   66,  -50,],
[  -86,  -27,   91,   27,  -41,  -22,  -80,  -14,  -88,  -74, -118,  -42,  -91,  -13,   82,   82,  -63,   53,  -33,   87,  -34,   83, -105,   13,  -10,   92,    2,   84,   87,   50,   94,  -80,  -69,   53,  -41,   79,  -99,  117,  104,  -23,   29,  109,   26,  -78,  -51,  -75, -101, -113,   68,  -82,   89,  -48,   66, -108,   50, -103,   83,  -13,  -48,   68,  -85,   -6,  -55,  101,   49,  -92,  -95,  -81,   -4,  -90,  -62,  111,   38,   36,  117,  -40,   67,  -90, -106,  -40,   97,  -74,  113,  -86,   90,  -78,   -1,  -36,   93,  -62,   18, -110,   -5,  -33,    0,   29,],
[  -98,  127,  -19,   67,   48,  -73,  -46,  -45,  -38,   -8,   68,  -50,   42,   49,  -81,   89,  121,  117, -124,   39,  -16, -123,  126,   34,  120,  -65,   30,    0,   -9,  104,  -36,    0,  -82,   74,  -59,    9, -112,  -97, -121,   90,  -20,   59, -120,   17,   61,   -9,   42,   54, -126,  -51,  -55, -125,  102,   29, -118,  -86,   35, -101,   31,  -59,  103,  -45, -116,  -83,  -92,   69, -116,  120,   10,    9,  -90,   66,  -92,   -7, -104,   21,   82,   84,   34,   10, -116,   87,   79,  -15,   54,   66,   84,   48,  113,   60,   27,   20,   44, -106, -103,   61,],
[  -37,  100,  124,   -1,  -92,  -38,  -52,   66,  100,  -11,   38,  -56,  -43,   89, -116,  -22,  -67,  -26,   -3, -101,  -14,  118,  -27,  102, -111,   66,  -18, -108,   62,  -32,  -30,  -64,   71,   84,   39, -123,  125,   46,  -15, -120,  -91,  -85,   59, -113,  -54,  -46,  -79,   97,  -42,    1,   18,   36,   69,  -16,   32,  -12,  -57, -123,  -52,  103,  -84,   24,   30,  -67,  114,  124,  122,  -23,   75,   90,   96,  -72,   -8,  -50,  -74,   69,  -52,  -64,   56,  116,   44,  -20,  -93,   40,  113,  -96,   61,  126,  113,   19,   67,  -89,   32,   91,   93,  -76,],
[    0,  120,   54, -127,  -37,  -22,   65,  -14, -121,  -54,  -46,  -62, -111,   94,   26,  -98,   48,  -97,  -96,  -70,   79,  -79,   80,   29, -124,  -75,  -73,  -29,  -39,    0, -121,   30,  -84,   30,  118,   30, -108,   35,   16,   74, -111,   66,  -98,  -48,  -29,  -98,   44,  -45,  105,   75,  -48,  -29,  -45,    1,  -63,  -29, -114,  106,  101,  -91,   47,   22,   92,  106,   73,   -5,  -84,    5,  117,    0,   35,   80,  114,   18, -125,  -74,  -87,   44, -102,    0,  -11,  -37,   80,  -88, -122,   41,   82,  -38,  -78,  -23,   98,  -19, -110,  100,  116, -127,],
[  -62,   85,   37,  -10,   19,  -73,   40,    9,   26,   76,  -62,   47,   93,  104,  -26,    8, -116,  111, -103, -125,   10,  122,   29, -124,   47,   34, -103,  -74, -116,  102,  -67,   65,   27,   42, -127,   40,   29,  -76,   37,  -14, -111,  -67,  -13,  114, -108,  -17,  110,   71,  125,  -30,   -8,  103, -101,   -4, -109,  -37,  -39,   59,  -47,  -18,   59,  -43,    0, -124,  110,   46,   60,  -55,   88, -100,   -9, -125,   -6,  103, -120,  -85,  122, -111,  -28, -111,  -80,  -61,   20,   63,    9,  112,   -1,  -48,  -97, -106,  -91,    0,   89,   30,  -36,   24,],
[  112,  -48,   41,    0,  -93,  -54,  -43,   40,   13,    7,  -55,   -1,  -45,   91,   84,  -78,   35,   94,  107,  -19,  -65,   77,    1,  -49,    4,  -56,   11,   77,   53,  -24,  -55,   71,  -22,   52,  -15,  109,  -11,  -45,  -53,  -56, -100, -112,   86,   10,   -4, -115,  -94,  110,  110,  -77,  -42,   78,   63,  -59, -108,   56,   38,  -94,   78,  -83,   56, -110, -105,   80,  -63,  -72,   25,  -90,   91,    4,  -65,   64, -113,  -84,  -87,  -29,  105,   35, -118, -127,  -65,  123, -127,  -76,   36,   64,    9,  -27,  -69,   42, -108,  -15,  -31,  -79,  109,  -22,],
[  111,  113,  122,  -69,   -5,  -31,  -17,  -24,  -23,  -63,   18, -107,   37,   79,  -97,   31,  -33,  -87,  117,  -23,  -96,  -34,   11,  -87,   16,  -95,  -39,  -29,  -54, -108,  -52,  -58,    8,   45,   72,   50, -108,   38,  -14, -117,  -62,  -24,   57,  -90,  -43,   -5,   77,  116,   44,  101,   15,  -79,   -4,   -8, -103,   78, -119,  126,  115,   67,  -95,   65,   10,   12,   54,  114,   12,   10,  124,   73,   52,  -14,   75,  -10,   32,   19,   54,  -54,  -40,   35,  -99,   18, -121,  -57, -101,   31, -112,   21,  -91,  -17, -115,   74,  -80,   -8,  -40,   92,],
[   62,  125,  -86,  -70,   33,  -11,  122,   88,   78,  -11,   30,   80,   27,   22,   90,   73,   66,  -56,  106,  -35,   -8, -103,  -97,  -71,   -9,   94,   44,  -88,  -42,  -82,  -67,   77,   -6,  -62,   93,  -79, -118, -114,  100,  -11,   43,  -86,  -26,  -53,  -16,  -14,  -55,  121,   65,  -39,  -96,   31,   35,  105,   80,  107,   46,  104,   46, -120,   12, -109, -104,  -16,  -35,  -15,  -74,  -42,  -45,   50,  -26,  -10,  -36, -112,  127,  104,  -69,  -88,  -16,  -63,   91,  -50,  104,   47,  -55,   70, -121,   85,   14,  -26,  -58, -118,   97,   11,  -93,   76,],
[  -13,  -19,   33, -120,  -75,   53,  -49, -126,  115,  -38,   74,    5,   22,   58,  114,   34,  102,  105,  -41,   41,  -86,  -94,   -5,   25,  -11,  103, -126,  -57,   -1,   54,  107,   98,  -33,  -43,  -31,  -98,  124,  -93,   67,   53,   24,  115,   -1,  -10,   54,  100,   75,   26,   81,  -93,  -35,  -98,   33,  -93,   63,   81,  -40,  -78,   70,   79,  -91,  -21,  -38,   41,   91,   -2,   15,  103, -112,  -64,   65,  -89, -116,    0,  -79,    8,  104,   23,  -49, -100,   36,  -82,  -63,   28,   32,   43,  -68, -112,   68,  -57,  -49,   45,  -85,  -73,  -82, -111,],
[  -68,  -10,  -96,  -87,  109,   10,  -98,  -27,   41,  -37,  -58,    1, -113,   -2,   41, -107,   -3,  115,   32,   35,  -78,  -45,   53,  -34,  -34,  -35,   49,  -33, -126,  -31,   -1,    3,  108,    1,  -36,  -92,   43,  -77, -119,  116,   96, -104,    1, -100,  -88,   -5,  -35,  103, -108,   20,  115,  -81,  120,  -22,  -62,   63,  -28,  -28,   90,  -31,   50,  -24,  -66,  -35,  110,   29,  104, -113,  120,  -86,    6,   84,  -70,    3,  120, -112,   71,  -87,  -56,  -16,  -71,  -23, -121,   52,  -83,  122,   86,   43,  -86, -125,   13,   34,  -37, -126,   49,   -7,],
[  -34,    0,   62, -104,   25,   18,  -13,   -7,  -40,  -98,   31, -119,   23,  -38,   27,    3,  -46,    6,    3, -101,   34,  -62,  -70, -107,  -97, -103,  -24,   12,  -75,  -99,  120,  -90,  -17,   24,  -80,  103,  110,   72, -122,   83,  -12,   37,   60,   43,  -33, -103,  100,  108,   94,   49,  -26,   73,   67,   59,   16,  103,  -58,   63,  -32,  127,   16,   96, -116,  -84,  108, -119,  -22, -102,  107,  -32,   77,   70,  -34, -115,  112, -107,   -8,  -88,    6,  111,  -11,  111, -122,   23,   17, -107,  -47,    2,  -67,  -62,  -64,  -44,   85,  -86,  -69,  -53,],
[  -71,   49,  -19,  -56,   32,  -89,   45,  -80,    0,  127,   53,  -38,   88,    2,  -67,   71,  -59,   -9,   19,  -38,   38,   57,   80,   65,   58,  -84,   46,  -35, -124, -112,  -83,  -70,   80,  -91, -107,    1,  -78,  -95,  -27,  -24,   91,   96,  -37,    8, -116,  -40, -101,   42, -105,  -69,   19,  -38,   53,  -56,  -74,  -10, -118,  -69,  -90,  -30,  -76,  -31,   99,  -85,  -60,   51, -108,   75,   97, -118,    9,   60,    8,  -53,   11,  -92,   54,   22,   14,   66,  -55,  -27,  100,   93,    8, -103, -124,  106,   17,  -25,  125,   36, -105,  -92,  -77,  -60,],
[  -63,   97,  -11,  -91, -127,  -41,    8,  -15,   57, -109,   69,   43, -109,   93,  -40,   52,   82,  -42,   62, -100, -127,  -67, -108,   96,  -51,  -33,   96,   92,  116,   23,  -50,  -90, -117,  -21,   27, -122,    1,  -75,   39,  -58,  -74,   69,   98, -111,  120,    9, -106,   28,  -62,   39,  -82,   75, -102,  125,   25,   17,   83, -118,   83,   59,   44,   48,  -68,  104,  123,  -56,   64,   93,  103, -120, -125,  -16,  -31,  -94,   19,  -60,  -48,   43,   58, -115,   64,   42,   28, -107,  101,  -39, -101,  -81,   81,    9,   52,  106,   54,   30,  -37,   28,],
[ -122,   36,   -9, -111,  -46,  107,   20,   29,  -78,   40,  -32,  -88,  -96,   15, -110, -108,   11,  -23,   71, -101,   13, -118,  125,  -27,   11,  -78,  -74, -117,  -93,   72,   99,  -57,  -73,  102,  -86,    2,  120,   53,   37,  -13,   60, -120,   42, -102,    4,   54,  -65,  -76,  122,   36,   68,  123,  -44,  127,   -9,  -44,  -33, -107,  103,   53, -101,   75,  101,  -21,  -80,   42,  -99, -123,  -90,  112,   93, -111,  -89,  -81,   43,  112,  -80,  -37,   63,  -22,  124,   86, -124,  -59,   19,   98,   29, -106,   66,   -7,   43,   -6,   94,  127,  -56,  127,],
[  -83,   70,  -22,  105,   67,   99,   58,   12,   53,  -63,  -15,  -10,  112,  -15,  -27,  -87, -103,   48,   75,    6,   62,   19,  -41,   61,  -63,   94,   62,   98,  -59,  113,   75,  -12, -127,  -57,    4,   -9,  -50,    8, -111,  -15,  -66,   23,  -25,  113,   41,   33,  -36,   93,  -16,   26,   58,   64,   94,   42,  -25,  -46,    1,   -4,   54,  111,   63,  104, -122,   49, -104,  115,  -74,  108,  -36,   21,   17,  -56,  -75,   71,  -51,  -97,   87,   79,   40,  -22,  -73,  -73,  -57,  -18, -106,  119,  -25,   89,  -64,  -63,    0,   26,  -43,   99,  -22, -106,],
[  -12,  -57,   33,    0,   28,  -11,   61, -114,   33, -101,   59,  -77, -114,   21,  -91,   45,   63,  -32,   64,    3,   31,    4,   72,   75,  -46,  -43,   95,   84,   39,   24,   61,   -5,   49,  122,   65,   97,   83,  -50,  118,  -72,   37, -105,  -94,  -36,   -7,   68, -122,   -7,  109,  -89,   76,  -22,  -52, -112,  -44, -102,   37,   24,  -15, -123,  -19,  -11,  -96,   48, -127,   -9,  -23,  -73,   96,   -4,  -17,  -75,   -7,  -10,  -52,  -66,  -34,  -23,   88, -103,  -61,  -44,  106, -122, -121, -107,  -82,  -81,  -66,  -96,   42,   14,   -8,   33,   10,  125,],
[  -79,  -27,  -61,  -96,   58,   19,   55,  -21,  110,   44,   88,  117,   25,   68,   -3,  -45,  -42,  -22,  112,  -78,  -45,   65,   78,  109,  -69,   62,   87,  -55,   47,   -5,  -54,  -94,   35,   33,   82,  -76,  -18,   95,   51,  -72,  -17,  -28,   63,   23,   29,  -47,   51,  -31,  -42,  -95, -114,   65,   73,  127,    6,  -82,   79,   -7,   29,    6,   19,   24, -119,   87,  -45,  -64,  112,    0,  -94,  -26,   34,  -15,   -5,    2,  -46,  -79,  118,  -62,   11,  121, -118,  108,   74,  126, -101,  -18,    0,  -61,  -54,   16,  120, -114,   60,  -57,  -58,   76,],
[   83, -112,  -47, -115, -107,  -29,   24,  -27,   45,   33,   58,   72,  -54,    1,  -14,  -59,   81,  115, -126,  -85, -107,  -26,  -66,   -9,   15,   -5,  -67,  -93,   90,   15,   88,   40,  -49, -105,  127,   90,   29,   75,    3,   89,  -75, -108,  120,   89,  -44,   49,  -84,  105,  -94,   24,  -18,    4, -105,  121,   25, -117, -100,  105, -103,  124,  -75,   46,  112, -116,   10, -111,  -36,   92,  -87,  -54,  -86,   11,   92,  -25,  -29,  -40,  105,   45,  -43, -125, -115,  -11, -101,  -69,   28,  -18,   67,   57, -122,  -62,   16,   76,  -82, -102,   22, -112,],
[   95,  -11,  -92, -125,   61,   70,   42,   50, -124,  -35,  -83,  -78,  116,    6,   95,   37,   57,   91,  -14,   -4,  -73,  -57,  -59,  -76,  123,   37,  127,  -70,  -68,    2,  -88,   67,   65,  111,  104,  -73,   -7,   89,  120,   -5,   38,  -14,  -33,   77,  122,    7, -105,  -37,  101,  -45,  -81,  106,   18,  -70, -126,  -91,   63,  -23,   27,  -23,  -16,  -51,  -33,   46,  -67,  -27, -108,   85,   19,  -38,   98,   13,   84,  -39,  -39, -123,   22,   51,   32,   42,  -24,  -97,  -21,   31,  110,   58,  -76,  -82,  -80,  -98,  -15,  112,  -13, -103,  -54,   80,],
[  -13,  -11,  107,  -75,  -40,   83, -113, -124,   53,   -2,   83,   48,   -2,   67,  119,   14,   50,  -72, -109,   46,  -90,  -18,  -22,  -22,  -62,   12,  100,  -30,    3,  -69,  -47,   34,  -95,  -12, -121,  -90,   47,   10,  123,  120,   12, -124,  -33, -102,   -3,  -85,  -18,  121,  -55,   80,  -17,   34,  -84,  -73, -111,  105, -124,  -79,   51,  -58,   -6,   67,  -77, -110, -103,  111,   90,  111,   23,  123,   -4,  -10,  -78,  -57,  101, -120,  120, -106,   50,  -39,   76,  -48,   29,  127,   11,   46,  -24,   55,   26,   69,  -15,   29,  -56,  120,    9,   10,],
[   70,  -84,  -80,   78,   37,  -37,  -64,    3, -104,   89,   38,  -72,  107,  -28,   70, -111,  116,   89, -108,  -66,  -28,   33, -118,   84,   66,  -71,   11,   98,  -12,   87,  -62,  -22,   44,  -88,  -85,  123, -120, -107,   77,  -97,   71,    7,   59,   93,  105,  -79, -123,  126, -113,  -58,   34,  -44,  -14, -101,  105,   59,  -48,   50,  -58, -125,  -97, -105,  -91, -120,  -26, -103,  -58,   36,    5,   79,    0,   62,   96,  -44, -109,  -91,  -97,   79,  -92,  -14, -124,   39,  -18,  -85,    6,   92,   78,  -34,  -78, -111,  -65,  -20,    2,   38,   83,   53,],
[  -90,  109,   84,  -15,  124,  -28, -113,   80, -100,   -6,   -7,   54,   82,   73,  -81,  -69,  -46,  -58,  119,  -90,   12,  -37,  -37,  -89,  -19,  -19,  -22,   -5,  -20,  -85,   67,   58,  -72,  -57,  126,    0,   97,  106,    8,   57,  -51,  -17,   13,  -85,   93,  -31, -120,   27, -111,  -92, -108,  -97, -123,  -54,    9,  120,   30, -107, -108,   12,   69,    5,   69,   85,    0, -121,   73,  -23,  -60,  -84,   80,   87,  -36,   93,   70,   26,  -75, -110,  108,  -49,  112,   -5,  115,  -21, -116,   17,  -85,   42,   -5,   17,   97,  109,   14,  -55,    0,  -65,],
[  120,   66,   14,  -70,   75,  -80,   38, -127,   74,  -89,   -9,   16,  -26,   13,  -18, -117,   54,  -68,   26,   83,   82,   80,  -22,   15,   80,  -96,  -49,  -23,  -32,   70,  -12,  -88,   52,  -60,    0,   -6,  -77,   48,  -98, -123,  -80,  105,   71,   18,   19,   62,   -6,  123,   67, -112,  106,   27,  -95,  -32,   71,  -13,    3,  -70,   50,   63,  -23,    3,  121,  -72,  -33,   19,   42,   40,  -45,   35,  -90,  -88,   63,  119,   56, -100,  122,   71,   84,  -62, -116,  -38,   24,   -3,   93,  -47, -100, -107, -111,   15,   55,  -86,  114,  -66,  -66,   14,],
[   59,  110,  -17,  -68,   25,  -75,    5,   41,   65,  -36,   34,   36,  110,    1, -105,  126,  -93,   50,   50,   45,   -1,  108,   28,   49,   15, -123,  -30,   90,   92,  109,   75,  -61,   37,  -56,    9,   35,   11,  -55,   88,  -67, -106,   91,   53,   22,   92,    1,   55,  -64,  -83,  -22,   33,   86, -102,  -79,  -49,   -7,  -85,   59, -112,  120,   31,   64,    1,  103,   15,  -48, -117,  -58,   72,  124,   20,   18,  -71,  111,   -5,   88,   72,   16,    0, -105,  106,   12,   33, -102,  -41,   88,   23,   21,   41,   11,  -10,   37,   74,   27,   22,    1,],
[ -123,  -21,  -32, -126, -122,   35,    7,  -50,  -70,  -51,   84,  -58,  -51,  -80,   21,    4,  -79,   88,   75,   21,   -8,  -46,   47,   41,  102, -126,   32,  122, -121,  -97,   26,   17,   41,   55,  -54,   47,   18,  -54,  -40, -112,   66,   96,   -7,  -74,   33, -100,  -14, -123,  114,  -55,   12,   88,   89,  -57,  -89,  -50,  -39,  105,  115, -120, -107,  -95,  -11,   16,  -72,    9,  -27,   28,   84,   54,    2,  109, -110,   75,  122,  -12,   15,   71,  -21,   14,   51,   15,   44,  -16,  107,   25,  -22,   22,   14,  -66,  -83,  -41,  -52,  -81,  -25,  109,],
[    3,  110,  -94, -112,   72,   99,   94,  114, -124,  -23,  -63,  -59,  123,  -37,   43,   10, -108, -108,   73,   95,  -72,  -34,  -71, -117,   42,  -70,   97,  -23,  -99,   16, -121,   16,  119,  -84,   76,  -55,    7, -123, -105,  -89, -119,   78,   13,  102,   99,  -70,   55,   92,  -53,  122,  -38,   33,   99,  104,  -82,  -82,  106,   75,   -4,  -73,   16,   67,  -59,  -38,   23,   64, -121,  127,   60, -118,   51,    8,  -85,  -59,   -8, -116,   89,   -2,  -23,  -30,  -87,   26,  -83,  -89,  -91,  -64,  -70,   -5,   36, -102,  -61,  -79,  -60,  126,  -23,  -95,],
[   -3,   96,  -52,  -31,  -80,   20,   17, -115, -119,  -45,  114,  101,   10,  123,  -10,  -16,   20,    6,  105,  -34,   81,  -92,  -89,  -29,  -59, -123,  -46,   65,  115,  -80,   18,   55,  -35,  121,  -17,   21,  -65,    1,  103,  -94,  -34,  -79,   68,   20,   58,   59,  105,  -48, -116,    6, -114,   39,   81,   15, -104,   79,   82,   36,  -97,  -57,  108,  126,   56,  -30, -126,   49, -102,  -70,  -31,  -26,   64,  -82,  122,   85,   15,  -73,  -58,  127,   38,   71,   39, -100,  -16,   94,   40,  -80, -124,  -94,  104,  -58,  118, -100, -104,  -57,   42,  -28,],
[   79,  101,   80,  -24,  -93, -114, -123, -114,  -57,  104,  -53,  -29,  -94,  -61,  -23, -111, -106,    3,  -64,   86,  -17,  -15,  -64,   54,  -67,  -12,   -5,   18,  -10,  -93,   18,  -13,   64,  -86,  108,   45,   43,   -2,  -15, -102,   71,  -49,  -55,  -91,   89,   57,   68,  -30,  -98,  -86, -124,  -38,   88,  -16,  115,  -36,  -99,  107,  -84,  113,  -96,   94,  109,  -63,  103,   78,  -96, -111,  -72,  -13,   27,   29, -111,  -91,   49, -127,   17,  -53,  -91,  101,  -97,   60, -101,   45,  -81, -121,   31,  -33,  -18,  -92,   92,  122,  -60,    0,   20,  -13,],
[  113,  -41,   -9, -111,  -96,  -31,  113,   95,  -40,  -67, -123,  -10,    4,  -99,  -49,   63, -111,   27,  -69,    9,  -44,   71,  -97,    0,   45,  -49,  -70,  -26,  -84,   71,   55,  -84,   31, -127,  -45,   38,  -46,  -12,   55,   30,  100,   36,   29,  118, -120,    7,  -36, -116, -126,   94,  -14,   33,   67,  118,  -92,  121,  111,  -46,  -55,  -25,   55,  -87,   93,    2,  -51,  -62,  112,  -67,  -46,   17,   13, -113,   23, -101,  -86,  -15,    9,  -99,  -62,  -32,   27,  -39,  -87,   34,   13, -105,  -72,   -3,  -31,   77,  -26,   36,   94,  -42,  -27, -122,],
[  -17,   72,   96,   63,  -64,  -44,  -25,  -32,  -22,   32,  -76,  -55, -118,   41,   75,  -58,   25,   20,   29,   44,  -36,  -30,  -68,  -75,   73,   24,   69,   63,  -79,  -78,    8,  -65, -112,  121, -115,    9,  -46, -110,   19,   56,  -18,  100,   29,   93,   40,   46,   28,   66,   84,   80,  -28,  -36,  -13,  -58,  -22,  -61,    3,  -63,  -11,  -46,  -40,  -34,   86,  -82,   82,  112,   59,  -12,  -43,  -41,   56,   51,  -52,   85, -100, -126,   24,  102,   48,  -47,   60,    8,  111,  -59,  -84,  -19,   84,   66, -122, -111,  -40,  -20, -109,  -81,   53,  -54,],
[  113, -123,    4,  -51,  -79,  -25,   82,  -23,   70,   20,  -61, -124,  -91,  -61,   91,  102,   87,  -19,    3,  -16,  122,  -73,   99,  -62,  -34, -121,   44, -106,  -70,   51,  -26,    3,   64,   68,  -38,   92,   98,   64,  -73,  -26,  -75,   -2,  121,  -89,  -77,  -15,   72,  -18,   69,  104,  -65,  -30,  -27,  -68,   89,   78,  -81,  -38, -122,  -45,  -66,   50,    0,  -62,   43,  -13, -118,  -33,    0,   21, -107,  -78,    9,   38,    1,   43,  -65,  -48,   -5,  -53,   61, -102, -102, -107, -110,   76,  -48,  -23,   57,   -7,   82,   26,   39,  -87,  -13,  101,],
[   52, -113,   52,   14,   57,   83,  -15,   74,   77,  -41,  -14,   66,  -35,   -4,  -48,   91, -114,  -34,   98,   -4,   56,  113,  -70, -117,  -49,   13,   84,  -36,   21,  -49,    7,   70,  -10,  -50,  -44, -104,   83,   30,  -86,  -93,  -95,   21,   62,   26,  -71,   72,   -5,  113,   32,   68,   62,    2,  -84,  106,  -32,   39,  -33,  116,  -85,    3,   64, -110,  -36,  -76,   38,  -99,  -68,   35,  -85,   83,  118,   44,  -66, -101,   44,  -40,   23,   61, -121,   89,  -16, -107,  -82, -118,  -41,   48,  -28,   39,  109,   70,   73,  112,  121, -103,  -24,   -9,],
[ -114,  -94,   24,  -50,  -71,    7,   96,  -53,  118,   93,  -34,   25,  -44,  -98,  -41,  -41,   24,   84,    7,  -17,   59,  115,   63,  -20, -104,   83,   -3,   -5,   39,   67,  124,  -49,   17,  -71,  106,   49, -118, -123,   81,   94,   49, -122,   77,  114,   99,  -27,  -87,   38,   69,  -70,   -8,    4,  114,  -99,  -60,  -47,   21,   33,  106,  -11,   74,   37,  -65,  115,   42,  122,   12,  -37,  -60,  -46, -124,  -70,  114,   -6,  -56,  -16,   81,  -58, -114,  124,   63,  -72,    8,   19,   47,   77,   27,   40,   48,  -15, -114,  -89,  124, -113,  -78,   21,],
[  109,  -80,  -79,   81,   38,   42, -112,   46,  -47,  -45,   -7,   23,   66,   42,  -12,    3,  102,  119,   21,  -32,   60,  -37,  -57,  -70,   79,   57,   60,  -45,  -20, -122,   43,   91,    5,   97,  -27,   19,    6, -125,   98,   -1,   -1,  102,  -32,  101,  115,  -76,  -99,  -32,  -80,  -38,  -41,   38,  123,   89,  -95,  -54,  -17,  -86,  -93,  -80,   98,  -55,   91,  102,   53,  -53, -119,   25,   83,    8,  -63,  107,   69,   62,   87,  -49,  -74,   62,   37,  -81,  -83,   -7,   92, -105,  -26,   14,   92,   17,  -92,   42,   69,  113,   62,  -50,  -55,   77,],
[   88,   99,  -40,  -47, -111,  -99,   74,   41, -122,  -97, -115,   65,  122,   90, -127, -125,    3,  -90, -118,  -33, -112,  123,    0,  -63,   30,  -39,    1,  -66,   -6,  -59,   85,  -95,  -30,   87,  -27,  -94,  -32,   96,  -14,  102,  -71, -125,   11,   32,   65,  -44,   -5,  105,  114,  106,   33,   32,  -94,  -39,  -17, -123,  -96,   15,   11,   55,  -92, -109,   54,  -22,  -35, -115, -101,  106,  -10,  -91, -121,   73,  113,   30,  -77,   74,  -88,   45,  -73,  -28,   82,    8,  -73,  118,  -33, -104,  -28,   -2,    7,  -37,  -17,  119,  -27,  -42,   -3,  -89,],
[  108,  -96,   61, -126,   32,   -8,  -81,  -18,   86,   92,   61, -108,   99,  -95,   50,  -16,   17,  119,  -69,  115,  -96,  -32,  -17,  -59,   73,    4,   18,   13,   -3,  -26, -112,   80,  -52,  -24,  100,   55,  -58,  -99,  -24,  109,  -87,  -32,   57,  -55,   63,  -95,   62,    2,   54,  -22,  -13,  -94,  -39,   18,  123,  110,  -12, -118,  -79,    3,   69,   80,  -80,  -43,  -49,  -15,    5,  -47,  -28, -110, -121,  -45,   68,    6, -112,   48,   31,   87,    8,    6,   97,   74,  126,    7,   19,   70,   73,    2,  -84,  -92,   96,   90,  -84,  -36,  117,   31,],
[   96, -127,  -24, -114,   19, -118,  -70,  -91, -104,  -32,    3,    5,    0,  -89,   19,   94,   73,   57,  -45, -101,  113,  -51,  -14,    3,  -82,  -62, -115,   10,   60,    7,   77, -115, -125, -107,  -78,   39,  126,  -15, -121,   99,   46,  -69,  -86,   -3,  117,  -85,  -69,  103,  -67,   16,   64,  -45,  -84,   47,  -22,  -21,   80,   10,   -4,    5, -109,    8,    1,   -9,   82,  -29,  -35,   72,  110,  -18,  -53,    1,   39,   26,  119,   69,   44,   53,   51,  -10,   37,   96,  109,   24,   24,   44,  120,   43,  126,  -34,   73,  -76,  106,  -50,   49,   45,],
[    2,  -40,   59,   27,  -65,   90,   60,  -18,   60,  -72,   50,    2,  -24,  -48, -120,  -42,   -1,  -13,   87,   79,  -99,  -67,  -65,  -81,  -65,   83,  -23,  119,   18,  126,  -45,   -9,   92, -103,   -9,  -68,  105,  -51,  -24,   16,   64,    8,   -5,   81, -123,   61, -100,   74,  -30,  -53,   86,  -47,  -66,   19,  -71,   87,  -81,  -70,  -86,   39,  114,  119,   57, -107,   69,    5, -108,   68,  121,   16,  -76,  -59, -102,  -73,   76,   71,   -8,  121,  -84,   16,   -1,  -96,   24,  -13, -106,   22,   55,  125,    4, -102,  -81, -107, -117,  -47, -120,  -65,],
[  -73,   48,  109,  -62,   21,   42,   94,   98,   76,  -89,  -12,  112,   77,  -76,  -53,  -38, -101,  -28,  -92,   -2,   87,  -26,  -29,  -12,    9,  -79,  -11,   11,  -11,  -40,   66,   37,  -59,  104,  -76,   59,   -3,   86,  124,  -74,  111,  117,  -98,  -46,  -88,  -39,  -26,   85, -105,  -63,   89,  -75,  -54,   92,  -66,    6,   38,   -7,  -46,   73,   96,   20,  -67,  110, -100,   50,  116,   48, -123,   10,   -4,    6,  -76,  -14,  -55,  -22,   70,   11,  -66,   37,  105,   24,  -19,  -43,  -45, -120,   35,  -12,   87,   32,  113,    8, -108,  -61,  -86,   59,],
[   -2,   76,   16,   23, -100,  -16,   34,   16,  101,  -84,  -51,   45,   -7,  -91,  113,  101,   33,    3,  -17,   15,  106,   50,   67,   -7,  -79,   13,  -41,  121,  114,   92,   17,  -92,   69,   43,  -62,  -34,   73,  -17,   14,   11,  -29,  101,   93,    7,   47,   56,  115,  -86,  -26,  -46,   69, -114,   35,   92,  -88,   69,   97,  -31,  -30,   69,  114, -115,   80,   56,  102,  125,  -99,  110,  -87,  -94,   52,  -92,  -89,   25,    0,   93,  -20, -112, -114,    0,  -10, -112,  -81,  -10,  -88,  -67,   51,    4,   45,  -14,   69, -115,  -93,  -69,  -97,    0,],
[  108,   39,   11,   37,  114,  -35,   98,    2,   66,   -5,   23,   13,  -52,   46,  102,  106,  -86,   -2,  -61,  -31,   58,  -58,  -98,   88,  -15,   80, -114,  -22,  -82, -121,   15,   -5,   -6,   71,   80,   90,  116,  -82,   62,  -63,  -35,   -9,  -38,  107,    3,   76,   -9,  -28,  112,   20,  -16,   99,  -76,   31,   -6,  -39,   35,   66,  -95,  109,  -44,   70,    7,   34,   74,   50, -122,  -37,   19,  -40,   70,  121,   58,  -81,   92,   69,  -35,   95,   21,   98,  -49,    6,  124, -122,    9,   42,  -78, -102,  -47,   72,  -69,  -98,  108, -122,  -58,   99,],
[   48,  -11,   32,  -16,  -49,   88,   79,  -73,  -79,    0, -125,  -34,  -65,   15,  108,  -47,  104,   60, -122,  -51,   65,  125,    8,  -90,  -98,   25,  112,   -1,  -25,   15,  101,  -88,   24,   85,  104,  -40,  -67,  -29, -121,    0,  -76,  126, -110,  117,   37,  -64,   -2, -107,  112,  -41, -123,  -77, -127,  106, -108,  125,  -55,   37,  -82, -119,  -52,   94,  -45,   81,    5,   81, -126,   73,   12,  -27,  -12,  -44,  -51,  -14,  -96,  -66,  -94, -117,   41, -120,  -73,  -79,  -56,   43, -127,   -7,  -56,   26,   39, -109,   56,   44,  -67,  -86,   87,  -76,],
[ -111,  -98,  103,  115, -127,    2,  -13,   39, -101,   97,   30,  -26,  100,  -60,   31,   -1,   37,  -36,  116,   33,   19,  -21,  -17,  -17,  -91,   67,  -84,  -46,  112,  -30,   17,   34,  112,   41,  -21,  124,  124, -106,  -70,  -24,   89,    7,   85, -110,  -83,  116,  -20,  -58,   56,   32,   10,  118,  -93,   56,   42,  -26,   71,   75,   -2,  -37,   55,   43,  122,  100,  109, -104,   56, -124,  114,   55,  -42,  125,  -40,   86,  101,   94,  -36,   94,  116,   34,    8,    0,  -33, -122,   50,   16,  -14,  -31,   44,  124,  124,   33,  122,  -27,   97,   56,],
[  -21,  -57,  -48,  -95,  113,  -79,  -82,  -60,    0,  123,   72,   97,  -30,   -3,  115,  -51,  -61,   53,  -94,  -92,   91,  -36, -102,  -71,    9,  -35,  -55,  116,  -72,  -91,  -20,  -41,  -26,  -51, -112,   99,   31, -121,    0, -110,  -44,  -40,   78,  -90,  -50, -126,  124,  124,  -78,   47,  -38,   26,  -49,  -68,  -54,   64,   41,   45,   98,   29, -118,   59,   29,  113,  -16,   -9,   40,   79,  -69,   -8,  -32,   53,  107,    9,   32,   52,  -61,  -39,  123,   91,   51,   26,  -26,   45,  -39, -119,    5,   66,  -12,  100, -100,   93,  -96,   44,   75,   46,],
[   53,  -54,  -91,  102, -100,  -10,  -68,  117,   -8,  -31,  -66,    5,  125,  -92,   51, -115,   61,  -43,  124, -106,  -37,  -44,  -92,  126,  102,   49,   36,  110,   67,   55,   37,   45,   -8,    4,  -24,  -98,  -82,  -82,  -37,   13,  -60,  109,    1,   17,   80,   61,   65,   47,  -32,  123,  -85, -120,   79,  100,   90,  -80,   19,  123,   -2,  127,   82,  -45,   52,    7, -107, -102,  -83,  102,   -8,    6,   89,   53,  -81,  110,   26,   66,  -87,  -73, -104,   85,  -61,  -35,   90,   47,   71,  -71,  -81, -119,  -86,  -29, -120,   59,   70,   45,   86,   75,],
[  126,  -70,    5,  -91,   25,   24,  -83,   26,   51,   98, -111,    0, -116,   92,    4,   10,   36, -124,   71,  -82,  -18,   14, -123,  -76,  -16,  -65,  -11,  -63,   47,  -83,  -60,    2,  -66,  -55,   92,   58,  -57,  -70,  -92,   99,   97,   -5,   72,  -91, -108,  -82,   40,  -45,   92,   50, -119,  -97, -122,  -47, -106,  -46,   65,   31,   83,  -85,  -76,  -15, -115,  -84,  121,  101,  -11,  123,  -48,   -7,  100,   44,  -29,  -92,  118,    9,   -9,  -23,    0,   43,   89,   97,   15,   21,  105,  -84,  117,   -4,   19,  -53, -122, -118, -105,  -49,   25,   63,],
[  106,   98,  106,  -71, -103, -104,  -21,   13,  121,    1,  -84,  -10,    0,   -2,  -33, -122,  -93,   65,   31,   27,    9,  126,    9,  -58,  116,  -63,   74,  103,  -81,  -43,  -89,   45,  -28,  -49,  -83,   57,  -94, -108, -114,   18,  125,  -18,  -44,  -78,   20,   24,  -13,   81,  -40,  -68,  -40,  -75,  112,   97,   22,  -71, -121,  -71,   53,   67,  109,  -53,   80,  -34,   83,  -15,   10,  -69,    0,   33,   -5,  -61,  -33,   -2,  -82,   -5,  -82,   25,   61,  -17,   49,  -13,  -79,   93,  -63,  -92,  -75,  -41,   11,  -93,   52,   22,   89,  -82,    3,   48,],
[   57,   69,  -93,  117,  -30,   45,  -72,   29,  -86,  124,   82,    5,  -29,   28,   26,  -68,  123,  -63,  121, -122,   53,  -47,   87,   26,  -43,   38, -118,  -47,   19,   53,    8,  125,  -79,    0,  115, -105,   13,   91,   34,   21,  126,  -20,  -78,  125,   96,  -13,   62, -116,  -97,   54,  -43, -101,   31,   39,  -58,  115,  -47,   34,   85,   95,  -45,   79,   -2,   19,  112,   17,   76,   72,   97, -121,  -17, -102, -108, -119,   21,    7,  103,   40,   52,  -85,   27,   28,  -58,  126,  106,  -97,   36,  -50,    6,  -82, -119,   30,  105,  -95,  -36,  -68,],
[  -64,   29,   89,   38,  -45,   71,  -84,   18,  -66,  -57,  -99,  -62,  -42,   -1,   96,  -35, -121,  116,  -95,   12, -106,  -22,  -21,   11,   16,   25,  115,  105,  -66,   11,  -12,   54,    4,    0,   30,   72,  -15,  -26,  -64,   91,  101,   82,  -62,   65,  -95,  -15,   -3,   94,   18,   -8, -107,   23,  -65,  111,  108,    4,   36,  107,  -72, -112,   81,   35,  -20,   59,  -73,  -47,  116,   61,  -31,  106,  105,   74,   10,   11,  -42, -109,   83,  -78,  -96,   98, -125, -102,   42,  105,   23,  -48,   81,   12,   16,   99,   84,   93,  -68,   54,   68,  121,],
[  -19,  -35, -114, -115,   99,   14,  -69,  -83,   70, -112,    0,  -69,   18,  -86,   51, -108,   57,    1,   60,   70,  -25,  -28, -101,  -19,   56,  121,   28,   15,  -83,   76,  -44, -103,   81,   41,  119,   54,  -53,   70,  -92,  -53,  -54,  -77,   65,  -74,   24,   -2,  124,   26,  -85,   17,    5,  105, -109,   60,  -91,  -24,   27,   92,  -67,   97,  110,  -92,   76,   58,   38,  -13,   18,   47, -120,  -63,  -21,  -30,   96,    0,  -13,   -6,  -68, -122, -108, -114,  105,   99, -111, -124, -108,  -94,   32,   56,  -52,  -12,   59, -125,   95,  -78,  -78,  117,],
[   71,   48,   25,  -25,  -95,   97,   44,  -89,  -23,   59,  -59,  -12,  103,   87,  113, -124, -102,   71,   71,   66,   -4, -108, -107,   13,   -6,  -32,  115,   30,   -9,  -89,  104,   90,   39, -114,   31,  -59,  -77,  -61,  -34,   72,  -35,  -34,  -64, -120,  -96,   57,  -35, -119,  125,   72,  104,   72,  117,   76,  103,   19,  106,   -9,   26,  -45,  -58,  -24,   36,  112,  -46,  114, -113,   40,  -12,   60,  -50,  -21,  -49,  -99,  -58,   20, -127,   48,  125,  -96,  105,  -90, -120,  -82,   67,   57,   79,  -20,   -8,  -54,   61,  -70,  118, -108,  118,  -72,],
[  107,  121,  -85,  103,   52,  -39,   34,  -81,  103,  100,   14,  108,  -64,  118,  -53,  -58,  -51,   92,   23, -119,  -66,    5,  -34,   48, -102,   30,  -64,  102,  -57,    1,  -58,  -87,   45,  122,   14,  -47,  -41,   93,   88,  -88,  -25,   86,   42,  -35,  -89,   -2,  -99,  110,   49,   26,   91,  -29,   89,   16,    0,  114,  -35,  117,  -33,   94, -113,  -67,   84,  -77,  106,    0,  -85,   44,  -35,   68,   69,  -26,  -89,  -49,    3,   44,  -99,  -15,   29, -123,   51,  -53,  115,  -65,  -97,  -14,  116,  -67,  -25, -124,   48,  -92,  -64,   16,  -73,   63,],
[   16,  -45,  -51,   56,   91,  -59, -105,  110,   25,  -31,  -40,   23,   28,  -77,   79,  109, -116, -113,   86, -103,   49,  124,   85, -111,  116,  -68,  -97,  -80,   98,  119,  -33,   43,   31,  -17, -107,   43,    0,  -54,  -45,   61,  -58,  -39,  -62,  -46,   57,  -35,   15, -124,   10,  -64,  -45,  -30,  -54,   54, -108,  -23,   89,  -59,  113,  -12, -107,  -87,   20,  -47,   53,   10,    0,  -74, -110,   -8,   88,  -53,  -49,   58,   51, -119,   32,   67, -112,   29, -109,  -17,   16,    7,  -68,  -32,  124,   55,    5,  125,  -61,  -39, -110, -107,  117,    0,],
[    3, -112,   94,  125,  110,  -83,   91,    4,  -18,   63,  115,  -29,   21,  -18,   95,    4,   41,  103, -117,  -23,  -15,  115,   46,  101,   -5,  124, -119,  -65,   39,   96,   -6,    0,   85,  -87,  -35,  -95,   12,   -5,  106,   79,  115,   91,   34,   -5,  117,   33,   95,  124,   97,  -88,   29,  -28,  107,   32,   35,  -44,   90, -111,   16,   -1,  -66,  -22,  -13,   17, -113,  -80,  124,   57,   -7,  -80,  106,    9,   73,  -69,   58,  104,   51,  -41,   75,   67,  -21,  107,  -14,   75,  -60,   79,   45,  -32,  -42,  -60,   -3,  -21,  -41,  -55, -121,  106,],
[   43,  -68, -103,   82,  -36,  -47, -103, -119,  111,   65,   11,  -75,   93,  -62,  -73,   12, -114,   35,   18,  -23,   48,  -96,  -10,   88,   60,   85,   75,   74, -118,  -54,   55,  -67,   60,   26,  -27,  -11,  -14,   24,   13,  -99,   -1,   10,   61,  104, -107,   76, -113,    2,  -87,   -8,  -36,    1,  119,  107,    0, -120,  -13,   58,   81,  -32, -121,  -10,  -39,  -80,  111,   79,  -21,  -96, -110,   -4,   51,   10,   43,  -24,  -46,  125,   24,   24, -105,   74,   51,  -52, -121,   77,  124,   66,  -91,   50,  -10,   35,  -69,   99,   22,    9,  -99,  -28,],
[ -123, -103, -115,   74,  -85,  -88,  -46, -113,  -69,  102,  -95,  -22,   59,    0,  -21,    0,   61,  -71,  -96,    1,  -71,  -19,   21,   15,  -36,  120, -115, -123, -105,  123,   12,  -16,   91,  -19, -121,  -30,   65,    1, -122,  -32,   17,   73,  -35,   28,  -22,   23,   -3,   55,  -20,   16,   15,   71,   64,  107,   91,   81,   80,   88,   36,  -17, -124,  121, -123,  101,   99,   -7,  106,   80,  116,  -93,  -58,  -82,   38,   12, -115,   -9,   40,  -89,   26,   -5,    0,  -38,   18,   67,  -68,  118,   88,   35,   26, -101,  -75,   66,  -21,  107,  -65,   74,],
[   41,  -95,  -93,  113,  122,  -29,  -33,   28, -117,  -30,   18,  -40,   18,   51,  101,   82,  -48,  -39,   64,   15,  111,  126,   70,  -91, -107,  -49,  -52, -105,  117,  -17,  -53,   32,   79,    5,  -14,  -99,   33,  -51,  119,  -54,  -22,  -73,  -91,   21,   92,  117,  -37,  -75,  -53, -122, -120,   63,   51,  -85,   56,  -13,   55,   61,  -49,   -1,  -30,  -37,   15,  -34,   17,   -8,  -12,  -94,  -50,   38,   12,   76,    3,  -82,   86,  122,  -45,  -33,   78, -102,  121,   19,   48,   92,  122,  -34,   21,  -98, -115,  -29,  121,    3,   11,  -66,  -52,  117,],
[   67,    9, -101,  -55, -127,  106,  -13,   50,  -81,   34,   14,  -52,   90, -101,  107,  108,   -7,  -23,  -40,  107,  -50,  -80,   33,   48,  -68,  122,  -32,  -93,  -32,  -34,   25,  -52,   79,   -4,   49,   79,   79,  -51,   90,    0,   97,   39,   15,   73,  110,   14,   52,   15,    2,   41,  -11,  102,   82,  112,  116,  -85, -126,  -16,  112,  -39,  104,  -71,  102,  -61,  -72,   80,  -39,  108,  -25,  -68,   70,  -74,   32, -119,  112,  -92,   35,   80,    7,  -32,  -30,  -82,  -41,   64,  -64,   39,    1, -120,   52,  -18,  -18,   21,  -60, -122,   -5,  -78,],
[ -102,  -70,   14,   78, -113,   91,   22,  -56,   15,   74,   34, -116,   37,   52, -106,  -78, -126, -120,  -92,  100,  105, -106,   17,   59,  -66,  -46,   -9,   65,   45,   52,   -8,  105,   40,   38,   34,   28,  -92,    7,  127,   37,  102,  -89,  110,   36,  -72,   69,  110,  -48,   97,    0,   90,   53,   56,  -76,   71,   44,   38,  -76,   -2,   61,  114,  104,   83,   48,   45,  -68,   65,  119,  -98,  -43,   14,   51,   -9,   18,  117,   11,   56,  -59,  113,    0, -107,   26,  -46, -114,  -80,  -77, -102,   62,   10,  -28,   82,   99,   -5,    2,  -35,   71,],
[ -116,   87,  -19,  -13, -118, -112,  -86,  -48,   42,  -72,   47,  -44,   26,   46,  -36,  124,  -50, -116,   56,  -62,  106,   -5,  -34,   75,   30,  104, -105,    3,  -55,   24,  -66,  102,   65,   14,    0,  -95, -113,   61,   17,   81, -126,   -5,  -19,   13,  107,   51,  -62,  121,   83,   75,   21,   28, -103,  -83,   60,   36,  -81, -127,  -56,  -26,  116,  119,  116,   60,   94,   46,  -83, -121,  -22,   24,  -42,    5, -105,   -9,  -41,   58,  -51,   63,   15,   35,    4,  125,   70,   94,    6,   32,   53,   19,  -92,   37,   60,  -51,  -84,   40,   89,  -13,],
[   15,  -68,   -1,   36,  114,   23,  -22,   49, -102,  127,  -17,  -38,   -3,  -13, -122,  -98,  -42,    6,    2,  -60,   21,  101,   36,   92,   -8,    5,  -97,  -14,   58,  -25,   26,   41, -105,  117,  -39,  111, -106,  -27,   16,   19,   85,   32,   13,   96,   79,   43,  -60, -123,  -37,   -2,   88,    0,   62,  -60,   58,   54,  -63,    7,  116,    5,   -3,  -84,   65,  118,  -46,   80,  118,  -40,   90,  -26,  104,   98,   40, -101,  -30,  -71,  -79,   -7,  -68,  -19,  -72,  -73,   47,   62,   21,   63,    0,   85,  -83,   75,   26,  -82,  109,  -91,  -83,  -20,],
[   49,  122,  103,  -60,   94,  -72,  -26,   75,   13,  110,  -10,  -53,  -91,   38,  -70,   98,  -83,  -69,  -59,   32,  -60,   14,  -39,   98,    0,   40,  -59, -112,   28,  -72, -106,   16,   66,   88,   24,   19,  -40,   47,   88,  116,   22,  -53,   43,  114,  -56,   54,  -31,  103,   17,  -54,   50,   66, -116,  -96,   -2,  127,   24,   47, -127,  -62,  -80,    4,   10,  100,  -90, -121,  -53, -100,   22,   87,  100,   -4,  107,   29,  -72,    4,   78,  -28,   45,  120,  -44,  -33,   99,  -74,   73,  -98,    0,   70,  106,  -90,   52,  -42,  107,   95,  -13,   96,],
[ -103,  -35, -100,  -82,   -3,  116, -121,  120,  -51,    8,  -81,   77, -125,   32,  -14,   10,  124,  -86,   31,    8,  -21,  -22,  -54,  -54, -125,   13,   25,   85,  -92,   87, -113,  115,  -18,  -24,   -4,   15, -115,    4, -104,  117,   22,  -24,   -9, -110,   76,   23,  -36,    7,   41, -107, -122,  -71,   -2,   27,  -99, -109,    8,   27,   69,   64,   76,   52,   -9, -123,   16,  108,  -74,    0,   91,  -70,   68,  123,   55,  -48,   83, -112,  -91,  -87,  -19,  -42,   18,  -62,   13,   70,   35,    1,   19,  -92,   55,  -65,   38, -113,  -22,  -12,   25,  118,],
[ -125,  104,  110,   53,   22,    3, -112,    6,   57, -117,  -38,  125,   33,  115, -125,   80,    5,   10, -124,   32, -107,   37,   30,  120,  -27,  -94,    0,   52,  -96,   76,  -66,  -98,  -30,   17,   30,  -32, -124,    3,   91, -114,  -67,   29,  126,    4,  -18,  -58,  -49,  -54,  108,   -1, -111,  -76,   38,   72,    6,  127,  126,   34,  -16,   23,   36,   44,    6,  -51,   95,  -45,   24,   38, -126,   23,   90,  127,  124,   66, -122,   75,   79,   44,  -33, -112,   67,  -23,   51,  -28,  -64,   98,  -17,  -93, -120,   88,  -23,   25,   73,   57,  103,  -52,],
[  -57,  -42,    7,  -90,    8,   83, -101,   64,  -55,  108, -108,  112,  -96,  105,   22,  103,  -92,  -53,   64,   10,  101,   36,  -47,  -56,   32,   17,   58, -107,  -12,   83,  -77,  -39,  124,  117,  110,   -9,  -93,    4,    3,  -82, -117,  -57,   33,    6,  -42,  117,   48, -119,  -68,   93,  104,   -5,   48,  -11,   -2,   70,   -4,  -41, -122,   89,  -88,   16,   15,  -83,  121,   71,   40,  -87,   -6,   45,   80,  -96,  -60,   55,  124, -101,   -3,    5,   64,  -85,  -45,   17,   48,    0,  -46,  -10,  -96,  111,  105,  -24,   75,   47,  123,  -67,   -3,  120,],
[   82, -104,  -25,   66,  -54, -115,   23,  -28,   13,   86,  -49,   51,  -71,    3,  -79,   -7,   73,   17,  120,   93,   22,    1,   57, -113,   75,  -69,  -36,  -39,  -98,   99,  -44,   97,   50,  -17,   54,   66,  106, -106,  -56,   63,   23,   -6,   26,   76,  -58,   16,  -55, -106,   19,  -65,  119,  -52,  -34,   36,  -94,  101,   32, -127,  -24, -113,   90,   62,   67,   10,  -36, -119,   -9,   30,   73,  118,  -90,  -16,   44,  -84,   55,  -37,   -8, -121,  -94,  -97,   67,  -78,  -70,    1,   36,   41, -114,  -83,  125,   32,  113, -126,   14,   70,  -46, -119,],
[   43,  -37,  -26,   70,  -21, -112,  -47,  -85,  -83,   48,  -43,  -51,  -68,  123,   47,   40,  126,  -66,   41,  -89,  123,   16, -124, -104, -112,   57,  -42,  -37,   51,   41,   97,  -18, -110, -110, -107,  -94,  113, -126,  -68,   33,   19, -126,  126, -123, -106,  -74,  -66,  -68,    4,  -21, -126,   96,   12, -110,  105,   81,  -99,   33,  -53,  -69,   89,  -51,   40,   66,   29, -107,  -18, -113, -114,   32,  -73,  -11,  -17,   86, -111,  -30,   33,  -69,  112,   96,   45,   -5,  -35,  -57, -102,  -97,  116,  120,    2,  -22,   92,   59,   39,  -47,   54, -124,],
[  -17,    0,  -75,  101, -109,  117,  -25,   70,  106,   22,   73,  -71, -109,   68,  -61,   15,  -25,  103,  -89,  -16,  127,  -34,   56,   41,  -76,  -38,  -18,  -21,   95,   11,  115,   45,   66,  -87, -124,  -13,  -27,   72,   74,  -85,   70,  102,   53,   86,  -73,  -61, -118,   61,  -71,   96,  -89,  101,  -83,   50,  -97,  -11,   64,  -15,  -66,   85,   89,   10,  -98,   44,  -21,  -98,  -50,    0, -127,   19,   53,  -79,   91,   33,  -66,  126,  114,  -29,  -16,   87,   67,  -47,  125,   41,   46,  -78,  105,  -26,  -53,  102,  -32,   -6, -124,   20,   80,  105,],
[   84,  -93,  -35,  -54,    0,   12,  -42,  -35, -101,  -36,  -91,  110,   64, -122,   -7,   64,   60,  -38,  -98,   55,  -91,  -81,   50,   -2, -109,   41,  -62,  -45,  105,   39,   -9,   69,    1,  -73,  -43,    9,   14,   30,  -78,   47, -112,  -31,    3,  -37,  -76,   71, -127,  -45,  115,   86,  -38,    2,   75,   48,  105,   54,  108,  -31,   40,   80,  -89,  122,   93,   22,   12,   15,   47,  108,  -15,  -17,  -88,   27,   89,   52,  -57,  114,   -5,  120,  -68,  -25,   79,   85,  -41,  118,  -12,   -8,  -38,    2,   68,  -19,   46,   91,  120,  124,   31,   46,],
[  -87,   23,  -66,   25, -119,   91,  -19, -112,   49,   16,  -68,  -39,   90,   36,   53,   69,   80,  -96, -108,  -12,    8,   -3,  -90,   74,  -96,  102,  -55,  -44,   44,  -45,   55,  -45,  -92,  118,  -82,   47,   75,  118,   14,  116,  -23,  104, -126,  -85,  -84, -115,   79,  -78, -115,  -70,  104,   88, -117,  -15,   71,  113,  -99, -102,   71, -108,   42,  -35,  116,   71,   94,    9, -127,  -58,  -59, -116,  114,   37,  105,  -23, -112,   -2,  102,   46,   72,  -22,   52,   92,    0,  -11, -106,  -69, -114,  -47,  113, -112,   75,  109,  114,   49,  125,  -64,],
[  -44,  102, -111,  -20,  -99,  -93,   86,  120,  -76,  -10,   57,  -34,   19,  -72,  -79,  -96, -115,  119,  -27, -106,  -36,  125,  -92,   59,  -24, -119,   82,  -89,  -98,   28,   82,  111, -103,   90,   18,   40,   19,  118,  -48,   59,  -31,  -87,   36,   82,  -39, -105,   -8, -126,  120,   52,  116,   -3,   38, -113,   13,  121,  -23,  124,  -78,    3,   93,  -89,   74,   -4,  -41,  -22,   13,  121,   -5,   -6,   77,   53,   35,  -41,  -45,  -43,  115,  -19,  -33,  -78,  -21,  118,  -27,  -26,   88,    0,  -96,   78,  111, -104, -106,  -70,  119,   14,   23,    7,],
[   82,  -45,  -26,  -41,  -59,  -36,   20,   36,   67,   11,   30,   93,   53, -108,    2,   77,  118,  -43,  -59,    4,  107, -101,   17,  -12,   16,  -59,    3,   -3,  -52,  -55,   62,   39,  102, -116,  -40,  -81,  117,  127,  -63,   61,   33, -120,   53,  -42, -116,   30,   86,  -26,   63,   35,   -4, -127,  113,  -34,  104,   28,  121,   33,  -41,  118,  -43, -122,   32,  -20, -123,  -62,  -12,  106,   43, -127,   75,  -82,  -73,  -54,  -94,  -91,   -5,  -41,   37, -118, -122,  -22,  -55,    1,   20, -125, -120,  -16,  -16,    5,  -59,   68,   34,   43,  -11,   96,],
[  -69,   89,   38,  101,   29,   53,   -1,  -99,   22,    4,  -59,  -88,   32,   64, -109,   61,   35,  -22,   65,  -98, -104,   -6,   42, -110,  -46,    0,  -37, -127,   91,  -41,  -52,    0,   42,  112,   49,   -7,   25,  -87, -125,   41,  -24,   33,  -41,  -76,   45, -108,   29,   -7,    4,  -99,   84,  -21,   85,  -21,  -33,   28,   20,  -39,  125,  -66,   64,  -32,   13,   70, -114,  -36,   47,  115,    4,   32,   84,  102,  109,  -58,  104, -108,  112,   70,   21,  -76,   48,  -75,   73,  116,   63,  -73, -110,  -96,   67,   16,  -24, -124,  -86,   85,  120,  -95,],
[  -69,  -85, -110, -102,   94,   23,   73,  100,  127,   77,  -30, -113,   77,    0,   40,   90,  -56, -100,  -66,   58,   95,  119,    4,   41,    4,   93,   48,  -45, -120,  124,   36,   -6,   26,  -95,   38,   47,   61,  -62,   15,   39,   14,   75,    4,  -31,   63,  -92,  -39,   77,    1,  -15,   41,  -70,  -41,   -7,   79,  -73,   20,  -82,  -61,  -91,   99,  -44, -127,  -81,   49,  -67, -115,  103,   78, -113,  -85,  -81,   37, -119,  -24,   63,   91,   76, -124,  -21,  -85, -112,   90,  102,   98,  -56,  101,  -59,   73,  -85,  100,  106,   92, -110,   86, -102,],
[ -103,   51,  -63,  113,   87,   32,   -4,  -16,  -28,   13,   -2,   87,   77,  -52,   92, -121,   45, -119,   -9,  -87,   82,   36,   14,  -59, -112,  -77,  -79,   12,   41,  -90,  -60,   10, -122,  -14, -105,  -10,   56,   84,  -73,   89, -124,   16,   15,   76,  -38,  -82,  109,  -19, -121,   39,   -1,  -26,   17,    5,  109,  -95,  -17,   95,   31,  -20, -101,   54,  -62,  -57,  -62,  -98,   55, -110,  102,   62,  -23,  -48,  -41,    8,  -68,  -68,  -36,   51,   28,  -32,   80,  -23,   73,   -8,   33,   27,   -4,   58, -127,   -3,   -7,  -30, -100,   31,   32,   17,],
] 
y:
[[   51,   21,   37,  -34,  -17,  -86,  121,   51,  -58,  -98,   -3,  -69,   74,   87,   35,   30,  -74,   10,    3,   49,  -99,  -50, -115,  108,  124,   21,  -27,  -65,   42,   -6,    5,  -97,   81,  -19,   60,  104,  121,   30,  -92,  -41,   82,  -73,   35,  -40,  -82,  -52, -106,   90, -126,  123,   51,   94,   54,  -63,   72,    6,  -81,  -26,   95,  -52,  -35,   20,  -15,  -94,   49,  114,   46,   55,   68,   85,    0, -118,   20,  110,   87,   22,  -82,  125,  -31,   63, -110,  102,   57,  -64,  -73,   74,   48,  -44,   -3,  -24,   61,   74,  -25,  116,   60,   67,  127,   43,    6,   75,  -92,   67,   -6, -108,  -67, -105,   25,  -13,    4, -117,  -56,  -14,   93,  -84,  -52, -109,    2,  122,  -98, -104,  100,  -54,  -86,  -13,   16,   87,   22,   31,  124,  -44,   39, -103,    9, -105,  -40,  -80,   23,  -68,  -62,  100,    6,  -47,  -26, -114,  -13,  -25,   -6, -119,   17, -103,  -60,   11,   -7,  116,  -85,  119,   54,  -75,    6,   81,],
[ -124,  100,  -53, -110,   -9,  -77,  -72, -106,    3,   34,    3,  -43,  -96,   98,   47,   40,  122,  -25,  -87,  -50,   -9,  -87,  -84,   95,  105, -123,  -99,   -2,  -44,  -68,  -21,  -25, -117,    8,    5, -100,   14,   52, -112,  115,  121,  -60,  -28,  -85,   85, -120,  111,   76,  -77,   55, -104,    4,   93,   97,  -73,   62,   -6,   84,   54,  -85,  120,   82,   -2,  -23, -101,  -92,  -64,   21, -124,  -16,  -83,  109, -116,  -44,  -58,   68,   66,   70,   73,  125,  116,   24,   95,  -58,    6,  -78,   31,  -53, -119,  113,    0,   21,   75, -106,   78,  -40,  -40,  -41,  -66,  -42,   39,  -15,   53,   35,  100,  -64,   99,  -12,   28,  -42,  -71,   56,   44,    3,  107,  -88,  -52,   69,  118,  -97,   10,   35,   98,  -49,   14,  -34,  -60,  -85,   -3,  -10,   26,  -84,  -35,   -3,   38,  -87,  -62,   41,   73, -119,  -83,   42,   20,  112,  -30,  -87, -124,   53,   33,   -7,   37,   76,   12,  -21,   24,  -32,   24,   57,   29,   83,],
[  -35, -113,  -57,   95,   36,   16,   84, -113,    1,  108,   99,  -57,   92,  110, -125,   17,   55,  -11,   72,  110, -113,  -24,  111,  -36,  -77,   -2,   54,  -55,  -39,  109,  -12,  -74,   99,  -26, -113,   45,   18,   94,  -17,  -38,   16, -100,  113,  -21,   35, -126,   12,  127,   96, -121,   45,   79,   57,  -31,  108,   80,   60,  -51,  -87,    5,   91,   -7,  -74,   54,   19,  122, -106,   78,   86,   84,   -5,    7,  121,    4,   11,   42,   22,    2, -119, -106,  -83,  -71, -125,   76,   89,  -19,   15,  -92,  126,    0,  -73, -125,  -68, -110,   43,  -86, -120,   -1,  -43,  -15,   53,   23,  -41, -115,  -35,  -88,  -93,   49,  -29,   65,  -81,   43, -122,   29,  113,  -49,   64,  -51,  -95,  -55,   99,  116,   -5,   44,   54,  -88,  117,  -30,  -12,   99,  -96,  -68,   15,    2,   56,  -38,  118,  -60,    0,   37,   78,   72, -119,    9,  -23,   -4,  116,   58,   90,  121,   68,   40,  -13,   67,  106,  -30, -105,  -31, -119,   38,],
[   36,  -52,   33,  -49,   89,  -85,   43,   84,   20,   74,  -60,   34,  -79,  -38,  123,  -13,  110,  -41,   99,  105,  -89,   33,  -15,   36,   74,  -69,  -47,  125,  -54,   27,  -72,   54,   -6, -105,  -37,  -64,  -95,  -35, -105,   89,   33,  -26,  -25,  -65,    2,  113,   65,  -90,  -61,  -25,  110,   48,  -60,  -81,   -5,   22,  -98,  -28,  -43,  -50,   77,  109,  -87,   74,  113,   90,   40,  -98, -114,  -99,  -71,  -66,  -97,  124,  -69,    7,   78,   65,  -18,  -41,   49,  -97,   27,   88,  -32,  -63,   11,   81,   59,   -2,  -14,  -97,  -71,  -91,  -36, -110,  -99,   97,  -68,  -15,   93,   40,  -89,   81,  -91,  -89,  -25,    1,   55,   51,  110,   48, -106,  -89,   72,   36,   72,   49,   34,   31, -121,   -1,   -3,   48,  -66,  -55,  -86,  -75,   40,   51,   33,  -74,  102,  114,  -50,   90,  102,   58,  108,   39,   -6,  -22,    4,  -43,  -23,   98,  -83,  -47,   93, -112,   26,   65,  127,   23,  -93,   58,   37,   25,  -64,  -44,],
[  -41,   12,  -71,  -26, -107,  -89,  -12,   20,   42,   65,  -92,  -15,  108,  -64,  -51,  100,   58,  104,   87,   15,   24,  -91,   38,  113,   56,  -82,  -24,  110,   77, -118,  -88,    7, -124,   99,   64,  -17,  -14,   44,  -72,  -73,  -45,    0,   62,   74,   -8,   71,  -68,  -17,   48,   11,   47, -116, -114,  113,   78,  -30,  -33,  -29,   41,  -11,  -81,  -53,  -63,   93,  -94,  -27,  -57,   55, -102,   29,   13,  -16,  -38,  113,   67, -105,  -93,  -53,  -99,    2,   10,  -44,  113,  -23,  102,  -84,  117,  -67,   58, -115,   27,  -16,  -38,   66,  -62,  -34,   61,  118,  -69,  -97,  -60,   79,  -61,  -27,  -48,  -56,   21,   54,    9,   77,   19,   34,   30,    5,  -74,   65,  101,  -56,   84,  -92,  -90,  -67,  -53,  120,  120,   14,   60, -117,  120,   53,  -36,   -3,   61,   78,   -1,  -75,  -34,  113,  107,  123,  -34,    9, -102,  -54,  -34, -105,  -21,  -89,   99,  108,   -4,   50,   23,   56,   28,   29,  -56, -123, -107,  -36,],
[ -115,  119,  -57,  -97,  109,  -33,  -66,  -12,  -58,   15,   87,  -77,  111,  112, -123,  111,   78,  -68,   88,  -89,   84,   -8,  -40,  119,   28,    0,   77,  106,  -94,   54, -114,  -64,  -47,  -55,  -18,   77,  -47,   -3,  -41,  -78,   97,   -2,  -62,   36,  -97,  -84, -126,  124,   16,  -35,   27,   67,  -63, -122,  -87,   -2,  -39,  -54,  113,   94,  119,  -25,  -65,   31,   46,  -14, -102,  -58,  127,   94,  119,  -12,   31,  -47,  -21, -118,  -21,  -95,   18,  -43,  -39,   28,  -85,  118,   76,  -26,    9,   73, -117, -120,  117,  -14,  -50,   23, -106,   89,  -88,  -19,  -15,   64,  -90,  110,  -93,  -73, -117,  -46,  -21,   26,  -26,  -23,   18,   86,   -6,   82,  -42,  -76,  -80,  -97,  105,   83, -120,  -33,  -98, -103,   73,   -4,   92,  -58,  -39,  113,  -22,  107,   12,   82,   58,  -14,   69,    7,  -76,    0,  -66,   86,   54,   83,  -39,   16,  -61,  102,   63,  -13,   19, -116,  -67,  -80,    9,  -71,  -97, -125,   48,  -74,],
[  117,  -20,   91,  109,   15,  101,  113, -109, -122,   42, -114,  -29,  -74,  115,    9, -104,  117,   32,  113,  -16,   99,  -37,  -86,   94,   47, -110,  -86,  -74,  -96,   85,   11,  -14,   71,    2,  -20,  -26,  -91,  -68,  -43,    0,  -96,  -81,   25,   95,  -86,    1,  111,  106,  102,    3,   55,   45,   30, -123,   38,   45,  123,  -44,   78,  102,  -75,  -49,   59,   56,  -77,   17,   34,  108,  -36,  -92,   77,   23,  123,  -63,  -49, -119, -113,   -4,   35, -125,  -37,  -13,   67,  112, -117,   92,  -39,  -47,  -42,   -1,   25,   28,  -35,    8,  104,   65,   51,   46,  -42, -114,   91,  -95, -106,  -83,   26,  -61,    0,  109,  113, -106,   58, -104,   26,  -31,   28,    3,   91,  126,  -19,   28, -114,   80, -119,  -96,   49,   78, -109,  -67,   90,   39,   59,  -44,  -33,  112,  -59, -112,   20,   82,  -44,   17,  -12,  -70,   30,   84,    4,  119,   32,  -85,   89,  -58,  -28,  -39, -120,  -63,  114,  -77,  -30,   40,   18,   83,],
[  -43,    2,  -35,   59,  -65, -124,   73, -121,   29,   64,  -51,  114,   84, -119,   20,  -35, -112, -106,    7,  -95,  103,  -61, -105,   74,   65,  127,    1,   15,  -73,   83,   22,  -92,  101,   -5, -100,  -68,  -22, -117,  -24,   80,   -5,   25,   66,    4,  102,  -33,  -72,  -51,  -52,  -41,  -33, -104,    0,   61,  -72,   40,  -51,  -13,  -70,   99, -112,  -57,   38,   72,  -25,    9,  -74,  -59,  101,  105,   62,  -96, -110,   32,  -26,   53, -107,  -51,   -4,   57,  -32, -115, -114,  -68,   53,   53,  -48,   37,   92,   60,   -6,  -39,  102,   50,   34,   79,   77,   88,   59,  -67,  -50,  -70,   66,   37,  -39,  -47,   64,  105,  102,  -98,  -82,  -84, -117,   63,   84,  -81,  -80,  100,  -62,  -20,  -79,  -78,  -10,   19,   73,   -5,   66,  -64,  -94,  -49,   23, -125,   92,  -45,   65, -123,   99,   95,   49,  126,  117,  -43,  -17,   42,   36,   49,  -57,   13,  -76,   58,   71,  -99,  -87,  -29,  -70,   40,   97,  -65,   21, -101,],
[   10,   10, -116,  -19,  -36,   64,  -32,   95,  -41,  -75,  -14,  -57,  -10,   44,  -67,   48, -102,  -38,   85,  104, -101,   95,  -15,   84,  -70,   24,   44,  -86,  110,  -43, -126,   89,   65,   95,   53,   76,  -74,   69,   31,   71,  121,   -8,   19,   20,  -75,   22,  107,  -78,  -11,  110,   70,   76,  -41,  -76,  -86,   34,  -14,  -48, -121,  -94,  -56,  -52,   74,  -23,   24,   91, -123,  101,  103,  -32,   81,  -51,   32, -125,   -2,  -89,   23,  -68,  -92,   26,  -44,  -44,   56,  -70,  114,   81,   50,   17,  -11,   65,   97, -112,  -32,  106, -123,  -77,  124,   68,  -57,  120, -123,   68,   38,  -11,  -67,  -24,  -14,  -65,   23,    1,  108,  -50,  -19,   48,   34,   47,   15, -121,   36,   34,    0,  -35,   38,  110,   62,  -82,   34, -105,  -17, -104,  -99,  -69,   63,   94,  -94,  -65,   91,  115, -119, -112,   74,    1,   31,   41, -111,  -39,   82,   29,  -24,  -34,  -14,  -47,  -23,   74, -101,   45, -126,  -50,  104,  110,],
[   13,   11, -127,  -34,  -37,  -46,  -92,   31, -102,  -87,  -77,   70,   93, -116,  112,  127,   38,   97,  111,  -17,  -50,   22,  -27,   15,   28,  103,  -35,   53,  -28,   56,  119, -122, -119, -117,   71,    7,  -73,   -3,   97, -124,  -76,   68,   57,    8, -109,   46,  108, -100,  -85, -109,  121, -120,  -83,   41,   31,  -59,   32,  -52,   96,  -25,  -75, -110,  -56,  -87,  -83,  -66, -103,  -42,   73,  -13,  102,   84,   -7,  -73,   60,  113,   72,  -86,  117,  -60,  -72,  110,  -60,  -62,    5,  -58,   25,  -42, -111,   72,  -16,   29,   92,  -67,  -87, -107,   94, -127,   -6,  -31,  -97,    1, -102,  109,  -45,  -81,   52, -104,  113,  120,  -56,  -77,  124,   46,    1,  114,  -13,  -42,  -90, -101,   36,  -28,  -76,  -89,   89,   77,  -61,    3, -105,  105,  -59,  -72,  -32,   42,   58,  -92,   67,   14,  -14,    8, -103,   77,  120,  -99,   62,   66,   54,   97,   38,  121,  -18,  103,  -89,   94,  -89,   79,  -58,   17,   21,  -92,],
[  106,  -60,   44,  -31,   73,  -83,   91,   71,   98,  -16,  -97,  -57,  -26, -110,  -14,   45,  -35,  -42,  -62,   83,  107, -121,  117,    4,   -1,  -83,   29,   84,   82,   15,  118,   29,    3, -104,   58,   90,   50,  124,  -20,   29,  -30,   41,   59,  -46, -109,  -22,  120,    8,   81,   73,  -37, -126,   35,   18, -110,   51,  -87, -126,   69,  113,  -59,    7, -104,   17,   37,  -95,   81,   28,    7,  -59,   51,  100,   11,  -61,  -97,  -99,  -12,   47,   38,  -54,  -88,  -74,   15,  -94,  -56,  -30,  121,   46,  -71,   67,  -94,  -42,   -1,  110,    0,   22,  -85,   86,  -83, -107,  -48,  108,   76,  -47,  -65,    3,   -4,   21,  -10,  116,  112, -122, -118,  -19,   71,   94,  -20,   -9,  -78,  -88,  -33,   16, -111,   44,  122,  -13, -113,   61,    9,  -29,   96,  -84,   42,   12,   45,   18,  -10,   99,   90,   32,   29,    3,   34,  -55,  -74,   -6,   64,   88,   58,    9,   31,  -54,  -35,   65,  -58, -109,   68,   -4,   -3, -115,],
[  -55,   46,   84,   64,  -52,   -4,  -91,  -51,   67, -104,   26,   27,    4,   94,   96,   23,    3, -101, -112,  -84,  115, -119,  123,   54,   19,  -27,  -48,   38, -122,   41,   89,    6,   15,   85,  -51,   40, -124,  -57,  -39,  -96,   79, -115,  117,  -38,  -31,   65,  -92,  106,   97,   77,  -88,  107,  115,  -97,   86,    6,  116,  -61, -111,  -12,    0,  -50, -117,  -95, -106,   45,  101,   51,  -73,  -79,  -58,  -94,  -39,  -28,  124,   42,  127, -100,  -61,  -71,  -42,  -66,  -51,   34,   42,  -83,   27,  -51, -114,   90,  -57, -121,   11,  123,   82,  -51,   49,  -61, -113,   39,  -27,   55,   67,   96,  -67,  122, -105,  -48,  -61, -100,  105,  109,    2,   90,   30,   84,   36,   73, -117, -109, -121,  -29, -121,   96, -106,  -10,  -57,  -13,   75,   93,   21,  -60,  -92, -114,   -3,   95,  106,   98, -121,   10,  -88,  -94, -103,  -21,   27,   66, -110,   -6, -125,  -59,  -64,   91, -101,   77,   61,   -8,   43,   62,   89,  -14,],
[  104,  121,   26,  -64,  -95,   34,  121,  -97,  -22,  103,  -28,   11,   67,   73,   46,   16,  114,   78,   -9,    8,    0,  -87,   43,  -97,   32,  -65,  -82,   62,  -24, -119,  -49,  -95,   35,   75, -103,  -53,   34,   23, -107, -108,  -33,   13,   32,    2,   64,  -29,  -35,  -81,  109, -111,  117,  -22,  110,   54,   22,  -47,    2,   24,  118,  -98,    6,   69,   74,  -46,  -82,   65,  101, -116,    7,   73, -120,  -83,    1, -112, -126, -110,  -28,   -5,   50, -108,   12,  -44,    9,    1,  -73,  100,  -93,  -37,   72,  113, -117,   -9,   86, -103,   65,   76,   86,    1,  -89,   33,   69,   78,  -34,  -48,  -95,  -30,  -84,  -38,   10,  -45, -113, -126,  -27, -104,   11,   41,  -35,  -29,   76,   31, -114, -105,   56,  -94,   63,   99, -125,  -50,   -3,  -24,  100,   33,  -22,  114,   -2,   90,  -86,  -81, -106,  -19,   38,  101,   49,  -73,  -88,   23,  -87,  -75,   -5,   28,   98,  118,    9, -108,  -93,  -15,   66,   58,  -71, -110,],
[   30, -117,  -11, -100,  -99,  -71,   37,   34,   27,   91,   18,   89,  -58,  -28,   43,  -27, -100,   66,  -22,  112,   66,   48, -113,   50,    7,   38,  -55,   43,   -9,  -20,   98,  -58,   77,   56,   14,   23,   28,  -33,  -23,  -10, -113,    1,  -57,  -93,   12,   59,  -23,   58,   33,  -61,   45,  -99,   -3,  118,  -43,  -98,  -19,   68,   -2,   19, -114,   -1,  -42,   19,  -76,  -11,   56,   19,   60,  -39,   55,   27,  -75,  -12,   54,  -57,   54,   11,   46,   87,   44,  123,   40,  -10, -114,  127, -115,   -4,   55,   31,  -18,   97,  -49,   51,  -60, -103, -104,   -2,   87, -121,  109,   83,  -43,  -49,  -39,  -64,  -71,   59, -105,  -80, -105,  -37,  -49, -125,  -23,   47,  112, -108,  105,    5,  124,   30,   31,   71, -101,   -3,  -75,  111,  -45,   74,  -90,   96,   51,  -77,   97,  -55,  -38,   41,   -1,  -20, -100,  -69, -105,   88,  -81,   45,  -39,  114,  -76,  -75,  114,  -21,  -24,  -33,  -20,  -20,  106,   12,    7,   38,],
[  -40,    5,  -74, -122,   47,   19,   80,   54,   50,  -87, -111,  -66,  -56,   -8,   -6,  -37,   12, -125,  -75,  -29, -124, -102,   11,  -40,  -64,  -69, -116,  -14,   75,  -57,  115,   70,   51, -107,  -13,  -40, -108,  -54,  113,  -67,  115,  117,  -47,   14,   56,  104,   99,  -25,  -67,  -59,   20, -100,  -93,  -75,  -18,  -17,   99,   65, -118,  114,  103,   75, -120,   78, -122, -104,   31,  -83,   51,   98,  105,   -6,  -60,  119,   -9,  -78,  -95,   70,  -50,  120,   50,  110,  -28,  -80,  107,  -83,  -86,   73,   68,  -72,   75,   -4,   -1,  -16,   46,   54,   14,  -29,  -42,  -45,  -15,  -95,   53, -123,  -24,   83,   19,  118,  -50,    4,   15,    3,  -15,   46,  109,  -85,   78,   98,  -84,  119,  113,  -96,   12,   27,  106,  -61,   37,  -18,  -99, -125, -119,   19,  -52,    3,   44,  -22,   56,  100, -114,   31,   35,  -50,  -46,  115, -102,  111,   78,   15,  -42,  -18,   51,    5, -112,   48,   98,  -50, -103, -117, -124,   95,],
[  -98,  -66,    4,   42,  -38,   61,   -6,  -79,   37,   63,  -87,  107,  -99,    4, -103,   45,  -28,  -45,   -4,  -41,   38,   32,  -38,  -12,  -35,  -40,  -71, -113,   19,   71,  -69,  -24, -108, -111,  -23,  -49,   74,  -70,   39,  -42,   55,   46,  124,   13,   80,   67,   65, -117,   30,   51,  -58,  -10,  120,    2,   19,  -66,  -83,   63,   85,   78,  122,  -84, -110,  -31,   27,   50,  -78,   50,  -30,  -96, -114,  -48,   17,   53,   -7,  -77,  104,   91,  126,   99,  -81,  -95,   83,  -41,   30,   83,   39,  -44,  -17,  -59,  -44,  -11,    4,   43,  -88, -102,  -26,   14,  -76,  122,    0,   75,  -25, -114,  108, -113,  104,    3,  -87,  -39,   91,   -1,   23,  -27,   35,   93,    1, -116,  -73,  -95,  -90,    0,  -85,  -28,    3,  -24,  -11,  -37,   65,   75, -105,  -59,   26,  -49,  -66,  115, -104,  -80,  105,   24,  -16,  125,  -68,  -92,  -20, -127, -117,   98,  -91,   94,   63,    7,  -15,   65,  -91,  117,  -33,  -62,  -56,  -28,],
[ -115,   70,  -33,  -85,  -66,  120,  122,   96,   -2,   67,  -10, -120,  -80,   67,  -35,   15,  -33,   48,  -70,   59,   35,  -80,   14,   96, -124,   15,  104,   -8,   23,   80,  -54,  108,  -57, -108,  103,   57,   19,   75,  -40,   41,   33,   43,   95,   96,   -9,  -36,   80,  -14,  -75,   97,  -73,  -78,   46,   36,  -48,  125,   45,  -87,  113,   54,  -60,  -32,   -5,   37, -127, -125,  -31,   -8,   87, -123,  109,   28, -103, -123,  -52,   37,  103,  -75, -125,  122,  -50,  -65,  -31,    9,   16,   17, -123,   40,  -48,    7, -109,  112, -105,   -7,   49,   53,  -24,   24,   88,  -26,   95, -102,   40,    0, -105,  -93,   63,  -45,  -67,  -18,   56,  -53,   34,   44,  110,   -4,   42, -119,    7,  -92,  108,  -40,  125,   96,  -42,  -40,   28,   61,   61, -110,  -81,   -6,   26,  -73,   78, -109,  101, -111,   16,  -32,   78,   98, -116,    0,  -64,  -65,  109,  -67,   -8,  -45,    9,  -85,   21,    3,  -79,   53,  -29,  -10,   69,   85,],
[  -36,  100,   32,   36,   15,   63,  125,   10,  100, -110,  -17,  -72, -122,  -92,  114,  -82,   78,   76,   68,  120, -116,  112,   19,  -19,  119,  -87,   14, -102,  -74,   -1,   11, -116,  -71,  -67,  -66,  -55,  -36,  -49,   43, -109,   12,  -94,  -26,   65,  -24,  126,   53,  -32, -116,  -37,   51,  -49,   14,   25,    7, -106,   90,  -96,   71,  -82,  -33,   90,   37,  -21,   95, -126,  -13,  -55,   53,  -67,  -91,  -44,  -16,  -12,  -43,  -41,   17,  114,  122, -101,   82,   46,   80,  -34,  -61,  -66,   32,   72,   25,   -8,  -22,   11, -123,   39,  -93,  -15,  112,  -47, -125,   -5,  -21, -109, -112,  108,   56,  116,  -11,  -48,  -75,  -68,   60,   90, -114,   62,   10,   55,    4, -121,  -18, -101,  -86,  120,  -37,   67,  106,   58,  109, -106,   40,  127,    8,   46,   99, -105,  108,  -17,   38,  -60,   86,  120,  -95,   77,  -49, -110,  -57,   60,  -89,  101,   66,   84,  -36,  -94, -102,  -95,   87,  -36,  -26,  -93,  -61,  -53,],
[   91, -103,  117,   40,   27,  -59, -116,  -19,   18,  -62,  -30, -108,  -72,  -48,   94,   46,   29, -109,  -58,  107, -119,   64,   42,  -25, -113,  -88,  -14,  -38,  104,   41,   60,   -9,  114,  101,   21,   41,   42,  -47,  -96,  -22,  110,  127,   88,   97,   -9,  -89,  109,   18,   71,   99,   95,  -59,   -5,   24,  -12,  109,  -59,   -2,   26,   52,   -8,   72,  -55,   -6,  114,   96, -119,  -24,   61,   40,  -84,  102,   67,   72,  -46,   20,  -15,  109,  -40,   26, -108, -121,   62,  -27,  -47,  -25,   42,  -84, -111,   74, -110,   92,   56,  -71,   47,   44,  -10,   64,   77, -109, -102,  -17,   14,  -43,   50,   31,   64,   91,  -44,  116,   82, -102,  -20, -113, -116,   53,   94,  -19, -106, -105,  -30,  -20,   -8,   58,   95,  105,   17,   93,  -79,  -14,  -76,  -46,  -95,    1,  125,  -90,  -11,   65,  -21,  -39,  -29,  -57,  -24,  -34,  -52,   68,   70, -102, -116,  -95,   91,   23,  -69,  123,  -63,   48,  -67,  127,  -28,  -43,],
[  -18, -100,  -24,  -61,  -57,  -12,    5,   63,  -36,   32,  116,   44,   -5,  -88,   -3,  -85,   78,   41,  -60,  -19,   93,  -75,  -16,   16,  -69,   70,  -72, -106,   59,  -38,  121,   85,   16,   26,  108,   -2, -102, -109,   13,   -3,  -46,  105,  -45,  -23, -113, -111,   76,  -69,   31,   -9,  -76, -125,  108,   16,   41,   90,   22,  -43,    3,  -67,  -39,   15,  119,   19, -110, -124,   26, -111,   65,   99,   82,   55,  -42,  126,  -39,  -99,  -84,   54,  105,   67,    8,   31,   30,   37,  106,   84,  -81,   71,   25,  -25,  -98,  -18,  -82,  -19,   95,  -65,    8,   37,  -90,    3,  122,  -95,  105,  -69, -126,   -5,   47,  -51,  118,   -1,  -63,  -18,  -26,   75,   94, -105,   35,  -39, -124,  -94,   43,  116,  -34,  107,  -20,   -5,    7,    3,   29, -125, -103,  -45,   26,  -63,   65,  -50,    8,  -76,  -43,  -11,   41,   17, -106,   98,  -78,   91,  -82,   19,  119,   47, -127,   45,   71,   43,  -16,  -20,   90,  119,  -96,  125,],
[   20,  -36,   88,  120,   17,  111,   31,  -82,   48,  -76,   36,   10,   26,  -59, -124,   57,   -5,  106,   26,   77,   97,  -97,   88,   33, -124,  116,  -39,   34,  -40,  -41,   49,  -58,   72,  -91, -101,   98,  100,   16,  -95,   18,  -36,   61,   77,  123,  -76,  -83,    0, -121,  -24,   73,    9,  111,  116,   40, -110,   48, -115,  110,  116,   54,  -33,  -54, -102,  109,   45, -115,   -9,  118,   49,  -64,  -67,  -89,    5,  -51,  -40,  -86,   -4,   21,  -44,   89,  -73,    2,   59,   29,  -39,    4, -110,    4,   42,  112,   -8,  -56,  127,   55, -110,  123,   77,   -9,  -43, -108,  -81,   84,  -64, -109,  -68, -106,  -89,  119,   14,   -2,  -92,   51,   65,  -43,  -58,  114,  -44,   35, -111,   64,   54,   10,  111,  115,   96,   59,   41,  -16,   76, -127,  120, -109,   44,   88,   79,  117,   43, -125,  113,  -76,  -98,  -93,  -19, -112,  -12,  -68,   25,  127,  -67,   46,   33,   -3,   39,    4,  -64,   71,  -62,  -83,   72,  -62,],
[  101,    2,   -4,   66,   13,   17,  105,  -31,   17,   57,   71,   48,   -8,  -10,    1,  -28,  -41,  105,   -6,   81, -121, -124,   43,  -51,   10,  -36,  -89,  -52,   -2,  -99,   45,   99,  107, -122,   83,  -24,  -45,   -5,  -28,  -25,   74,   18, -109,  -81, -127,  -93, -115,   28,   10,  -58,    9,  106,   60,   62,  113,  -71,    4,  -53,   56,    4, -125,   79,  112,  -70,  -55,   83,  -58,  -61, -111,  -54,  -20, -116,   69,   34, -107,  110,  -75, -117,   20,   27,  -60,  115,   59,   69,   -1,   45, -115,   69,  -45,  -65,   96,  -25,  -38,  -61, -126,  -88, -125,  -26,  123,   11,  119,  -21, -119,  -51,   13,  -76,  -27,  -94,   39,   72,  -14,   61,   85,   73,  -33,  -42, -118,   89,  -15,  -22,  -52,  -32,  101,  -25,  -93,   47,   41, -125,  -77,  -11,  105,  110,   75, -126, -106,   33,   66,   76,  117,  120, -123,   46,  -38,  -43,   34,   92,   29, -122,   46,    3,  -26, -103,  -37, -114,  -30,  109,   22, -127,    5,   29,],
[   14,  -19,  -26,   20,  -21,  108,  -53,  -10,   29,  -90, -116,   21, -111,   70,   88,   49,  -84,  -13,  -13,   57,  -41,  -93, -115,   61,    6,   96,   76,   89, -125,   96, -113,  -68,  -35,  115,   26, -100,   77,  -66,   52,   50,  -16,  -76,  -52, -106,  -86,   84,   81,   20, -118,   16,   55,   74,    6,  -23,   97,   56,  -21,   37,  112,    4,   84,   42, -107,  -94,    5,  -26,   10,   27,   -1,   67,  -73,  -77,  -93,  -94,   46, -112,   66,   81,  127,   58,  -22,  -19,   24,   12,  -43,   62,  -76,  -28,  -66,  -27,  115,  -64,    6,  119,  -65, -123,    0,   90, -113,   34,   40,    0,   19,   78,  -71,  -44,    1, -112,  -27,  112,  -10,   87, -107,  124,  -98,   74,   -9,  -62,  -82,   18,  -52,   96,  -47,  -43,   52, -109,   14,   22,  -30,  -99,  -36,  -73, -123,   49,  -35,  -47,  -55,  101,  111,   26,  -71, -101,  -94,   22,  -23,  -27,  -91,  -58,   54,  -50,   82, -116,  123, -116,  -33,    4, -115,    6,  -39,  125,],
[   85,  -76,   -4,  -38,  -18,   76,    2, -125,    7,   40,  121,  -84,  121,  -11,  -57,  -99,  -35,   10,  103,   60,  116,  -14,  122, -107,   73, -103,  -54,    6,   89, -115,  -49,   89,  -98,  -35,   82,    0,  -49,  124,  -56,   34,  -71,  -87,  118,  -69,   -6,   88,    0, -123,    1,    4,  -16,   95,   43,  119,   86,  -25,   73,  111, -106, -116,   -7,   33,  120,   67,   23,   14, -104,   26,   48,  -90,  -51,   98,  -61,  -84,   24,   51,  -89,   87,  -63,  -27,   -5,   38,  -88,  -39,  109,  -35,  113,  -78,   42,   45,  -96,  -65,  -28,  110,   52,  -53,  -77,  115,  -31,   13,   47,  102,    6,  -13, -100,   43,  104,  121, -124,  -68,  -42,   71, -116,  119,   77,  -51,  -27,  -36,   44,  -94,  -80,   43,  -99,   65,   43,  -36,   58,  120,   -2,  -14, -104,   57, -127,   17,   66,   -5,   86,   91,   69,  -21,  -81, -118,   98,  -81, -118,  -69,  -10,  -41,   84,  -26,  -62,   88,   57,   -9, -102,   41,  118,    8, -101,  -54,],
[   26,  -88,  127,  118,  -12,  -77,  -91, -106, -101,  -90,  -22,   94,   91,   -5,   97,   26,  100,  -22,   18, -118, -106,   33,   67,  -17,   58,  -38,  123,    8,    6,   74,  -66,  -70,   68,  -20,   49, -111,  -16, -112,  -81,  -36,   44,   48,  102,  -99,  -44,    1,  -89,  123,   34,   54,  103,  -17,   28,  -16, -102,  119,   64,  -46,   -4,  -23,  -78,   47,  -30,  -72,  -51,  -54,  -95,  -47,  -14,   38,   51,   89,   96,   85,   34,  -17,  127,   71,   96,  -66,   98,    7, -108,   11,  112,  106,    7,  123,  112,   24,   51,   75,  -22,   -2,   32,   42,  -94, -120, -102,  119, -111,  -88,  -31, -107,  -85,   39,   95,   16,   87,  -81,   14,  -57,  -36,    0, -111,  -40,  -76,  -33,  -90,  125,    8, -102,   12,  -88,   56,   54,  -26,  114,  -58,  -93,   61,   56,  122,    2,  -67, -116,   21,  116,  -74,   53,  113,  -44,   15,  115,  -32,  123,   42,   72,  -93,   88,  103,  120,  -36, -127,  -51,  -15,   58,   13,  126,  102,],
[  -45,   80,    7,  -61,  116,  -37,  -91,   54,  -65,   60, -105,   11,  122, -119, -107,   21,   83,    7, -120,   72, -112, -106, -108,   92,   90,  -85, -112, -115,   41,  113,    5,   88,  125,   -2,   73,  -64,  -35, -115,  -49,  127,  -29,  -66,   75,   55,  -76,  -42,   44,  121,   54,  -16,   41,  -70,  -29,   17,   79, -109, -120,  -80,  -52,  -32,   86,   10,  -11,   15, -113,  -46,   46,   78,   43,   45,  -54,   77,   81,  -22,  -14,  -42,   -3,    0,  -72,  -30,  -96,  -74,  -29,   -7,  -97,  122,   18, -127, -127,  -32,   77,   65,  -88,   52,   28,  -54,  108,  -88,  -71,    2,  -20, -120,   -7,    0,  115,  -18, -122,  125,  -55, -127,  117,   14,   64,   18,  101,  -41,   95,   56,   46,   -2,   -4,   65,   56, -127,  -95,    7,   35,  -61, -112,   23,   68,  109,  -57,  -95,   28,  -20,  -54,  -83,  -42,   56,   35, -118,  118,   47,  -35,  119,   55,   33,   84,  109,  -51,   92,  -59, -109,    9,  -23,  -41,  -47, -119,  -88,],
[   14,  -20, -125, -106,  121,  -73,   71,   95,  -17,  -63, -115, -114,  -79, -121,  -90,  -14,  -42,   14,  -74,   24,  -54,  112,  112,  102,  -62,   79,   21,   58,  123,   25,  -90,   34,   16,   45,    0,  122,  -38,  -68,  105,   32,   20,   -1,   41,   -6,  -82, -102,   75,  123,  -94,   55, -103,   -9,   33,   83,  -14,   94,  -15,  -94,    8,  -82,   85,   29,   41,  -47,   90, -106,  -99, -110,   86,   94,   71,  109,    1,  114, -123,  -15,  -18,   29,  127,  -26,  -47,   13,  -17,  -13,   84,   93, -124,  124,  101,  -11,  -24,  116,   70,  -44, -102,  -52,  -56,  -99, -106,  -53,  117, -127,  127,   -5, -104,   93,  -47,  -31,  -34,  -94,   54,  -58,   10,   97,  -97,  -76,  -10, -113,  -81,  -11,  -51,  -24, -110,  -73,   70,  -21,  -39,  -92,   76,  -16,   -3,   14,  -43,  -64, -121,  120,   81,   60, -107,  -82, -127,  117,  -69,   40, -117,  -68,  -25,  -33,  -79,  -94,   86,  -16,  -19,   80,   57, -105,  100,   74,   30,  -32,],
[  -15,  116,  -68,   56,  -85,  114,  -85, -118,   63,   67,   50,  -74,  117, -105,  -77, -113,   45,   96,  -33,   15,  -58,    5,   50,   17,  -93,  -65,  -22,   44,   74, -114,   -8, -127,   91,  -58,   23,  -94,  -58,   34, -109,  -49,   10,  -37,   97,  -51,  -20,  -61,   25,  119,  -33,   71,  116,   86,   16,  -30,   85,  -16,   99,   -5, -118, -120,  -74, -113,  -49,   -2,  -59,   61,  -88, -103,   11, -108,   59,   94,  116,  -86,   50,   65,   52,  108,   65,  -43,  -90,  -95,  109,  -65,    1,   25,  -88,  -95,   60,    3,   87,  -76,    2,  -38,   99,   72,    2,  101,  -31,  101,  123,   69,   -6,  -61,  -43,   11,   14,   86,   48,  -68,   86, -108,   36,   88,  -23,   77,  -92,  -62,  -19,  -83,  -46,   16,  100,  -79,  -98,  -73,  -54,  -59,   -2, -125, -113,   68,   41,  -22,  124,    6,   32, -112,  -73,  -56,  -34, -107,  -36, -104, -114, -115,  -32,   -4,   26,  -83,  -66,   22,   99,   17,   30,  119, -110,   35,  -10,   87,],
[   59,   22,   82,  -18,  -59,  111,   72,  -93,  -36,    6,  -60,   78,  -48,   17,   47,  -66,   53,   27,   31,  -67,  -99,  100,   12,  -43,   67,   45,  -54,   -8,  125,  -43,   46,  -43,   85,  -45,   38,   18,   21,   -8,  -69,   18,  -85,  -17,   38,   20,  -77, -124, -125,  -40,   -1,   18,   76,  125,    1,   39,  -94,   94,  -32,  -61, -124, -100,   25,   59, -112,   15,   -1,  -89,   93,   86,  119,   98,   12,  -65,   71,    8,   38,  -65,   75,   -8,   99,  -77,  107,  -68,  -24,  -99,  -81,  -19,  -95, -103,  -65,  107,  -62,   69,   53,   -4,   22,   77, -125,   55,  -93,  -39,   97,  -63,  -57,   16, -127,  -60,  101,  -20,  -11,   46,   51,   20,   17,   26,  -55,   -7,  -88,  -24,    2,  -23,   -2,  -11,  -48,   75,  -70,   -9, -113,   79,   70,   98,   -6,   51,  -31,  -31,  -46,  101,   65,   77,   91,  -80,  -92,  -94,  -82,  -75,  -96,  102,   28,  -27, -119,  127,   23,  -89,  -48,  103,   82,  127,  -89,   65,   34,   77,],
[   67,   60,  -68,  114,  -98,   72,  108, -110,   10, -120,   89, -105,  102, -122,  105,  -53,  -33, -110,  105,  -86,    2,  -44,   11,   38, -123,    2,  -58,   43,   21,  -87,  -49,  -10,   12,   19,   28,  -98,   86,  -79,  -86,  -27,  115, -111, -120,  -89,  -35,  -60,  -50, -126,   45,  -59, -112,   11,   94,   63,   93,   48,    0,   61,    0, -113,   53,  -74,  110,  -12,   77,  108,  -91,   52,   94,   17,   -8,  -91,   47,  -71,  -24,  -35,  -57,    0,   35,   -2,    1,  -29,  -59,  -60,  126,  -48,  -22, -122,  -65,   70,  -84,  100,   78,  -90,  -82,  101,  -55, -123,  -70,  -83,   38, -107,   30, -112,    7,   14,  -46,  -83,  119,   18, -127,   90,  107,    5, -104, -120,  -34,  -49,  -31,   98,   87,    7,   80,  -37,  -64,  112, -104,  -31,  -37,  -45,   22,   -9,   51,  -96,   57,   91,  -37,   82,   -9, -123,   89,   14,   94,   43, -110,  123,  -16, -126,   16,   62,   77,  119,  118,  -99,   72,  -99, -124,   65,   10,   -7,],
[  118, -124,   74,   -8,  -93,  -48,  -65,  -76,   37,    0,  -33,   73,  -14,   62, -124,  124,   53,  -48, -117,   83,   61,  -44,   15,  -18,  -32,   97,   73,   74,   41,    1,  -67,   53,  -90,   -3,  -62,   17,  -83,  120,  124,  -63,  118,  -51,  -21,  -41,  -34,  -91, -105,  -46,   43,   68,    1,   24,  -89, -127,   98,  105,  115,   97,   95,  125,   89,   77,   65, -108, -114,   91,  -64, -104,   31,   38, -104,  -96,  120,  -92,   84, -125,  -46,   -3, -108,  -88,  100,   82,   63,  100,  -86,  112,  -42, -126,  -93,  -25,  -16,  -58,   83,  125,   -4, -114,  105,  -11,   96,   91,   95,  -99,   15,  -24,  107,   39,  -85,   26, -103,   56,   78,  115,  -26,   42, -116,  -63,  -73,  127,  -43,  -53,  127,  -17,   55,  -83,  -16,  -98,  -82, -108,   10,  -42,   19,  -94,  -21,  -38,   55,  -91,   41,   51,  -40,   98, -105,    1,  -16,  -98,  -48,  -73, -120,  -78,  -40,   71,   34,   79,  -85,   52,  -54,  -76,   31,  120,  112, -115,],
[  -36,  -58,   37,   43,  -38,   18,   63,  -33,   34,  -37, -100, -105,  -55,  -69,  126, -115,  -37,   25,   40,   50,   47, -103,   85, -114,  -28,  -94, -107,   84,  104,    8,   49,  -39,   99,  -63,  -73,  -81,  -39,  -80,  -85, -110,   97,  -21, -113,  109,   66,   -1,   83, -100,   84,   42,   60,  -76,   -8,  125,   97, -125, -127,  -29,  -36,   -3,  -19, -123,   57,  -48,  -71,   -3,   70,  -38,   47,   90,   89,  -74, -122,  101,  -93,   19,   48,  -96,   37,   31,  -92,   -4,  106,  -93,    3,   52, -113,   32,  -19,   86,   62, -103,  -27,   93,   39,  -62, -109,  -26,  -93,   86,  -70,  -21,  127,  -73,   74,    6,   31,   45,  -41,   41,  125,   98,   74,   87,   49,   98,  -69,   53, -126,   78,   46, -111,  -83, -120,  -95,   55,  115,  119,   58,   36,   -7,  -65,  -16,  121,  -84,  123,  127,  -64,   37,   88,   17,  -35,   65,   41,   92,   62,  103,  -52,  -94,  -78,  -79,  113,   97,  -27,   -8,  -93, -121,  114,  -19,  -80,],
[ -109,   18,   76,   46,   95,   80,  -61,  -30, -114,   63,   45,  -88,  -44,  -76,   43,   49, -118,  105,   60,  -76,   83,   19,  112,  -31,   59,  -39,   66,  -68, -102,   35,   60,  -93, -104,  -57,  -12,  -79,   46,  -13,    4,   64,  120,  103,    9,  -85,   44,  -29,   79,  -85, -101,  -53,   53,  100,    0,  120,  104,  112, -117,  -84,    9,   27,  -15, -102,  -31,    0,   92,   16,   38,   80,   27,  -96, -125,   99,   86,   83,  -32,  102,   62,   83,   26,   70,  110, -116,  -77,   32,  114,   58,   26,  -23,  -76,  -43,   33, -127,  -69,   92,   50,  -15, -116,  114,  108,    9,   -5,   75,   47, -110,  -39,   86,   51,  -42,  -60,  -90,   77,  -92,   -5,   14,  -22,   35, -116,  -22,  -31,   14,  -76,    5,  -74,   39,  -62,  -88,  -33,   20,  -22,   43,   41,  -46,   62,   33,  -51, -117,   75,  125,   92,  -17, -108,  -72, -121,  -30,   80,  107,  -22,   32,   73,   78,  110, -104,   32,  -93,  -50,   63,  -26,  116,  113,    2,],
[   80,  -80, -105, -100,  105,    5,   -5, -125,   13,    9,   10,   31, -103,   27,   57, -108,   21,  116, -102,   65,  -70,  -23,   74,  -71,  -91,   77,   68,  112,  -98,  -16,  -57,  -54,   52,  -81,  -55,   77,   26,   20,   46,  -88, -105,   -9,   71,  -54,  -40,   25,   48,   69, -119,   50,   57,  -87,    9,  -14,   88,   27,    9,  -36,  -49,   92,   -5,    0, -104,  -11,   30, -116,  -87,  -60,    8,   35,   53,  -96,   -4,  123,  114,   78,  -19,   52, -113,  122, -125,  103,   92,  116,   -7,  -37,   81,  -31,  -87,  -33,  122,   28,   37,   69,  -12, -126,  -76,  -25,   -5,  -41, -127,  -65,  -76, -119,  -28,   -1,  -58,   -2,   12,  -89,  -45,  -82,  115,   12,  115,   52,  -28,   74,  -58,   36,   -7,   29,  -86,   65,  -36, -108,   68,  106,  -81,   19,  -39,  -41,  -21,   43,  -86,   -6, -112,  -89,   82,  -86,    1,  -27,  -50,  -43,  -33,   83,  -59,  116,  -67,   33,   34,  -11,    8,   22,   28,  -44,  121,   -5,  -58, -100,],
[  100,  -97,   54, -119,   68,  100,  109,   -1,  -38,  -49,  127, -108,  -79, -104,  -84,   91,  103,  -91,  -16,  -72,   12,  121,  -90,   96,  122,    2,  -27,   85,  -21,   66, -110,    0,  -67,  -49,  -36,  -84,   35,   30,  -87,   32,   51,   10,   14,   -5, -104,   34,  114,   37,   66,   36,  106,  121,  117,   33,  108,  102,   12,  -49,  113,   62,  -69,  102,   24,  118,   61,   34,  110,  121,  -75,  -58,  -27,  -39,   36,  -93,   24,   18,   74,  -98,  123, -114,   62,  -88,    3,  -84,  -78,  -93,  102,    0,   20,  -91,    4,    0, -119,   30,  -96,  -41,    0,   77,  104,   29,   65, -127,   -2,  -95,  -49,   30, -115, -120,  114,  -34,   -6,  106,   69,   68,   97,  -69,   21,   62,  -36,  -94,   -1,  -29,   61, -125, -114,   88,   73,  -15,   57,  -67,   26,  -65,   37,   42,   43,  102,  107,   54,  -75,    1,   86,  108,   -5, -123,  -45,  -63,    3, -119, -120,  -21,  -14,  -76,  -46,   34,   14,   40,   24,  -68, -117,   14,],
[  -77,   23,   49,   -1,   87,   87,   -8,   14,  -52,   95,   51, -103,   82,   12,  -30,   35, -126,  -96,   64,  -16, -115,   90,  -96, -103,   42,   48,  -59,   73,   18,   38,   54,  108,   81,  -71,   47,  -13,  101,  -45,   75,  119,   89,  -60,   -3,  -26,  -39,   55,  107,    0,  127, -101,   69,   69,  -66,  116,  -72,  -86,  -67, -107,    8,   54,   -7,   46,  -14,   68, -113,   57,  -18,   42,  -10,  -93,  -29,  118,   20,  -56,  -26,  118,  120,  -96,  -87,   79, -110,   35, -101,   81,  -50,   90,  -28,   58,  -41, -112,   81,   57,  -24,  -93,   61,  -58,  127,  100,   34,  -84,   72,    4,   84,   89,   23,    8, -106,   75,   82,  -78, -120,   62, -102,   98,  -97,   88, -121,  -29,   38, -109,  -34, -103,  119, -111, -114, -118,  -15, -102,  -50,  -65,  -44,  119,  -80,  106,   13,  -25,   17,  -42,   12,  -27,  -91, -114,  -52,  111,   15,  -72, -119, -108,   75,   32,   87,  118,   79,  -33,   37,   -7,  -77,   34,  -68,  -33,],
[  -67,    8,  -24, -126,  -98, -127,   83,  -34,  -50,   62,  -93,  -73,   69,   15,   16,   -1,  127,  -63,  -26,  -71, -108,   90,  -87,  -99,  -65,   73,  -32,   33,  -72,   98,   38,   46,  -88,   52, -103,   60,   23,   46,  -60,  114,   45,    3,   11,  -82,   29,   73,  -56,    1,   19,  -52,  -98,  -14,  -12, -110,   38,   59,   91,  120,    6,   49,   21,  119,   14, -105, -125,  112,  120, -116,   57,   13,  -43,  -45,   40,   33,  -52,   49,   50, -124,  -65,    2,    8,   99,  -16,  -31, -106,  126,  -80,   -7,  105,   66,   74,   76,  -39,   73,  -82,   33,  -40,   35,  114,  -48,  -69,  115,  -44,  -89,   80,  -53,   71, -102,  -96,  -60,   26, -123,  -74,  -55,  -15,   33,   60,   17,   -1,   -7,  -59,   55,  -70, -119,  -83,  -10,   19,   77,   76,  -23,  -57,   97,  -21,  109,  104,   10,   78,  109,   53,   64, -102,  -61,  -43,    7,   13,  117,   17,  -58,   63,  113,  -90,   85,  -26,  -97,   58,  123,  -46,  -45,  -89,   17,],
[ -104, -103, -108, -116,  -81,  -67, -115, -109,  -28,  -86,   38,  111,  -17,  -13,   65,   -5,   19,   27, -105,   90,   19,    1,   14,  -97,  -41,   -8,    7,   41,   31,  -15,  -88,  -32,   16,  -66,  -54,   26,    5,  -30, -103,   81,  -22,   94, -125,  -20,    0,   -1, -115,   77,  104,   34,  -95,  -32,   65,   88,  122,   97,   63,  123,   54, -108, -124, -107,  -81,  -97,  -97,  -96,  -75,  -56, -124, -113,   58,   72,  -45,   27, -114,  -11,   76,  -54,   58,  -31,  -61,   45,  -91,   83,  -20,  -57,    2,   30,  -37, -106,  -78,   55, -117,  -67,   42,   48,  -55,  -69,   -9,   77,   89,   49,  -10,  120,   38,  -82,  -34,  -67,  101,  -19,  -90,   20,  115,   21,  115,   39,   77,  -43,   25,  -50,  127,  113,   66,    1,   82,   32,  -30,  105,  -87,  -60,   11,  -39,  -53,  109,  -85,   85, -122,   25,  100,  115,  121,   60,    2,  -71,  -33,  -21,  -78,  -59,  -73,  -59, -120,  100,   24,  -20, -127,  -37,   19,  -84,  119, -100,],
[  -14,  -86,   67,   18,   56,   30,   13,   78,  -85,   25,  -23,  -70,   74,   64,   92, -101, -121,  122,   95,   17,   21,   13,  -15,  -55,  -83,   30,  -28,  -89, -100, -119,   95, -112,  110, -111,  -54, -104, -106,   89,  -85,  -55,  -25,   33, -114,  -80,  -73,  -68,   23,    0,    1,  -63,   81,  102,  -25,  -34,  -50,   97,  -38,   86,   56,   61,  -40,   19,  107,    4, -126,  -41,   36, -126,  116,  -21,  -22,  -93,  -94,   91,   75,  107,   49,  -85,  -17,  -93,  126,  124,  -72,   23,   73,  -94,  -16,    4,   85, -100,  -94,  111,  -59,  -29,  -61,   50,  -87,   18,   42,   93,  119,   88,    9,  -77,  -33,  -83,  -15,  118,  -57,  -66,  118,  -73,   67, -102,   26,  111,  109,  120,    0, -124,  106,  -81,  -97, -124,  124,   69,  -26,  -56,  -11,   15, -113,   50,  -35,  -35,   28,  -57,  -74,  -80,  -87,  -42, -100,  -31,   26,  105,  -80,  -58,   85,   49,   28,   56,    2,   44,   -2, -121,    2,   63,  -83,   65,  -85,  -17,],
[ -110,   83,   94,   -1,  126,  110,   18,  -92,  -40,  -71,  -13,   10,  -21,   54,  -98,   93,   61,   97,   33,   23,  -71,  116,  -51,  -66,   16,  -45,  121,   88,  -95, -107,  -61,  -57,  -62,   27,   -6,  -69,  -58,   55,   48, -120,   15,   82,   40,    5, -117,   23, -100,  -81,  121, -123,   11,   84,  -65,  115, -107,  -14,   52,  123, -120,    0,   55,  -72,   53,  -25,   99,  -34,  -99,  -43,   61, -100,   20,  -86,  -69,  -64,  121,  -76,  102,   23, -118,  -14,   10, -125,  123, -107,  -65,   55,  -30,  124, -105,  -98,   13,   96,  104,  -40,  -30,  -32,  101,   73,  -38,  -76,    1,  -69,  -77,  -73,   86,  126,  -18,  125,    0,    0,   50,   50,   49,  100,   48,   -6,   99,   -9,   23, -122,   -1,   19,  -69, -103,   67,  -37,  127,  -71,  -43,  -63,   27,  -73,   71,  -24,  -37,   85,  114,   63,  -24,  -68,  119,  -43,  -71,  116,   67,  -23,   63,   32,  111,   35,  -19,   48,  -56,  -21,   32,   68,  114,  -33,   30,  -13,],
[  -42,  -29,  -91,  -75,  -34,   47,   51,  -93,   55,  110,  -95,   71,   -3,   79,   26,  -76,   49,   13,   25,   26,  -69,  102,  -11,   22,  105,  -21,   32,  114,   52,   60,  -90, -123,  -94,    5,   16,  124,  -84,  -43,  -73,  -75,  102,   48,  -89,  106,   96,  -30,  -88,  -28,    1,    1, -125,  113,  -70,  -98,   26,   73,  -19, -107,   -9,  -85,  -31,    0,  -42,   95,   14,  -75,   80,  -44,  -81,  -43,   61, -101,  -39,   95,  101,  -22,    4,   56,   16,  114,   84,  -82,   27,  -86,  119,  -28,  -99,  -45,   -5,  -98,  -68,  113,  -22,  -16,   71,  -22,    5,   55,   47,   -4,  126,  -27,  -13,   89,    1, -113,   27, -124,  100,   51,  -42,  -62,  -33,  -75,  -38,   63,   19, -119,   24,  -75,   79,   -8,  -39,  -67,   86, -116,  103, -123, -120, -118,  -47,  -85,   70,  -15,   95,  -18,  -26,   11,   97,  -18, -107,  -18,  -44,  -82,  114,  113,   13,  -93,   73,   21,  124,  -21,   63,   72, -108,  127,  -57, -117,    0, -120,],
[  -75,  -30,   47,   15,   78,  -99,  -33,  -47,  -84,  -40,  -87,  -45,  -61,  -69,  -66, -117,  116,  -14,   91,   65,  106,   72,   20,  101,   56,  -17,   10,  -95,  -12,  -39,   47,   67,   61,  -82,  -99,   80,  116,   70,   39,  -18,    9,   47,  -70,   89,  -77,   36,   33,  -90,  101, -127,   67,   -4,  -30, -100,    0,   14,   62, -124,  -81,    3,  -83,   31,  -18,  126,  -20,   18,   69, -116,  -82,    1,  -58,  -85,  -48,    5,  -74,   30,  -64,  109,  -33,   65,   92,  -95, -100,  -82,  -78,  -64,   59,  -56,  -16,   86,   81,   -1,  -37,   57, -117,  120,   38,  -20,   42,   90, -118,   24,   33,  104,  -22, -122,   22,  -75,  -34, -113,   54,   26, -121,   11,   20,  -84,  -12,  -99, -106,  -19,    3,  110,   18,  101,  125,   64,  -81,  107,  -27,   82,  -90,  -54,   47,   18,   -9,   -7,  -40, -108,  -87,   44, -101,  -66,  -73,  -29,   46,  -80,  -78,   63,   92,   83,  -68,   78,  -61, -119,  113,   -2,   45,    0,   89,    6,],
[   60,   16,  -19,   98,   91,   43,  -36,   44,   51,  -53,   25,    7,   25,   98,   80,   73,   49,  -71,  -44,   44,  -79,  -69,  -84,   53, -107,   32,  -61,   11,   25,    2,   97,  -16,  -40,  -83,    9,   33,  -28,  -42,  -65,  -56,   45,  126,  102,   68, -106,   32,   67,  -17, -122, -119,   50,   43,  -40,  -27,  -62,  -27,   -8,   99,  -78,   69, -117,    2,  118,  -54,  123,  -26,  -36,  126,   55,   65,  100, -117, -114,  -71,  -22,  -40,  101,   80,  -84,  -14,  -67,  -72,   89,  114,  -54, -103,   47, -104,    0,  -72,   70,  -34,  -30,  119,   33,  -85,   -1,  -80,   34,  -24,  -36,   80,  107,   41,   56,  -64,   84,   48,  -14, -121,  127,  102,  124,   24,   50,   41,   26,   89,  125,  126,   90,  -65,   89,   -3,   23, -111,   64,  -92,  -39,   56,  108,   70,  113,   30,   72,   82,  -92,   13,   46,  -81,  -61, -115,    8,   87, -124,  -77,   -7,  118,  -15,  -36,   13,  -61,   76,  -49,  -95,   69,  -70,  -75,   12,   61,],
[ -108,  -27,  -89,   -9,   43,    2,  -54,  -84,   98,   85,   87,  -76,  114,  -26,  -21,   71,   43,   73,   71,  -15,   18, -109, -102, -120,   50,  121,   43,  -51,  115, -126, -108,  -11,  -46,   83,   19,   82,   89,    7, -107,  -45,  -98, -126, -118,   20,   53,   76,  -94,  -75,  -32,  -44,   10,  -81,  -42,  -89,  -76,  -25, -126, -125,  -38,  -89, -126,   78,   64,   68,   80,   88,   77,  -90,   97,  -15,   40,  -33, -106,  -72,   86,   27,   86,   50, -125, -110,   42, -122,    7,  -70,  -79,  119,  -59,  115,   74,  -20,  -19,   92,  -65,  -89,  -49,   27,  -33,    2,  -57,  -71,  -63,   61,  -40,   92,   38,   83,  -92,   14,  -68,   65,  -73,  -52,  -87,   73,  -33,   22,  -84,  -99, -113,   52,  -83,  -19,   -9,  -20,   28,   85,  -38,   97,  -20, -107,  -53,  -53,   16,   32,   84,  -46,  -67,  102,   53,  -86,   97,  -35,  -60,   70, -107,   61,    8,  -68,  -22,  104,   45,   45,  -22,  117,  -27,  -47,   30,  -43,   80,  118,],
[  121, -112,   -4,   19,   -5,    6,   32,  -67,  -27,  -68,   34,  -92,  -38,  -97,    5,  -36,  -69,  -69,   80,  -95,   36,   97, -113,   88,   86,   42,   -4,  124,  104,   94,  121,   50,   34,   39,  -43,  -65,   73, -109, -102, -108,  -64,  -39,   91,   41,   83,   91,   45,  -30,    3,  -41,  -33,  -82,  -82,   73,   -1,   39,  -34,  109,   89,  -43,   49,  -33,  115,  -27,   26,   73,   40,  119,   88,  -92,   -8,   69,    5,   -8,   41,   95,   16, -102,  -55,   36,  109,   88,   50,   72,  112, -104,   30,    4,    6,  -42,  112,   62,   74,   -3,  -72,   87,   44,   26,   33,   89,  -98,   77,  -56,   54,    8, -115,   44,   97,  -18,  -97,   59,  -26,   16,   64,  -96,  -56,  -19,  126,  104,  -48,  -19,  -78, -114, -113, -102,   24, -105,  -56,   60,   -8,  -63,  124,  -86,   90,  111,  -60,   48,   67,  -34,   69,   96,  -27,  -64,  100, -101,   73,  -39,    3,  -64,  -28,  -83,  102,  -57,   11,  -40,   25,   34,  -58,   55,  112,],
[   67,  120,  -28,  112,   33,  -47,   44,   70,    0,   -2,   14,   23,  -13,  -98,  -21,   82,   84,  101,  -29,   66,   27,  107,   22, -105,  -30,  -98,  -54,  -91,  121,  -44,   24,  127,  -41,  -23,  -67,   59,   65,  109, -109, -118,   15,  -40,  103,  -34,   75,  -76,   40,   92, -100,  -68,   29,   72,  -57,  -22,   38,   46,   35,  -27,  -71,  117,   81,  -53,   18,   29,   33,   79,  -43,   92,  -30,  -92,   19,   85,   16,   38,  -24, -107,  -91,   74,   59,   37,  -23,   48,   61,  -46,  -88,  -14,  -73,  109, -122, -115,  -47,   65,  113,  103,  -43,  105,  101,  -25, -112,   75,  -15,   32,  112,  101,  -52,  -13,  -23,   50,  -45,  -70,  -65,  -54,   75,  -38,  -47, -111,  -74,  -52,   -6, -115,   34,   -1,   24,  -71,  -70,  -96,  103,  124,   -2,  -88,  -88,  -11,  116,   72,  -54,  113,   35, -125,  -99,  -95,   68,   23,  -88,   95,  -23,   13,  -62,   48,    5,   -8,  120,  -64,  -93,   91,  -21, -120,   35,   35,  -86,  -27,],
[   96,  -65,   48,  -62, -119,   54,   21,  -90,   15,  -48, -117,  -56,  122,  -85,   66,  111,    2,   81,  -52,   83,  -65,  -82,   19,   48,   78,  118,   -3,  -50,  -67,  -40,   84,   45, -107,   16,   19,   17,  -25,   65,   32,   42,  -95, -114,   20,    3, -110,  121,  -80,   -2,  108,  -25, -120, -108,   37,   96,    6,    0, -126,  -30,   91,  -92,  -80,   93,  -11,   83,  -63,  -70, -108,   57,  -36,  -13,   15,   27,    3,   41,  -15,   39,   64,   58,  110,    9,   24,  -54,  -28,    7, -110,   53,  -31,  -56,  -78,  101,  106, -102,  -67,    8,  -11,  -48,  -97, -110,   76, -119,  -50,   18,   97,   16,  117,   68,   50, -126,  -47,   98,   80, -125,   13,   43,  -90,  -75,  121, -115, -113,   28,  -20,   -1,  104,  -70,   58,  104,   20, -110, -125,   38,  -81,  -56,  -68, -102,  -21,   21,  -47,  -70,  -63,  -41,   40, -101, -126,  -39,  106,  114,  109,  -93,  -30,    2,  -47,    5,   86,  103,  -24, -123, -102,   66,  -23,    4,],
[   86,   58,    8,  -76,  -70,  -64,  -37,   50, -121,  -96,  -35,  102,  -62,  -57, -121,  -18,  101,   67,   47,   76,  114,  -28,   65,    4,  -84, -116,   87,  -13,   99,   23,  100,    3,  -99,  -51,   -8, -123,  120,  -16,   55,  -29,  -94,   64,  -96,   97,  -78,    1,   58,   30,  -50,  -11,   61,  -95,   96,  -70,   80, -107,  -61, -105,  122,  -10,  -74, -101,   77,  -24,  -13, -109,   -4,  105,   61,  -51,   92,  -96,   66,  -99,   -6,  118,   38, -101,  -48,  -68, -115,   27,  -69, -114, -127,   70,  -55,   40,   10,  -25,  109,   -9,  -53,   62,  -61,    4,   10,  122,  101, -120,  -27,  -74,    1,   85,  -96,  -12,   52,   74,   97,   32,   84, -106,   32,  125,   41,  118,   62,    0,  -52,   40,    4,   18,  -90,   86,  -13,   37,  -66,  -99,   47,   40,  -34,    0,  -25,   62,   49,  -24, -114,   56,  -17,  122,  -64,   82,   42,  -17,   31,   30,  -34,   52, -103,   25,  -44,  119,  -48,  105,  -15,  108, -107,   48, -114,  116,],
[  -60,  123,  -22,  -23,  -47,   49,  -43,   57,  -11, -109,   35,   27,   54,   43,   14,    3,  -71,  -73,    8,   27,  -83,  120,  -78,  111,  -94,  114,  115,   11,   50,  -12,  -38,  -62,  -60, -122,  100,   81,  -54, -107,   40,   28,   86,  107,   33,   57,   80,   95,   19, -122,  -75,  -72,   46,  118,  -85,  -65,   16,   97,   72,  110,   39,  123,   98,  -63,   35,  -75,  -61, -104,   -2,   63,   16,  -91,   65,  -33,   74,  -39, -110,   91,  -78,  -42,  -92,  -93,  114,   77,  -81, -121,  -34,  -58,  -16,   23,   38,  -44,  -28,  125,  -43,   28,  -65,  117,  108,   55,  -61,  -78,   -7,  -42, -114,  -55,    2,   50,  -10,   -5, -104,  -75, -121,   -1,  103,  -43,  -63,   10,  -88, -100,   43,   84,   59,   82,   86,  -54,   84,  -59,   95,  -92, -126,  -96,   21,   33,  -14,  -44,  -44,   23,   72,    0,  -90, -111,  -42,   85,   86,   54,  -92,  107,  -14,  -79,    3, -116,  -13,   81, -102,  -46,    1,   19,  -66,  -79, -119,   88,],
[   96,   72,  -80,  124, -125,    4,   48,    0,   -4,    8,   83,    8,   89,   72,    4,  -37,  -48,   96,   43,  -87,    1, -108,  -46,   65,  114,  -15,   66, -127,   11,   14,   31,  -95,   -7,   92,   38,  -88,  -54, -125,   26,   49,   25,   69, -123,  -58,  -91,   90,  -33,   -5,   42,  -67,   41,   18,  -51,  -18,  -87,   77, -120, -120,  -51,  -75,  -52,  -60,   87, -120,   89,   66,  -31,    5,  124,  -92,   93,   80,   47,  -22,   30,  -89,  -42, -116, -119, -103,    8,  -60, -125,    9,   41, -119,  -78, -105,  -72,  -90,  -79,  -56,  -86,  113,  -62, -115,   35, -104,  -91,  107,  -24,  -12,  -96,   -4,  103,  -29,  -43,    0,   32,   25,   -2,   50,  -36,  -17,  -89,   32,  111, -112,   -1,  -71,   -8, -110,   80,  -53,  -28,  107,   70,   39,   17,  -77, -116,  -90,  116,   56,  -31,   73, -126,   82,  -68,   30,   80,  116,   18,   57,   43,  110,  -35,  -30,   17,  -32,  121,  -59,  -43,  -52,  104,   70,  -46,   65,   36,   70,],
[  120,   33,    9,    0,  -98,  108,  -11,  -57,   90,   20,  -69,   71,   72,   70,  112,   26,   20,   43,   67,  -45,   25,   21,   98,   70,  117, -117, -114,   60,  -28,   57,  -13,  -46,   66,  -90,  102,   54,  125,   69, -118,  122,   96,   60, -110,   55,    7,  -13, -100,   58,   80,   72,  -48,  109,   42,   -4,  -43,  -68, -109,  -65,  -82,  -93,   36,   81,  -92,   44,  115,  -63,   70,    0,   62,  -82,  -90,  -30,  -99,   22,   92,   35,   31, -108,  -14,  -13,   44,   29,   82,   35,   -3,   32,  -63,   34,    7, -113, -115,  -17,  -80,   64,  125,  -86,   37,  -90,  -92, -115,  -88,  -51,   38,  -13,   51,  -92, -121,  -72,  -66,  125,   38, -101, -111,  -67,  113,   95,  101,  -63,  114,  -22,  -68,  -37,   71, -121,   66,  117,  -98,   30, -116,  -61,   83, -125,   25,   -3,  -64, -100,   89,  -93,   94, -101,  -89,   55,   67,   -4,  125,  113,  -86, -122,  -51,   86, -119,  125,  -71,   57,   82,   76,   41, -106,   -1,   79,],
[  116,  -66,  125, -127, -120,   84,    2,   66,   99,    5,    0,  -23,  -74, -122,  -84,  -36,    8,  -69,  -43,  114,  -75,   17,    0,   63,   25,   -6,  121, -104,   77, -127,  -16,   -4,   62,  116,  -92,   31,    1,   29,  -46,   69,   56,  118,  -26,   54,  -32,   99,   31,  118,   97,  -45,   32,  -11,  -71,  -38,   39, -120, -109,   37,   99,  -69,  -80,   76, -103,  -33,  103,  122,  -91,  -21,   44,   93,  108,   -7,   90,   90,   97, -111,  -79,    1,  -83,  125,  -49,  -85,   18,  -36, -117,   81,  -86,  -86,  116,  121,   10,  126,  104,   71,   -8,   38, -126,   31,   48,  -20,  -57,   81,  103,   44,  -30,   76, -101,  125,   76,   74,   68,   30,  -79,  -19,   10,  -24,  116,  -49,    9,  112,   32,  110,  -59,   34,  -90,   -9,  -25,   -6,   57,  103,  -46,  -95,   40,  109,  -79,   37,    2,   32,   18,  120,  111,  -31,   38,  125,   -1,   -6,   62,  -44,   88,  -28,  -98,   27,   22,  -77,   63,   97,  -77, -100, -108,  122,],
[  -47, -113,  -20, -126,  -68,  -35,   14,  -94, -126,   96,   32,  118,  -18,  -96,  -16,  -75,   71,  -21,  -67,   84,  -81,  -40, -100,  102,  -23,  -81,  126,  -22,  110,  -86, -121,  -64,  -93, -114,  -71,   -4,   11, -122,  -98,   87,  -60,  -47,  119,  -27,  -77,   26, -108,   91,  -79,   18,  -19,   19,   13,   45,   11,    2,  -56, -125,   94,  104,   80,   82,   32,  -38,  -92,   16,  -51,  120,   51, -124,  -43,  116,   65,  -19,  -99,  -86,  -59, -103,   95,   -5,  124,  121, -114,   51, -100,   26,   77, -102,   -9,    5,   20,   -6,  104,   -7,   22,  -48,   95,   -5,   17,  -45,  105,   44, -126,  -97,   10,  105,  117,  -96,  -65,  -96,  117,   24,   -1,   97,   54,  -49,  -99,   16,  -99,   78,   84,   69,  -84,  -70,  -32,  -66,   -6,   35,  118,  -19,  -56,  102,   -4, -117,  -55,  116,  -55,  -81,   55,  -98,   85,  -23,  -47,  -82,   41,  -62,   84,  123,  108,   55, -117,   58,  -44, -118,   11,  -70,  119,  119,  -78,   74,],
[   38,  -69,   14,   -2,  -46,  -29,  -87,   10,  -66,  -29,  115,  113,  -45,  -26,  -58,   50, -126,  -48,   46,   65,  121,  -16,    2,  111,    4,   84,  110,    0,    5,   51,    0,  -75,  -64,  -13,  -44,  -30,  -22,  -77,  119,  -16,   66,  -31,   18,  -36,  -99,   66, -127, -113,  -87,  114,   99,  -91,   80,   84,  -61,  118, -118,   91,  -23,   16,   -5,   56,  121,   77,   49,  -39,  -26,   83,   88,   46,   97,   42,  -56,   60,   85,   30,   49,  -33,    5,   41,   85,  -53,  -22,  -96,   18,  -78,  -24,   83,  -94,   13,  -22,  -31,  -31,    4,   15,  -16,   -5,  -21,  102,    6,  -51,   65,  -19,   56,   87,   63,   85,  107,  -95,  -40,  -82,   93,  -43,   53,   18,  -90,  122, -109,  -30,   -1,  -95, -110,   53,  -27,  -41,   79,    8,  120,   58,  -33,  -50,   42,   13,   17,  120, -114,   18,  110,    1,  112, -102,    0,   47,  125,   16,   63,    0,   35,  -38,   56,  123,  -21,  117,  -55,  102, -124,   21, -122, -124,  -76,],
[   33,  -93,  114,  -24,  119,  121,   56, -101,  -79,    4,  -92,  -46,  -31,   95,   21,  -42,    5,   52,  -75,   -8, -101,   25,   86,    2,   36,  -53,  -13,  -96,  -21,  -49,   -4,  -20,   -5,   90,  125,   92, -127, -114,  -69,  -59, -122,  -11,   94,   45,   81,   58,   66,   45,   76,   22, -122, -127,  -62,  -26,  106,  -90,  -55,  -26,  -89,   17,   66,   10,  -66,  -32,  -85,  100,  -16,   31,   57,  -98,  -26,  -23,  121,  -20,  -90,   24,   94,   11,  115,   60, -108,   30,  -94, -110,  102,    8, -117,  -80, -101,   34,  -88,  -88,   25,  -51,  115,  -56,  -83,   86,   39,  -65,   71,   43,  119,  -34, -115,   77,  -49,   30, -106, -125,   59,  -72,   36,   60,   16,  115,   59,  -97,   98,  115,  102,   62,  -13,  -81,   10,  -26,   26,   83,   19,   -4,   84,  -61,  -26,  -14, -124,  113,   89,   51,    0,  -59,   27, -114,    7,   77,   92, -100,   47,  106, -117, -124,  -15,   57, -111,   50,  -37,  101,  -61,  -37,   10,   42,],
[    9,   93, -126,  -85,  -17,  105,   -5,  105, -111,  113,  -69, -118,   43,   78,   25,   31,   49,  -99,   53,   48,   56,  -56, -111,   67, -105,  -83,   14,    5, -114,  107,  -12,  -19,  -46,   53,   20,  -20,   79,  -69,  -95, -124,  123,   19,   88,  -31,   25,   29, -115,   73,   53,  -38,   49,   -7,  -68,   49,  -12,  -53,   14,   23,   17,   63,  -53,   13,   96,  -76,  -54,  123,   68,   -9, -116,   77, -109,  -10,   -5,  -36,    8,   56,  -46,   13,  -41,  -32,   13,   35,    9,  -17,  -86,  -62,  -92, -125,   36,   15,  -64,  -68,  -15,  -17,  -84, -114,   98,  -37,   37,   50,  -60,  -69,  -56,  111, -120,   72,   83,  -13,  -39,  106,  -61,  -17,   -7, -124,   -3,   54,  -85,   51,    2,   22,  -99,  -20,  -49,  -99,   17,  119, -112,    3,   40,  -69,  -95,   -5,   47,   90,   14,   21,  -76, -117,   26,  112,  -52,  -75,  -12,   -5,  -48,   60,  -93,  -24,    2,  115,  -56,   37,  -41,   62,  -52,   -5,  -46,   68,   29, -108,],
[  -67,  -71,  124,  -85,   25,  -74, -119, -124,   41,   14, -106,    3,   93,  -87,  103,  127,    2,  -59,  -22,   24, -119,   44, -121,  -53,   71,  -51, -101,  -26,  119,  -84,  -70,   56,   93,  -86,  -47, -113,  -23,   19,  -72,   83,   39,  119,  -41,  121,  -38,   57,  -18,  111,   21,   81, -104,   82,   50,   61,  -85, -104,  122, -105,  121,  -24,  -43,  -66,   38,  -32,   91, -101,   16,  -17,  -99,  111,  -16, -111,    8,   33,  -58,   24,  -89,   15,  -75,  -72,   41,   73,   77, -104, -121,   64,  115, -105, -107,  -43,  122,    2,   94,  -64,   -6,  -13,   34,  -46, -121, -119,   76,   -3,   95,   66,   61,  -98,   37, -101,  -65,   12,  -63,   61,  -12,   78,   -2,  101,  -85, -124,   -6,   74,   86,  -11, -116,  -83, -101,   49,   37,  -47,  -74,   77,   86, -107,   35,  -86,   10,  -26,  -49,   59,   11,   57,  -73,  -51,  109,  -38,  -57,   59,  122,  -84,   87, -109,  -78,   43, -111,  -97,  -14,  -39,  -86,  -58,  -18,  -46,],
[   50,   64,   -7,  -62,  -23, -102,   80,  113,  -33,   -5,  105,  -98,  -69,  -93,  108,   99, -120,   32,  -23,   88,   94,   44,  100,  -84,   53,   51,   75,  112,  -60,  -17,  118,   70,   72,   25,   67,  -74,   -4,  -86,  -26,   82,   39, -103,    8,  -18,   15,   24,  -54,   36,  -73,   70,  -55,   76,  -85,  -56,   49,  -73,  -59,  -56, -119,   82,   57,   82,   52,  -11,  -59,  126,   94, -111,   83,  -18,  -38,  -18,   -9,    8, -119,   72,   16,  112,  -21,  -31,  -22,   49,  -16,  -29,  -66,   24, -107,  -83,  -33,  -83,  122,   88,  -14,   76,   -9,  -97, -118,   76,  -51,  105,   -6,   51,   17,  -91,  -71,  117,  100,   63,   49,   36,   11,  -42,   81, -105,   13,  -16,  -77,    3,   95,  -23,   57,  -22,  -61,  -44,  111,  -10,  -24,  124,   21,   24,  107,  -51, -103,   -3,  -54,   75,  110,  -61,  106,  -30,    0,  103,   61,  -73,  -76,  -19,   39,  -67,  -68,   43,   59,  -68,  -97,  -65,  -32,   14,   72,   29, -122,  -68,],
[  119,   48,  105,  -60,  -18, -120, -103,  -82,  -81,   12,  -60,  -76,  -97,   35,  -19,   48,  -16,  -39,   29, -114,  -93,  103,  -87,  113,   -8,   34,   39,  -57,   45,   71,   41,    6,  -37, -102,  -44,   78,   79,   74,  -20, -107,  -83,  -91,  114,   50,  -53,   -5,  -33,  -28,   -2,  -65,   37,   30,   73,   73, -125,   74,   63,  -61,   67,   56,  102,   52,    0,   -4,    6, -110, -115,  -31,  -86,  110, -118,  -66,  -77,   24,  -51,   82,   89,  -54,  -83,  112,  108,  -73,  -50,  -97,  -86,   24,   -5,  127,   10, -118,   57, -110,  -44,  -39,   20,  -77,  -46, -113,  -48,  -21, -123,  -40,   16,   93,  -97,  -86,    6,    1,  -75,  -95,   77,  -25,  -29, -109,  127,   61,  -41,   85,   28,   69, -121, -106,  -25,  127,  110,  -27,   67,  -66,   50,   61,   46,   85,   -2,  -90,  -13,  -94,  -19,   86,  -91,  -93,   98,  -53, -118,  -41,   32,   93,  -10, -101,   -5,  -71,   69,   67,   -6,   63,    0,   30,  -59,  -66,   70,   34,],
[  -78,    2,   19,   -3,  -51,  -84, -127,   50,  -83,   79, -116,   22,  125,   75, -121,   65,  123,   85,  -54,   82,  -41,  -77,  -78,   28,  -63,   19,   18,    9, -127,    3,   44,  -30,  117,  124,  -62,   57,  -66,  118,  -32,   44,    8, -127,  114,  -83,  -70,   91,  -64,  -93,  100,  118,  106,   -9,  -58,  109,  115,  -21,  -48,   91, -127,   81,   99,   10,   93,  115,   54,    0,   85,  -38,  -72,  -56,   14,  -92,   64, -114,  -23,  -72,  102,  109,    9,  -16,  -31,  112, -100, -107,   59,  -57,  -14,  -63,   54,   21,    9,   -2,   66,   98,   25,  -57,   71, -101,  -66,   37,  -71,  -97,  -32,  -86,   45,   84,   88,   -7,  -28,  -84,   13, -107,   18,  -82,  127,   45,  -66,   89,  114,   39,   23,  122,  -63,   19, -114,  -47,   -9,   69, -107, -109,   73,  -39,   88,   48,    4,  -62,   65,  -28, -126,   46,   49,  123,   81,  -12,  -82,   80,   11,  -68,  -12,  116, -116,   33,  -79,  120, -109, -121,  -48,   86,  -26,  -51,],
[   35,  -27, -104,   47,   66,  103,   -1,  107, -122, -118,   -2,   13,  -31,  -13,   47,  -21,    4,  -80,   12,  -77,   21,   32,  -79,   40,  -40,   56,   69,   75,   41,   38,  -80,  -72, -117,   71,  -90,  -45,   62,  -24,  -80, -100, -101,  -53,  -66,  -62,   32,  103,  -36,  -51,  123,  -33,  -85,  127,  116,   29,  -85,   45,   -6, -104,  -12,   73,  -49,   49,  -13,   84,    1,  -90,  -59,  -17,  -86, -112,  -51,  -63,   59,   96,   10,  113,   50,  -30,  -29,  102, -109,   39,  -26,    2,  122,  100,  -99, -101,   28,  -80,   20,   97, -108,  -99,   39,  -22,   81,   40,  -95,   31,   -3,  115,   97,   64,  -73,   63, -126,  -71,  -13,   38,  -88,  122,   99, -118, -109,   22,   44,  -90,   -2,  -44,  -36,  -49,  -13,  109,   95,   72, -100,  -69,   92,  -86,   59,  124,  -61,   93,   84,  121,  119,   17,  -97,  -83,  -39,   46,  -26,   68,   25,  -64,  -31,   16,  -95,   75,  -94,   49,  109,   -2,   51,   61,   49,   72,   -7,  125,],
[  -97,   65,  111,   21,  -92,  -44,  100,  -64,   -3,   59,  -78,   91,  -18,  -85,   50,   -6,   -3,  -68,  -41,   57, -115,  115,   50, -123,   31,  122,  -44,   26,  -93,  -19,   62,  -31,  -83,  -69,  -16,  111,   94, -109,  -91,  -29,  -29,   88,  -28,   72,   87,    9,   -9,  -58,  -17,  -90,   84,   84,  -70,  118,   48,   26,  -43,  -67,  -88,   70,   99,  -67,   67,   15,   48,   30,  -57,   11,   71,   16, -123,  -87,  -39,  -69,   54,  -16,   80,  -22,   -8,  -51,  101,   96, -113,  -98, -118,  102,  117,  -79,   13,  -12,   93,   -7,   58,  -11,   56,   38,  -20,   38,  -40,  -33,   77,  117,  -53,   79,   40,  -15,   -1,   73,  -82,  -88,   82,  -85,  111,    4, -107,   72,  120,   11,   50, -124,   92, -120,  119,  -29,    9, -115,   35,  -65,   61,  -55,  -35,   90,  118,  -87, -109,   12,   50,  -68,  -14,   64,   92,   86,  119,  115,  -77,  -30,  -50,   -3,   20,  100,  115,  -59,  111, -104,  -45,   47,   72,  -77,  -26,  -22,],
[   21,   53,  105,   99,  -31,  -58,   84,   13,  -15,   23,   21,  -71,  -33,  -67,   53,   50,  113, -123,  120,  -31, -118,   43,   24,  -97, -116,  124,  -90,   -4,    6,   78,   55,  -82,    0,   80,  103,   88,  -61,   35,   92,  120,  -12,  -73,   75, -111,   83,  -30,  -83,  -21,    1,  -82,   42, -113,   28,  -48,  -37,  -77, -112,   66,  125,  -27,  -19,  123,   38,   11,  -96,   53,   25, -110,  -21,  -54,  -49,  -20,  -27, -122,  -52,   30,  -20,   -3,  -35,   27,   81,   86,   83, -104,  -92,  124,   78,   27,  -16,  -77,   60,   -7,   59, -111,   27,  122,  -79,  -68,   26,  -34,  -65, -126,   43,   -3,    6,   40,  -88,   44,  -10, -126,   24,   53,  104,  -81,  -71,    9,   20, -114,  -38,  106,   57,   78,   31,  -62,  -54,   31,  -42,  -22, -121,  113,  -34,    5,  -67,   69,  -57,  -70,  -80,   -7,   72,    0,  -42,   27, -119,  -91,  -26,   34,   -4,  -28,  -10,  -97,   65,   40, -112,   74,   60,  -63, -118,  -21,  -18,   67,],
[ -117, -102,  -83,   67,   -4,  -56,   80,   42,   84,   12,  -19,   87,    8,  -86,   52,   80, -126,   80,   17,   36,  -19,    0,  -99,  -40,  -78, -106,    0,  -18, -125,  -12,   83,  102,   66,   52,  -84,   82,  -86,   -7,   76,   73,   -6,  -84,   48,  -25,   32,  -55,  -11, -112,   12, -108,   72,   61,   51,  -71,   96,  116,  -11,   91,  -82,   59,  -44,  111,   77,  -87,   71,  117,  -44,   95,   12,   -5,   24,   14,   69,  -35,    0,   91,   73,   76,   -1,   59,  -23,  125,   70, -104, -103, -117,  -46,  -18,   70,  119,   99,   16,  -73,   76,   -5,   94,  -51,   74,  121, -111, -127,  -86,  -22,  -25,  -18,   90,  -88,  -38,   73,  -67,  -33,   27, -102,  -41,   12,   25,   10,  110, -105,   47,   42, -125,   21,   79,  123,   49,  -42,   76,   31,   89,  -59,    8,   -1, -100,  -48,   58,  -59, -105,  -56,   -1,   -5,   93,  120,  118,   54,  -94,  -17,   27,    9,   18,  -89, -101,  -66,   76, -112,  -48,    9,   -4,  -85,   50,],
[   32,  127,   59,  -38,   21,  -99,   47,  100,  -77,  -64,   87,   96,   84,  -87, -123,    6,  -21,   24,  -97,  113,  -81,  -32,  -43, -118,   56,  -36,   -7,  100,   96,  -60,  -91,   73,  -52,  -47,  -74,   23,  104,  -80,  -59,   60,   59,   54,   40,   10,   96,   81, -102,    1,    2,  -86,   33,  102,   47,   -8,  -55,  -50,  -28,  112,   76,   85, -103,   87,  -63,  -62,   53,   29,  104,   68,  -73,   19,  -88,   16,  -11,   23,  -30, -126,   67,   64,  -92, -111,   88,    1,   85,  -68,   83,  -77,    6,   50,  -88, -126,   94,   99,  -27,  -69,   88,   67,    7,  104,  -37,  -30,   88,  -70,  -59,  -91,   18,   53, -121,   68,   57, -103,  -27,   91,  -26,    0,  -14,   48,   -4,  -95,  101,   -9, -127,   64,  -36,  -57,   11,  -80, -102,  108, -123,  113,  -12,  103,  -72,   82,  -29,   57,  -36, -100,  -17,  -58,   22,  -73,   -7,   -6,  -69,  -65, -123,  -14,   38, -117, -103,  -40,    4, -111,  -54,   50,  107,   43, -114,   86,],
[   10,   43,  -20,  -62,   96,   62,   30, -125,  -76,   16,  -53,  -12,   71,  -85,   84,    3,  126,   16,  -10,   47,   98,  -15,  -86,    6,  -33,   21,    5,  -51,  126,   91, -108, -111,   10,   69,  -43,  -38,  107,   27,  109,   48,   18,   11,   35,  -76,  -48,  -64,   66,    2,  -19,   -4, -125,   10,  -37,   11,   -6,   44,   86,  -92,  -62,  -71,  -45,   38,  -29,  -91,   15,  -92, -100, -114, -111,   63,   30,  -26, -119,  -63,  -40,   98,   77,   -7,  103,   -6,  -31,  -58,   67,  -99,   82,  -54,   68,  106,   70,   77,   13, -113, -108,   43, -116,   16,  -67,  102,    2,   53,   33,  -76,   85,  -61,  -63,  -98,   35,   84,  114, -112,   61,  103,  -56,  -27,  -91,  123,  -94,  -41, -104,   92,  -90,   87,  -52,   95,    0,  -63,  -11,  -52,   79,  -32,  -94,   29,  127,   64, -112,  -34,  123,  -59, -108,   86, -117,  120,   26,   62,   42,   12,  112,   47,  -66,   17,  -32, -110,    1,   66,  -70,  -76,  -16,  117,  -33,  -55,],
[ -104,  -97,  110, -114,  -86,  -33,   38,   67,   18,   17,   21,  -83,   -3,  -38,  -89,  106,  -91,  -91,   65,   61,   47,   18,  -33,   24,  126,   69,  109,   13,  -45, -114,   97,  109, -125,  104,  -78,   71,   57,   69,   68,   -7,  -11,   23,  101,   22,  -61, -103,  -22,  -49,  -15,  -49,   16,   31,   23,  -87,  -82,  -17,  -38,   79,  -47,  -29,   50, -118,  108,   26,   20,  -69, -112,   -1,  -39,  -32,  -16,   -1,   46,  -95,  -98,  -58,  -14,   81,  -66,  -55,   93,  -26,   44,  -56,  -79,   96,   62, -112,  105,    9,   43,   41,  -84,  -95,   70,   39,  -26,  -54, -124,  -28,  -47,   82,    7,  -55,  -34,   51,  -80,  -21,  -73,  -46,   86,   44,   81,  123,   59,   35,   79,  118,  -39,  -17,   25,  -46,   24,  -59,   -5,  -64, -113,  -28,  -85, -123,   94,  -99,    0,  122,  -65,   70,  -65,    8,  100,  -88,  -43,   40,   63,   69,  -53,   86,   60,   19,   91,  -28,  -95,  -12,  111,  -64,   12,   26,  -17, -114,   64, -104,],
[   48, -111,  -53,  -54,   90,  106,   37,   92,   33,   19,  -37,   27,  -88,   22,   91,   86,   99,  121,    5,  -14,  -41,  -38, -112, -127,    8,  -92,   84, -127,  -17,  -23,  -89, -123,  -41,  -53,   76, -126,  111,  113,  -95,  -24,  -18, -127,   13,  -39,   36,   20,  103,   28,   71,  -98,   70, -107,  -34,  -63,  119,  -14, -103, -123,   20,  -54,   -5,  -24,  108,   98,   27,   72,   62,   82,  -28,   17,  110,   65,  -89,   52,  -53,  -17,   87,   87,  -10,   75,  -64,   55,    4,  -59,  -95,   58,   -1, -105,  112,   34,  -54,  -66,  -83,  -39, -112,   94,   16,   86,   81,   67,   -8, -120,   35,   52,  -26,   73,  -66,   98,  -28,   72,  -12,   15,  -84,  108,   31,  -58,  -21, -100,   44,   58,  114,  114,  -54,   30,   52,  -62,  -23,  -93,  -32,  122,   17,   83,    0,   74,   45, -120,   90, -110,  102,  -82, -122,   10,  -91, -116, -126,   31,  -50,  -45,  -98,   -7,  -42,   30,   28,  -90,  -64,  -93,  -41,   99,   40,  -50,],
[  -48,  -14,  -31,   -7,  -20, -125,   83,   -5,   79,   26,   28,   72,   20,   -9,   36,   93,  -46,  105,   30,  -98,  -76,   24,  -82,   -4,    3,   37,  -78,   -1,   -7,  -79,   84,  122,   58,  -76,  124,  -92,  -63,   24,   49,   65,  -92,  -90,   17,   31,   -9,  -94,  -27, -105,  -61,   29,  119,  -45,  -64,  122,  -64,    7,  -44, -115,  124,   89, -112,  -37,   77,  -75, -111,  -20,  115,   59,   30,  -91,  -66, -118,  -45,  -79,   77, -107,  -74,  -44,   52,  -59, -109,  -61, -105,   20,  -21,  -41,  -20,  104,   85,   55,   83,   83,  -83,   72,  -53, -121,   97,    0,  -78,   29,  -72,  127,  -57,   -5,  -19,  -18,  -78, -118,  -21,   18,   52,  -20,   27,   28,   22,   -3,   -8,  -95,  -20,   65,   99,  -78,  -61, -122,   -8,   21,  -35,  113,  -51,   13,  123,   33,  -33,  -77,  -14,   51,   27,   73,   -9,   80,  -52,   20,   97, -121,   73,   35,   97,  -96,   65,   -1,  -47,   44,  -14,   69,  -78,    3,   49, -103,  -22,  -21,],
[   15,  -22,  -22,   22,   -9, -125,   61,   70,  -97,  -27,   46,  -74,   36,   78,   15,   10,  -91,    9,   63, -120,   56,  -46, -122,  -69, -111,  112,  -37,   83,   49,   99,  -77,   99,   -4,   35,  -16,   66,  127,  -18,  125,  -60,   81,   29,   63,    0,   88,  106,  -23,  -30,  -50,  -74,  -48,   56,  103,  -78,  -51,   -8,  -28,  -22,   84,   -9,  103,  -71,  -48,   67,   -2,  126,  -39,  -27,   14,   39,   96,   49,  -92, -123,  106,  -21,   99,   74,  116,  -14,  122,   78, -119,   44,  113,  -17,   62,  -27,   40,   35,    9,  103,  -35,   26,  -80,  -22, -104,  120,   71,   54,  -47,   28,  107,   12,   31,  104,  -54,   44,   90, -119,   10,   22,  121,  -88,   58,  -43,   16, -109,   75,  124,  -77,   66,   62,   20,   49,  -68, -102,  -80,  -25,  -58,  -76,   99, -112,  111,   -3,  -53,  -27,   75,  -51,  -16,  105,   -7,  -32,   34,   51,   87,    9,   32, -107,  -35,   63,  -81,  -15,  -89,   18,  104, -100,   13,   46,  101,],
[ -100,   87,  -12, -109,  -89,   -2,  -53,   92,   46,  104,  -66,  -36,  -44,  -91, -127,   98,  -90,   35,  -11,  110,  -20,   70,  -70,  104,  -23,  -23,   -8,  -60,  -17,  -76,  101,   81, -125,  -48,   50,  -25, -115,  -34,  -29,   37,  -52,   50,   60, -115,   -8,   79,   81, -102,  106,   15,  -43, -101, -107,   -1,   55,    8,   55,  -41,   60,    0,   17, -113, -115,   52,   -1, -115,  111,  115,  -47,  -38,   42,    3,   39,   85,  -64, -104,   73,  -15, -116,    6,  -82,  -44,   86,  123,   45,  112, -120,  106, -111,   -8, -123,  109, -125,  -75,   79,  -58,   12,   37,    7,  -56, -104,  119,   94,  -51,  -62,  -75, -100, -118,   82,  -66,  -59,  -38,   57,   98,    1,  -41,  -29,   57,  -43,  -33,   67,   14,  -51,  -44,   93,  -12,   42,   55,   61,  101,   44,  -20,   33,  -14,   21,   81,   53,  109,  119,  -25,  -71,  -95,  -24,   66,  -22,  -27,  -77,  114,    4,  -78,  -95,   50,  -78,   13,  107,   -9,  -49,   82,  -10,   46,],
[   60,  -45,  105,  -34,   66,  -66,   60,  -44,  -79,  -47,  -46,  -83,   56,  -69,  -72,   97,   56,  -68,  -92, -120,  113,  109,   69,   37,   93,   39, -118,   13,  -95,   15,   98,  -52,   77,  -85,   32,   21,  -23, -119, -102, -108,   -1,  -21,    7,  -47,  -91,  -24,   82,   84,  -77,    2,   97,   76,   35,   49,  115,  112,  -40,  -61,  -80,   73,   51,  -96,  -10,   41,  -52,   99, -115,    0,   28,   55,  -53,   72, -126,    0,   69,  -65,  108,  -71,  -87,   46,    2, -120,   82,  105,  -81,    0,  -75,   71,   80,    0,   57,   83,   -1,  -76,   18,   84,  -85,   41,  -62,    6,   -7,  100,   70,   29,   49, -117,   21,   93,   16,  121,    8,   -4,  100,   87,  -75,    0,   60, -111,  109,   84,   11,   53,  -38,  -52, -109,   50,  -18,  -42,  117,   98,  -86,    6,   56,  -27,  -40,   57,   31,   62,  -39,    7,  -82,  -85,   20,  -62,  -80,  -78,  -94,  -81,   15,  -43,   83,  -73,  101,  -14,  -97,   76,   25,  -73,   25,   46,],
[   79,  -85, -121,   87,   37,  -58,  -89,  -70,  115,    7,   73,   18,  123, -119,   72,  123,  -43,   16, -122,    6,    0,  -12,  122,   12,   85,  126,  109,  -27,   79,   26,  123,   85,  114,  -37,  -12,   72,  -89,   76,   49,  -74,  -15, -121,  -11,   76,  -63,    6,  120,   27,  -37,   36,   41,   18,    3,   79,  -52,  -29,  102,   90, -127,   33,   15,  -21,  -45,  -70,  -78,   -2,  100,  -96,   61,  114,   74,  -68,  -17,   27,  -58,  120,  -25,  -53,   79, -114,  -31,   87,  -88,   85,  -95,   -2, -119,   72,   63,   59,  111,  126,  -55,  -18,  -70,  -59,   -5,  -38,   33,   29,  123,  110,  -94,   80,  -31,   86,  125,  -43,  103,   60,   81,   57,  -99,   75,  124,  -54,   -4,  -46,   77,   60, -100,   18,   37,  120,    4,  -94,  -97,   86,  -49,  108,   78,  -10,   18,   44,  -66,  114,   79,    3,  -77, -105,   86,  -14,   90,  119,   96,  -40,  -14,  -28,   79,   83, -120,   56,   83,    6,  -25,  126,  -31,  -65,   73,  -59,],
[  -54,  -23,  -26,   92,  -58,   80,   -5, -106,   90,  -90,   88,  -21,   95,  -63,  -98, -101, -112, -110,   49,   14,  -20,   66, -124,  -80,   81,  119,  -47,   -7, -103,   50,  -39,   99,   31,  -64,  -68,  115,  -10,  -73,   15,   43,   60,  122,   53,  -10,  -55,  -78,   40,  -13,  -84,   63,  -72,   43,   61, -106,   99,   12, -102,   -4,  -39,   75,  123,  -94,  -58,  118, -104, -106,   -6,   93,   25,  -10,    7,   22,   69,  115,  106,  -43,  -19,    8,   91,  -62,  -52,  -28,  -35, -106,   68,    1,  -97,   46,  -51,  100,  -54,   76,  -17,  -18,   95,   63,   27,  -57,  -93,  -82,   59,   88,   74,  -73,  -33,   61,  113,  -99,   66,   62,  -11,   68,  -97,  -72,   80,   34, -100,  107, -120,  114,  -97,   55,  -54,   78,  119,  -86,   77,  118,   32,  106, -111,   -9, -123,  -30,   21,   98,   11,   57, -103,  -37,  -46,    6, -121,   44,  108,   45,   23, -102,  118,  116,   74,  -88,  -37,  -76,  -42,   24,   41,   40, -113,  -53,],
[   60,   76,   -8,   62,  -78,  -48,  126,  101,  -30,    5,   13, -109,  -62,  -54,   -1,   40,   18,  109,   16,   64,   29,  117,  -26, -102,  105,  -45,   65,  -19,   54,  -21,   -3,  -26, -102,  -14,  -31,    2, -101, -104,  114, -121,   21,  115,   76,   67,   78,   45,  -97,  -38,    9,   89,  115,   80,  115,  126,   52, -117,  -59,   68,   58, -123,  102,  -76,  -58,  102,  125, -102,  -80,   59,   45,  100,   56,    5,  -18,   15,   46,  -33,   75,    9, -125,   94,   95,   10,   77,  124,  -13,   88,  -24,   52, -124,  -20,   67,   18, -102,  120,  -13,  100,  -64,  -71,   32,   86,  111, -101,  108,   22,   78,  -99,  -26,   85,   36,  113,   32,  -54,   60,   83,    6,  112,   45, -125, -118,  -56,  -45,  -19,  -69,   59,   74,  -26,  -30,  112,  -41,  125,   66,  -69,   -3,  -40,    5,  103,   46, -105,  123,   10,  -34,   47,   64,   39,  -33,   59,   93,   79,   78,  -73,   -3,  112,  119,   30,   85,  -94,    6,  101,   76, -111,],
[  -52,   75, -125,   73, -112,  -16,  -48,  -98,   31,  -79,  -50,   90, -107,   70, -120,  124,  -97, -122,  -25,  -78,   22,  -27,   -6,   78,  -49,   13,  -97,  -32,  -11, -110,  -64,   71,  -61,   64,   35,   88,  116,  110,  115,  -39,  -54,  -41,   24,   26,   -2,  111,  -14,  -62,  -20,  -84,   21,   46,   96,   54,   18,   -4,  -50, -126,   -3, -123,   89,  -59,  -89, -117,  119,   51,   63,   52, -112,   25,  -20,  -81,  113,  -84,  105,   23,  -29,   30,   84,  -17,  -52,  -34,  -85,   78,   30, -119,   48, -116, -126,   -2,  -84, -100,    9,   11,  -66,   76,  -69,   48,   72,   39,  -30,  -21,   16,  -84,  108, -116,   43, -105,   42,   -3,   88,  -18,   94,    7,  -54,   19,  -38,   -8,   22,    8,   17,   54,   65,   36,  118,  -85,  -97,  114,   -6,  124,   10,  -18,    1,   26,   12,  -40,  -83, -119,   29,  -42,   79,  -18,    2,  -92,  -37,   71,  -24,  122,   55,   82,   91,  114,  -73, -100,   39, -105,   40,  -92,  -71,  -34,],
[   56,   22,   39,   65, -101, -110,  -24,   47,  -67,  112,  -39, -119,  102,   12,  -83,  107, -111,  120,   83,  117,  -18,  -96,  -12,   68,   74,   85,  -91,  101,  -65,   44,   84,  -26,   16,  -77, -102,  -50,  -11,   -9,    0,   40,  -66,   68,  -48,   93,   26,   41,   15,   25,  103,  -85,  -78,  -17,   83,   35,  -88,  112,  -74,   66,  -42,   -8,  114,  -79,   15,   92,  -76,   64,  -75,   61,  -18,  -90, -119,  -79,  104,  -64,   73,  118,  -79,  -48,   49,  120,  -35,  -85,    4,  -54,   78,   83, -101,  -33,    2,  122,   47,  -80,   20,  -38,  -30, -122,  -16,  -30,  -92,  -83,  125,   51, -109,  -80,   12,  -40,  -26,  -13,    7,   67,   -7,  -50,    9,   -9,  -96,   99,   99,   96,   69,  117,   74,  -52,   -2,  -25,   10, -123,   29,   38,   40,  120,  -24,   51,  -82,  106,    2,    2,   21,   55,  -97,  104, -113,  124,   33,  -43, -101,  -53,  -77, -117,   43,  -77,   -8,   10,  -61,   65,  102,  -20,   87,   73,  -25,  -14,],
[   86, -107,   93,   96,  -86,  -47,   20,   -2, -126,   64,  -59,  -31,   86,   47,   61,  -61,   90, -105,  -58,   15,  -39,  -19,   95,  -16,   59, -106,  100, -117,   17,  116,  -64,   28, -114, -119,  -75,  -70,  -83,   35,   95,  -15,  -18,   15,    0,  100,    0,  -60,   57,  -62,   37,    4,  -74,  -81,  -73,  101,  121,  -14,   22,  -60,   77,    2,  106,   13,    0,   73,   -5,  -40,  123,   65, -115,  -42,   80,  -94,    9,   -8,   83,  -18,  -55,   96,   89,  -10,  -12,  116,  -69,   41,  -89,   44,   35,   81,   83,   -5,  -50, -117,   40,  -46,   87, -100,  -33,   64, -110,  -22,  -70,   20,   46,  -50, -100, -122,   20,  115, -123,   92,   56,  125,   85, -127,  -29,  -82,   34,   11, -116,   72,    5,   33,  -20,  -40,   46,   57,  -53,   43, -105,   54,  -76,  -90,  -70,  -60, -107,  -84, -119,   -4,  -11,  -31,  -95,  -54,  -53,  -23,  -16,  124,   20,  -22,  -67,    3,  -65, -120,   91,   86, -126, -112,  -14,  113,  -66,    7,],
[ -107,  -24,  -12,   90,  -87, -127,  124,  105,   73,   86,   -2,  -99,  -95,  -10,   91,   70, -124,  -18,   13,  127,   31,  -54,  -99,   59,   26,  -15,   70,   86, -124,  -31,  102,  -73,  101,   59,  -67,  102,   64,   31,   48,  -85,  110,  -57,   16, -126,   33,   97,   15,   25,  105,   25,  102, -120,   13,  -45,  -32,    4,   30,    3,   69,  -63,   14,  -90,   83,  -68,  -86,   76,   81,  -94,  -53,   44,   87,   16,   31,   59,  101,  -25,  -43,  -58,  -32,   94,   12,  118,   12,   25,   95,   68, -102,  123,  -35,  -47,  -29,  -29,   79, -104,  110,   13,   30,  114,  -53,   91,   49,  -21,  -18,  -81,  -97,   84, -117, -103,    9, -104,  -93, -121,  119,   55,   71,   60, -119,    0,   53,   52,  -27,   93,  -35,   69,   32,  -60,  117, -102, -106,   57,  -98,   88,  113,   89,  -52,   20,   71,  112,  109,  -37,  -94,    0, -124,    2,  -58,  -59,  -75,  116,   20,   30,  -15,  -72,   89,   93,  -57,  -25,  112,  -15,    0,   76,],
[  124,  102,   21,   90,  -96,  -85,  -98,   71, -120,   32,   75,  108, -100,   98, -122,  -78,   51,  -63,  -51,  -68,   34,  -18,  105, -120,  120,   64, -113,  -61,  -56,  -98,   -1,    1,   83,  120,  -47,   22,  108,   76,  -23,  -60,  -22,  -79,  -67,    0,   10,   87,    4,  116, -116, -122,  -35,    8,  110,  122, -113,   32,   23,   47,  120,  -54,   72,    1,  -70,   19,  -73,   36,  -49,   59,   28,  -30,   12,    2,   16,   37,  -75,  -60, -102,   51,  -77,   26,  -72,  -92,   12,   65,  -54,    1,   44,  112,  -94,    8,  -96,  100,   40,    8,   80,  -47,  -36,  -42,   96,  -15, -113,   73,  -68,  -17,   50,   57,   -6,  -36,   14,  127,   30,  113,   55,  -27,   89,  -53,   32,   -4,   98,  -29,  -96,   99,   -5,  115,  -71,  -38,  -71,    3, -117,   54,   47,   87,  -71,   20,    6,  -15,  -94,  -33,   46,  103,   69,   -1,   42,   62,  -97,  -54,   27, -126,  -13, -100,  -85,  -37,  -84, -112,  -42,   79,   98,   86,  -59,  -23,],
[   40,  -97,   63, -126,  -86,   18,  -47,  -27,   73,   68,   74,   -8,   48,  -84,   16,   59,   33, -115,    0,  -73,   91,   73,   88,   49,  125, -107,  -42,  -55,  -93, -111, -100,  -70,   47,  -88,  -22,    3, -121,  -58,  -38,   34,  -88,   74,  -99,   30,   94,   56,  102,  -99, -126,  -97, -113,   53, -115,   34, -110,  -72,   96,   51,   -9,  -85, -106,  -38,   60,   40,   50,   29,  -28,  -31, -113,  108,   55,  -11,  -40, -115,   81,   92,  114,   16, -105, -112,   34,  -86,   38,  -63,   81, -126,  -35,   58,  -70,   96,   14,   52,  106,   56,  126,  -39,  -34,    6,  -73, -103, -104,  121,  -43,  -91, -118,  -32,  103,  -81,   40,   84,  -25,   55,   -7,   14,  125,   20,   10,  120, -112,  119,    7,   77,  -56,  -97,  -25,  -23,   18,  110,  116,  -99,   69,   36, -112,   25,  123,  111, -120,  -48,   54,   14,   84,  -33,  113,   47,   22,  103,  -95,  -30,  -78,  -52,   95,  -84,  -34,  -32,   42, -100,  109,   99,   -1,  126,],
[   80,  -38,  -54,  111,   -3,   49,   69,   10,   50,  -97,  -15,  -29,   99,   68,   41,   12,   31,    4,   -5,   85,   92,   -1,  -46,    8,  107,   57,   15,  -44,  -10,  -43,  -91,   26,  -26,  106,  -41,   99,   -2,   94,   42,   35,    3,   72,   30,   21,   88,  -51,   90,  -39,  -44,  111,   72,   16,  -79,   74,   76,  -73,  -13,   48,  -83,  -24, -112,   38,  -69,  -54,  -63,   50,  -39,  -35,   72,  115,  119,  -32,   11,    0,   32, -127,  -47,  125,   41, -101,   13,  -21,  -98,   47,  -11,   29, -122,  -38,  -44,   83,   17,  112,  -28,  115,   82, -116, -125,   79, -111,  -75,   42,   -2,   82,  -33,  115,  -79,   47,   -5,    1, -114, -111,  -51,   55,  111,  -18,   69,    0,   32,   17,   11, -125,  107,  -98,   -1,  -78, -108,  -48,   91,  104, -105,   25,  -69,   11,   66,  -72,   55,  124,    0,   91,   80,   52,  114,  102,   99,   92,  -81,  125,   91,  -59,  -76,   88,   92,   13,   -9, -109, -100,  -45, -106,  -10,  -92,],
[   67, -104,  -26,  -77,  -25,   60,    0,  -12,    0,   71,   13,  -58,  -50,  -44,   83,  -54, -103, -110,  -23,  -10,   78,  113, -100,   87,   24,  -82,    3,  -55,   54,  -64,   92,  -47,    0, -105,  -63,   95,  -42,   32,  -41,   30,  112,   25,    6,   24,  -51,   22,   93,  -27,   38,   59,  -85, -112,  -66,  -88,   -9,   -2,  -32,    0,   91,   -2,  101,   17,  -16,   65,   33, -112,  -51,  116, -122,   91,  -62,  -79,   85,  -60,   95,   -3,   67,   83,   94,   16,  -46,    3,   16, -100,   79,  -31,   90,   75,  -70, -109,   97,  -83,   -2,   63,   -5,  -52,   66,  -69, -123,  -94,  -68, -110,   32,  -92,  -47,  -55, -121,  -96,   93,   93, -117,   31,    4,  124,  -64,    5,  -46,  -36, -112,   48, -108,   73,  -81,  -65,  -70,  -72,  -99,   66,   22, -124,  -69, -113,  -41,   32,  -91,  101,   27,  -28,  -55,  -88,  -32,   63,  111,   94,  -68,  110,  -72,  -82,   51,   19,  -71, -105,  -12,   55,   60, -108,  106,   36,   76,  107,],
[  -25, -112, -101,  -38,  -50,   27,   97,   90,    7,    9,  -59,  -79,  -89,   59,  -18, -111, -111,  -37,  -48,  114,  114,  -75,  -48,   97,  117,   46,   84,    5,  -11,   95,   89,    7,   26,   61,  -89, -101,   45,   78,  -72,   96,  124,  -29,  114,  -49,  -90,   76,   67,  116,  -79,   -2,   54,  -92,   44,   43,  -90,  -23,   78,   52,   28,  -28,   92,    1,  108,   78,   42,  -95,   57,  -32,  -99,  -65,  -24,  -50,   -4,  -42,  -93, -112,  107,  -93,    3,  -69,  100,  -58,  113, -114,   17, -107,  -26,    0,  -52, -118, -112,   -7,   55,  -40, -124,  -16,  -87,    9, -124,  -79,   90,   41,    7,  -15,  -96,   -3,    0,  121,   24,   44,   24,   17, -118,  -34,   95,  -12,  107,  -53,   15,  113,  -45,   39,    5,    5,   54,  -21,  120, -108,   67,  122,   19, -117,   59, -127,    2, -112,   26,  -85,    8, -122,  107,    8,  -56,   28, -103,   40,   56,   17,   30,   95,  125,   -3,  -30,   57,   40,   65,  -94,   -8,   -7,  -37,],
[   59,   49,   73,  103,   46,  -13,  -97,  -24,   50,  -20, -106,  -82,  -73,   19,  -84,  118,   33,   59,   10,   23,   35, -103,   97,  -33,   12,   42,  125,  -34,  -39,  118, -114,   93,  -20,  -91,  -31,   51,   57,  -28,   -4,  -80,   74, -124,  -38,   91,  -23,   95,  -70,   51,  -56,  107,  -69,  -78, -116,  121,  -59,  -56,    0, -105,   97,    5,  -42,   18, -105,   41,  -55,    3,  -20,   85,   -5,  112,   15,   21,   91,  109,   92,  -12, -124,   54,  -68,   96,  -50,   64,   11,    4, -124,  -73, -118,   98,    2,  -39,    9,  -41,  -89,   52,   76,   72,   95,  -80,  -42,   46,   41,  108,  -91,   61,  -10,  -37,   -3,  -42,  -91, -102,   87,    0, -117,  124,   16,  -87,   77,   68,  -21,   80,  -16,   -1,    1,  -19,  118,  121,   60,   57,   78,  -55,   97, -109,   18,  -27,  -28,   70,  -60,  -70,  118,   84,    1,  -58, -122,   16,  -19,   24,  -72,   51,   64,  -56,   -9,   43,   63,  -48,   47,   88, -127,   57,  -50,  116,],
[  -44,  -92,  -87,   85,   29,  -99,  -55,  -57,    7,   46,   87,   61,  -29,  -83, -100, -125,   -5,  -59,   75,   45,   81,   37,   27,    4,  124,   76,  -50,   33,   34, -127,   68,  -22,  -61,  -49,   31,  -72,  -58, -109,  -85,   76, -104,   16,   10,   86,   47,   -8,  -58,  -58,   86,  110,  103,   26, -119,  -15,   22,  103,   77,   42,  -12,   72,  -55, -104,   51, -126, -122, -114, -114,   -2,   37,  122,  -73,  -36,  103,  -10,   78,  -38,  -30, -117,    7,   59,   51,   52, -125,  118, -118,   -2,    4,   84,  -19,   90,   13,   71,  126,  125,   13, -100,  -95,  -32, -102,   92,  -24,   64,  -14,  118,   -1,  -86,  -67,    0, -112,    0,  -69,  -64,   98,  111,  109,   51,   15,   85,   84,  -57,  -76, -125,  -34, -114,   96,  -26,   24,   17,   47,   -7,  -67, -126,  -44,    7,  -69,   14,  127,  -81,  -57,  115,  -27,  -87,   22,  -88,  -54,  -78,  -51,  -69,  -22,  -76,  -46,  -80,   13,    4, -124,    7,   41,  -62,  117,   47,],
[   98,   72,   73,   22,   72,   45,   71, -109,  -93,   66,   54,  -38,   37,   16,   35,  -65,  107,   70,   32,  -13,    5, -106,  -97,   -6,  126,  -10,  115,   18,   40,   54,   26,   63,    6,  113,  -23,  -72,  -69,   71,  -93,  106,   57,  -42,   40,  -48,  -83,   -7,   69,  -55,  -36,   44,   62,  -76,  -29,   42,  -75, -121,  -91,  -89,  120,    9,   69,   33,  -39, -126,  127,   82,   32,   -2,  -71,  -96,  -74,  115,   45,   22, -104,  107,  113,   93,   57,    1,  -53,  -99,  -43,   83, -100,  -39,  100,   48,  -74,   30,  -73,   60, -126,   26,  -40,  -82,   71,    1,   73,  119,  -21,   61,  -67,    2,  126,  102,  -41,  -72,   -4,  111,   19,  -99,    1,   12,  108, -103,  -27,  -60,   88,  -56,   -2,  -99,   46,  116,  117,  -16,   23,  -12,  114,  -53,   22,  -85, -115,   91,   77,  -27,   71,   96,   11,   60,  -13,   25,   61,  -57,   92,  -94,   98,  -55,    6,  -62, -111, -103,  -28,   24,   49,  115,   79,   40,  109,  123,],
[  -86,   53,   18, -105,  -10,  109,  -42,   99,  -72,  -39,   55,  115, -109,  126,   -4,   36,  -45,  -64,  -19,  -96,   98,  -28,  -22,   99,   99,  -63,  -19,  -16,   89,    1,   11,  -27,  -76,  124,  -97,  -76,   20,   33, -101,  -71,   27,   92,   52,   83,   46,   -8,  107,   80,  118,   -1, -101,   79,  116,  -13,   19,   99, -111,  127,  -27,  -98,  -14,  -15,   -7,  -57,  -22, -105,  121,  -16,  109,  -37,   59,   30,   80,  -84,   48,  -55,  -77,   27,   -1,  -34,  107,  -79,   85, -127,   76,  111,   24,   72, -100,  112,  120,  -92,   19,   40,   21,   52,  -65,  -77,  -78,  -78,   32,   55,  -84,  -65,  -46,  -59,  -73,   57,   36,  -81, -126,  -37,  115,  -33,  -40,  -38,   23, -111,   88,   62,  -56,  -19,   90,  -91,   75, -118,   24,   50,   63,  -76,   52,  -40,  -30, -118,   59,   66,  -80,  -38,  -89,    0,   30,   56, -104,  -54,  100,  -53,  -69,  116,   21,  -56,   15,  102,  -13,    5, -104,  -72,  -60,   56, -111,   65,],
[ -116,   57,  -61,   59,    3,   96,   14,  -59,   21,  -41,   59,  -12,   85,  111,  -66,   39,  -83,  111,  108,  -29,  -95,  -66,   77,  -38,   18,    0,   21,  -16,   61, -122,  -24,  -38,  -29,   24,   -7,  -88,  -25,   -2,  -94,  -34,  -63,  -34,    1,  -31, -106,  -55,   70,  -25,   85,   -5,   51,  -79,   45,   82,   -3,  -84,   50,   92, -113,   83,   14,    5,  -36,  -20, -107,  -36,   73,  -25,   13,  -32,  -50, -100, -114,   77,  100, -116,   68,  -18,   93,  117,   -3,   89,  -82,   97,  -60,   30,   96,  102,   -8,   81, -101,  -27,  -88,   -7,    6,   95, -113,  -51,  125,  -73,   12,   58,   62,    3,  -19,  -75,   36,   50,   92,   65, -123,   54,  -38,   43,  -44,  -18,    7,  -15, -112,   10,   34,   79,  -91,  -99,   19,  -30,   85, -108,   84,  102,  -71,  -50, -110,   -7,   -6, -110,  -25,   99,   89, -120,  -14,   93,   28, -124,  -68,  -54,  -12,   75,  -80,  -43,  126,   18, -124,   -3,  -14,  -19,  111,  -10,   16,   97,],
[   -2,  -33,  118,   92,  -28,  -63,   93,   64,  -99,  -39,  117,  -68,  -78,   21,  -44,   53,   11,   71,  -77,   99,   19,    9,  117,  112, -116,  -69,   30,  -67,  -12,  -92,  -40,   24,   65,   35, -121, -120,  -30,  -17,   31,  120,  -56,  -44,   63,  -15,  -32,  114,  -70,   19,  -59,  108, -110,   25, -104,    6, -107,   14,   63,  -96,  -97,  111,  -14, -111,  -92,  127,  -24,   89,   24,  111,    0,   23,  -52,   35,  -70,   70,   89,   69,  -40,   55,   48,  100,    2,  -69,  102,  -56,  -61,  125,  -39,   77,   59,   -5,  -63,  -37,   82, -100,  -60,   88,   86,   94,   43,  -85,   78,    6,   75,  -99,  -36,  -36,  -68,  -50,   15,   94,  -13,   98,  -16,  -20,   94,   67,   46,  -43,   18,    8,   52,  -44,   40,   82, -109,   93,   95,  -39, -121,   72,   26,   72,  113,   64,   89,  -67,  -81,  120,   55, -106, -111, -101,   22,  -61,   88,  113,    1,   85, -119,   48,  106, -112,   -9,  106,   82,   30,  -49,  -96,  -11,  -77,],
[   13,  -29,   25,   79,   40, -126,   12,   81,  -52,   54,  116,   37, -126,  -41,    5,   49, -104,  -12,   46,  -64,  -95,  -27,  -29,  -80,  106,  -75, -110,   -1,   52,  109,   94,   14, -108,  -74,  -79,   61,   73,   63,  -47,   30,  -27,  106,  -12,  118,  -97,  -76, -124,   80,  -89,   86,   26,  -64,  -41, -122,   86,  -87,   10,  100,   23,  -82,   12,    2,   73,   10,   96,  126,   70,   11,   66,  -91,  110,   98,  -62,   30, -114,   -1,   58,   14,  -82,   62,   21,   49,   86, -120,  -91,  -38,  117,  -74,  -20,  -34,  -29,   92,  -73,   86,  -65,  -66,   74,  -80,   19,   39, -102,   24, -127,   83,  -59,   23,  -11,   44,  -63,  119,  119, -115,    9,  -42,  -56,   66,  -99,  -30,   73, -120,   62,  -60,  -43,   50,  -84,   22,   30,  -69,   71,   -7,  -87,   -8,  109,   52,    0,  -96,  -26,  -49,  -81,  -29,  -72,   57,   43,  -55,  -62,   77,  -82, -111,  -22,   87,   53,  -55,   68,  -20,  -95,   80,   -4,  -86,  -97,    8,],
[   97,  -64,  116,  -35,  -12,   77,  -72,  110,   56,  123,  -97,    0,  -69,   86,  -19,  119, -105,  -38,  -97, -111,  -50,   41,  115,   28,   92,  -25,   83,  -47,   79,   47,  -47,  -91,   60,   33,   55,   45,  123,  -15,  -49,  -36,   99, -122,  125,  -39,  126, -118,   57,   18,  119,  117,   10,   84,   34,    0, -110, -103,  123,  122,  -48,   69,  101,  125,   28, -117,   20,  -14, -117,   54,  106,  -29,   66,   -2,  -87,   18,  -39,  -70,   78,  -59,   99,   15,  106,  -48,  -75,  102,   90,  -67,   -1,   84,   46,   38,  -43,  -76,   22,  -94,   64,   42,  -70,   64,  -27,  -64,  -67,   33,  -24,  -29,   98,   -4,   28,  -24,   14,  -76, -106,   89,   14,  -45,  -65,  -55,  127,   -8,   -7,  -43,   26,   35,   -9,   32,   84,  -29,  -44,  -24, -102,  -46,   13,   10, -116,   94,  -19, -110,    0,   87,    7,  -96,  -70,  -72,  -41,   84, -100,  -94,  -97,  119,   51, -126, -101,   32,  124,  -33,   34, -126,  -91,   64,  -56,  -89,],
[   56,  -93,   40,   74, -123, -122,  -39,    7,   13,  110,  -77, -105,  -24,  -20,    0,  -36,  -31, -108,  -93,  101,  -78,  -30,  -41,  -83,   43, -126, -102,  -54,   42,  -17,  100,  -66,   47,  -21,  -80,   48,  109,  -64, -121,  -71,   40,   69,   16,  122,   66,   34,   70,   69,  -58,   59,  115,  125,   76,  -37,  -10,  112, -110,  -20,   -2,   97,   27,  -33,  -57,  125,   50,   21,  119,   99,  -93,  101,  -81, -106,   12, -104,  102,  111,   14,  -28,  -76,  -36,   73,  -30, -115,   34,  108,   99, -102,   81,   55,   52,   64,  -87,  -56,   53,  105,  -85,   11,  -56,  -87,    1,  -98,   12,  -35, -124,   10,  -39,   88, -111,  -89,  -10,   46,  -29,    2,    9,   71,  -81,   20,  -84,  -68,  -78,  -73,  -87,  -81,   -5, -102,   80,   26, -118,  -97,   97,  -57,  -95,  107,    1,   -8,  -32, -118,   52,  -35,  -10, -126,  -47,  112,   23,  -96,  -22,   80,  -10,  -33,  -98,  -81,  111,  -56,  -45,  110,  -89, -111,   72, -127,   81,],
[  -23,  118,   45,   83,  -80,   72,   61,    1, -114, -115,  -59,   42,  -85,   40, -115,   44,  -22,  -11,   47,  -61,  126,   89,   27,  -40,   54,  114,  123,  -10,   69,  -23,   30,  -81,  123,   83,   13,   28,   44,  -99,   65,   52,   48,   -1,  -69,  -76,   70,  -26,  112,  -50,   63,   86,   67,   89,   61,  -74,    3,   55,  -25,  124,   41,   41,  -26,  -69,  -54,   77, -127,  127,  114,   -3,   53,  -10,  -13,  -64,  -96,  -35,  -66,   15, -113,  -84,  -33,   32,   22,  -20,  -62,  -13,   -4,   68,   65,  -49,   88,   33,  -90,  121,  -68,  124,  -78,   75,  -66,  -73,   63,  -20,  -71,  125,   25,   98,   39,   51,   38,  -79,  -38,   85,  -12,   64,  127,  -46,  -69,  -61,  -74,   78, -123,   89,   30,   73,   -9,   23,   40,   35,  -32,  -64, -115,  111,  -82,  -40,  -65,   25,   79,   81,   39,  -59,   38,    6, -108,  -11,  -94,   63,  -95,   89, -107,  117,  126,   83,  -37, -120,  -25,   19,  120,   45,   33,   93,   51,  -67,],
[   97,  -41,   82,   40,  -29,  100, -117,  -70,   26,   13,  -59,  116,  -63,   84,   55,   43,   59,   10, -114,   43,  126, -117,  -94, -124,  119,   86,  -35,   90,  -72, -110,   98,  -54,   70,  -46, -107,  -69,  -34,  -75, -100,   67, -113,   63,  100,   87,   -3,  118,  -43, -120,   36,  -88,  -67,    0,  119,  -25, -106,  -15,  -85,  -93,   52,  -72, -106,  -32,   -3,  102,   95,  127,   60,  -24,  124,   23,   39, -118,  -80,   71,   60,    4,  124,   21,   -9,   81,   75,  -86, -112,    8,   68,   15,   71,  -24,  122,   63,   97,  -40,   -7,  -99,  109, -119,  -25,   51,  -33,  126,  -91,   78,  -87,   38,   63,  -55,  -35,  -55,   10,   35,  115,  122,  -72,   67,   80,   77,  -41,  100,   32,  123,  -16,   44,  -95,  -61,   59,  -41,  111,   35,   49,  124,  -14,  -61,  -43,   87,  121,   35, -107,  -98,  -79,  106, -117,   75,  115,  112, -118,  -36,   25,  -46,   59,  127,   98,   53,  -78,  -96, -120,   -7,  -53,  -42,   30,  -99,],
[  -88,  -98,  -65,  119,   36,  -25,  -60,    8,   35,   92,  119,  -92,   -3,  112,  124,   22,  120,   23,  -29, -109,   17,  -81,  -90,   22,   -3,   10,    4,  116,   51,   23,  -25,   86,   80,   23,  -23,  -48,  -64,  105,   15,  -44,  113,   77,  -55,   44,  114,   43,  -24,  -56,  -48,   76,  125,    1, -109,  125,  -33, -103,   39,   19,  -39,  -92,   17,  -47,   19,  -90,  -61,  -98,  108,   -1,  -18, -125,   56,   -5,  -94,  117, -104,   47,   23,  -48,  107,   90,  123,   15, -116,    9,   21,   41,  -41,   47,  -99, -103,   35,  -13,  -98,  114,  -63,  -35,  -75,   30, -103,  -88,   14, -111,  -10,  -20,  111, -113,   43,  -46,  -79,  -24, -110,   24,   -8,  -89,   17, -116,    0,  -83,   46,  -60,  -28,  -76,  -41,  -62,  -85,   34,  -23,  -61,  -14,   62, -101,  108, -108,   39,   85,   12,  -89,   15,   36,   50, -101,   54,   64,  -58,  -35, -106,   97,  102,  -42,   56,   95,   56,   26,  -77,   66,  -23,  -96,   61,  -37, -104,],
]
z_hard:
    127,    -85,    120,   -128,     40,    -40,    -59,     -7,     70,    -61,   -128,     10,    -79,    -63,     76,    127,    -42,     79,   -128,     14,    -32,      0,    103,     55,    127,    -47,    -52,    127,     96,    -11,     11,     69,    102,     47,     80,     48,    -44,    -67,     32,    -46,    -67,    101,     19,    113,     -6,    104,    118,     82,     29,    127,   -126,      4,     17,      4,    108,    -61,    -54,   -128,    -35,     23,    127,    -14,   -128,     38,    125,    -11,    108,     25,     22,    106,     -6,    -18,    -44,    127,    -28,    -41,     -3,      5,    127,     87,    -33,    -65,     20,    -49,    109,     86,    -46,     44,    -55,     95,     82,    -39,     21,     16,     44,   -122,    -57,     74,    -33,    -95,     46,     24,    116,    -79,    -18,     46,     27,   -128,     46,    127,    127,   -128,   -118,     17,    -29,     93,     45,    -45,     56,    127,      4,    -78,   -128,     56,     59,    -72,    -12,     97,     12,    127,    127,    -27,   -111,    -60,    -85,     40,     92,    127,   -128,      7,    -71,     60,    123,    -61,    127,     15,    114,   -128,    -53,   -128,     22,     15,    -89,     58,    -24,    -60,     13,     31,    -55,   -128, 
    -31,   -128,     39,     14,    -90,    -64,    127,   -112,    -23,     20,    -22,   -128,     35,     73,    -46,    -22,    -14,   -128,    -24,     25,     -6,    -56,    -18,     68,    -22,    113,     18,     80,    -51,    -37,     51,     52,    127,    127,   -128,    127,    -81,     63,     22,     15,    127,    -45,     76,     35,     11,     37,    -25,    -32,    -43,     43,     32,    -30,    -99,   -125,     33,     87,    -20,    127,    -63,     63,    103,    127,    127,    127,   -128,    127,     69,   -123,    -12,    127,    -67,   -128,     70,     35,    -86,    -26,   -128,    -11,    -73,    120,    127,    127,    -32,   -128,    117,     33,    -29,    -89,    127,    -22,    127,   -128,     86,    112,     -5,    117,     32,     -5,     -2,    -25,    -72,    -12,    -14,   -128,   -101,     12,    103,    -52,    -50,   -128,    -25,     30,    -79,    -39,    -66,   -128,    -99,    122,    -69,    127,     47,    -61,     28,    -30,    -24,    -17,    127,   -128,      5,    -77,   -128,    -29,     55,     30,    -16,     48,    -62,    -77,   -121,    -38,     27,    -14,    -18,    -15,    -20,    -34,     99,     24,     87,     96,    125,     58,    -18,    -22,    -18,    -46,   -127,    -66,   -128,    -67, 
    -21,    -41,     58,   -128,     13,    127,     42,     56,     24,    -46,   -128,      5,     21,     86,    -41,     85,     21,    127,     87,    112,    -92,    109,   -128,    127,     47,     63,    127,    127,   -128,     20,    -52,      2,    -59,    -54,    -39,     59,    -32,    127,    -19,    109,    -88,     63,     37,    -47,    -98,    119,    -13,   -128,      5,     47,    127,    104,    -58,      7,   -112,     60,    -95,     76,    127,     46,   -112,    113,    -94,     68,    127,   -104,    120,    127,    -64,   -128,    -20,    -38,     58,     24,     66,     47,    127,     48,   -128,     38,     74,    -40,     96,     61,   -128,    -94,     69,   -128,    -57,     75,    127,    116,   -128,    127,    -53,     69,    101,    103,    127,   -128,    -56,     65,   -128,    -48,    127,   -102,     40,   -128,     -9,     19,     57,   -128,    -99,    -73,    -66,     87,     87,    127,    -52,    -57,    127,    -32,    -25,     -6,     46,    -65,    -70,     75,    127,    -74,    107,     75,    -75,     33,    127,      3,     42,    -59,    111,     69,    -38,    -50,     16,    -63,     91,    -56,    127,     69,    127,    -24,   -113,     56,     44,     -5,     73,     24,     92,     -3,     79,      8, 
      0,    127,   -128,    -67,     64,     65,    114,    127,    -19,    -42,   -127,    -93,   -101,     93,    -79,     62,     49,    127,   -128,    127,    -57,    -95,     33,     -9,   -124,   -128,    110,    -55,    126,   -128,     21,    127,   -128,    121,     97,     95,    127,    127,     16,    -25,    -61,   -128,    -25,    -93,   -114,     89,     26,    121,    117,    -10,     15,   -113,    -92,    127,    127,   -128,     73,     61,    -86,     62,    -40,     95,    -43,     14,    -99,    -47,    127,    127,   -102,    -64,     39,     73,    -54,      4,   -128,    -73,    -54,     65,    -76,     86,   -128,    127,     95,     21,   -128,    127,   -128,    -16,    -74,   -128,    -84,    121,   -112,    100,    -63,     39,     99,      5,    127,   -128,    127,   -114,    127,     67,     13,    116,    -59,     -7,    -80,    -10,    -80,    -62,     -2,    122,    -17,    -78,     15,      6,     38,   -125,     62,     82,     62,     71,    -31,     29,    -55,      2,    -56,    -22,    127,     97,     30,    -68,    -96,    127,    -73,      7,    127,   -128,    -35,   -125,   -119,     66,     -6,   -107,    -53,     73,    -16,    -10,    -99,    127,     16,     95,    108,    -46,     54,     74,    -11,      6, 
    -59,      2,    -44,    127,     14,     -6,      4,   -128,    112,     48,    -36,   -126,    -50,    -47,     57,    -31,    -37,    127,     89,     55,    -79,    -57,    -30,   -108,    -12,   -128,    -35,    -63,     58,    -24,    -61,    -28,   -108,   -100,    -39,    -44,     82,    127,    -74,    -49,    127,    -90,    -78,    -32,    -93,    -82,   -111,     96,    127,    127,    -75,    -75,    111,     27,    127,     30,    -67,    -53,    127,    -79,     88,    -32,     33,    109,     93,   -110,   -120,    -38,   -128,    -54,    -93,     59,    118,    119,    120,     19,    -42,    127,     50,     78,    -33,     22,    127,    -60,     -3,     61,    127,     -7,   -128,    -73,      6,     -9,   -108,    -25,    -50,     63,     36,   -128,    -48,     70,     59,    -42,     40,    -18,    127,     71,   -103,    -66,     -4,    107,    -33,    -89,     53,    -14,    -68,    -93,    -32,   -128,    -38,   -107,      1,    -16,     80,     19,    127,     80,     74,   -103,     20,     39,      9,   -113,     86,   -128,    -52,   -101,    -36,      6,     30,     -5,   -109,    102,    -96,   -128,     73,    -39,    -29,   -128,    127,    104,    -63,     58,    108,     33,    127,   -128,    -47,     36,     50,     14, 
     73,    -22,     63,    -68,    -19,     -7,     16,    114,    -75,    -19,     80,    -56,   -126,    -70,     59,     83,    127,    127,   -115,     86,    -20,     34,      0,      1,    -98,     32,     83,     52,    -32,    -52,    109,    -23,     58,    -27,     61,      7,     74,    -92,    -75,     52,    -31,     -8,     43,     33,    127,     56,    127,    -85,     24,     37,    127,    -22,     61,    -34,    104,     89,    -48,    127,    127,      2,    -22,    -48,     50,    -85,    -91,     -5,    -32,     92,    107,   -128,     23,    124,    118,   -128,   -128,     61,     49,     70,     67,     95,    -72,     16,   -102,     87,    -39,     80,   -128,    -28,      7,    127,    108,     52,    -27,     17,     26,    127,    -42,     40,     28,    -74,     98,    -41,    -93,   -106,      9,     11,    -43,    -71,     27,   -128,   -109,   -128,    127,    -12,     65,     18,     76,    -80,    127,     82,    110,    127,    127,     18,    -40,    -69,   -128,     62,   -128,    -41,     82,    103,   -101,    127,    116,    104,     24,   -119,     13,   -111,    -67,     -9,     37,    -44,   -128,    -15,    -97,     80,     59,   -128,   -128,    106,    127,    -51,   -114,    -21,    -36,    127,    -42,     40, 
     24,   -128,     66,   -128,    -20,    -75,     49,    127,    -87,      3,    -51,    -15,     40,   -106,     44,     65,     17,     60,    -91,     89,    -35,    127,   -128,     23,     79,      1,     59,     16,    -84,    -52,    -10,    -12,      0,      9,   -128,     50,     18,    -64,     58,     -3,   -127,    -19,     42,      6,    -76,     31,    -51,     62,     21,    -71,      3,     47,    -49,    -22,    -45,    -84,    -31,     30,     -4,     16,   -128,    127,    127,     52,    -57,    -56,    -46,     -9,    -91,    -85,     72,    -27,   -128,   -128,    127,     53,    127,   -118,   -126,   -128,    127,    103,    114,    -63,    -61,    -23,    -32,     90,    127,     20,    127,    127,    -35,   -128,    -54,    -47,    100,    -38,    -78,   -128,    -50,    -17,   -120,     11,     38,     51,   -128,     84,     74,   -128,     50,     67,    124,    -53,    -27,    127,    127,    104,    -13,     85,    -51,     31,    -76,    -80,    -78,     61,   -128,    -40,     16,    -14,    -21,    127,    -31,     27,    -73,     62,   -128,      6,   -128,    -41,   -108,     56,     19,    127,    -12,     54,     15,     22,     -4,     38,   -128,     26,     38,     -4,    -26,   -128,    109,     11,    -59,     11, 
    127,     -8,     91,    -74,     92,   -104,    104,    106,    -53,    -54,     -9,   -105,    -69,    -41,    127,      2,     22,   -122,   -128,   -128,     15,    110,    -53,   -128,      0,     32,    -41,    -46,    119,    112,     80,     41,     93,   -128,     41,     53,    127,    118,    109,     59,     80,    -47,    -44,    -57,    126,     32,     51,     72,   -116,     44,    -78,     31,     19,      5,   -128,    -91,    127,   -103,    127,    127,   -110,    127,    -56,    -18,   -128,    -31,    127,   -128,   -128,     96,    -62,     44,   -128,     52,    -56,    127,     52,    -14,     59,     33,     92,    127,    -57,   -128,   -128,    -27,    105,    127,     76,    -84,    127,     73,    -89,     -1,    -38,     95,    -31,     65,    127,    -12,    -81,    -87,     83,     54,     23,     28,     79,    -21,    -39,    -22,    -67,    112,    -10,   -128,    -19,    -26,   -128,     -3,    -85,    -25,    -62,    -12,    -12,     41,    -47,    112,   -126,     26,     13,     38,    -24,    127,   -128,    -41,     10,    -66,    -14,   -114,     -2,     30,   -128,     25,     23,    -76,     47,    -40,     27,    -64,   -128,     14,    -36,   -100,    -81,     12,     72,     24,     34,     57,     -8,      3, 
     -3,    125,    -58,    108,   -128,     36,     12,     38,    -57,   -118,     11,    127,    -26,    -13,   -128,    -96,   -100,    -98,    -16,    126,      5,     24,     76,     -2,    -32,     88,    127,     86,     29,     46,    -69,   -100,    -79,    127,   -128,    -42,    127,    -51,    -62,     53,     38,     58,      6,     26,     54,    -39,   -128,     77,     13,   -128,    -37,    127,     93,     28,   -128,    127,   -128,    -14,     81,     48,      5,    -21,     28,   -128,    127,     -9,   -128,    -36,    127,    -90,    -48,     18,    127,    -70,    -42,   -111,    -59,    -32,     -3,    -42,     83,   -128,   -128,      7,     45,    110,   -128,     88,     97,    -71,    -13,     28,    117,     28,     19,     13,   -121,    -13,   -104,    116,    -56,    -41,    -91,    -16,    -37,    126,     13,      3,    -47,     63,     84,    -57,    -38,    -71,    -95,    -61,    -43,   -118,     61,     21,    -41,    -45,     68,    -35,    127,   -104,    110,    -78,    -78,    -54,    -88,    -54,     96,    -65,    -82,     22,    -60,   -117,    -67,     60,    127,    127,   -128,      3,    -34,    -80,     36,    -26,    -14,     28,     59,   -128,    -66,    -35,   -128,      5,     -1,     25,     34,    110, 
     58,   -128,    127,    -53,     -8,    -11,   -128,     59,   -128,    -23,    120,     47,   -104,     82,    -58,    -58,   -101,    -94,     33,     50,     79,     45,    -69,     -3,    125,    -12,    127,    -38,    -17,    111,     17,    -36,    -82,    -73,    -59,    -56,    -59,    -17,     -3,     20,    100,    127,     26,    -55,   -128,   -128,     76,    -10,    -47,     75,     99,     -7,     54,    -18,    -40,    122,      1,    127,     78,     96,     83,    -36,     36,    127,     68,   -128,   -128,     81,    -36,     89,     19,    110,   -102,    -27,     52,    -43,    127,     67,    -94,     -5,    112,   -100,     60,     30,    111,    -23,    102,     51,   -128,     16,   -105,     85,    -58,     -9,     98,   -128,    -36,   -128,    -41,     -1,    -45,    -18,    -12,     15,    -52,     22,     69,     53,    -48,    127,    -16,    127,    -43,     53,    104,   -117,     34,     59,   -102,    -47,     13,     31,    -52,     72,     -2,    -69,    -16,    127,   -120,     52,    -45,   -128,   -127,     17,     97,   -128,    -22,    113,    -46,   -119,   -128,   -112,    -43,    127,    -61,    127,   -105,    -60,    100,    -51,    -22,    -58,    121,    -79,     65,    -94,     79,    127,    127,     33, 
    -63,     49,     63,     88,    -71,   -117,    -45,   -128,      8,    100,   -116,      9,     54,    127,     71,    108,     -1,    127,     22,     25,     -5,   -114,     21,    127,    127,     39,    -95,     39,    -88,      5,     32,    -50,     51,     62,     95,    -67,    127,     76,    -49,     -6,     28,   -112,    -11,    -93,    -76,    -57,    -46,    114,    -33,     98,     10,     31,    -47,    127,      6,     73,    -44,    -95,    -74,    -28,     34,      9,     -9,   -128,    -96,     10,     15,    -73,     42,    -53,   -128,      7,     -5,    117,     21,    -88,   -128,    106,    127,     21,    113,     24,     22,    113,      1,    -24,    102,    -66,   -108,    -27,     67,   -128,    -50,    126,     71,   -124,    -47,    107,    -87,    104,    127,     95,    -92,    -84,    127,   -128,    127,   -108,    -99,    -78,     80,    -72,    -69,     19,   -116,     16,    -82,     -9,    127,   -128,    -22,    113,    -59,    -83,    -34,    -95,     27,    -25,    -17,      9,    -15,    -68,    127,    -45,    -92,   -128,    -27,     60,    127,    127,   -128,     34,   -128,   -128,     -9,   -114,    -92,     42,    127,     41,     -5,    -21,     -5,    -17,   -118,     -6,     68,     -1,    -62,    -54, 
     42,    -89,    -80,    -73,   -128,     45,   -128,   -128,     70,    -28,   -100,    -10,     86,     61,   -106,   -125,     17,    -85,    127,    -61,    126,    -12,     86,    127,    127,    -82,    -81,     75,     95,   -117,   -128,    -54,    -98,   -117,      7,     57,   -128,     35,     70,    -66,     21,    127,   -128,    127,    -88,    -62,     -3,      0,      6,     67,   -128,     16,   -124,    -82,    -31,     43,     59,   -128,     86,   -128,    106,   -128,   -105,     -3,    -53,   -128,   -107,      0,   -119,     37,     97,      2,    127,    -55,    127,    -94,   -128,   -113,    127,    -50,     58,    111,    -25,    -35,    127,   -104,    -39,    -32,   -128,     10,    -29,   -128,    127,     46,    112,    -22,     33,    -84,   -128,     18,    -25,    127,     33,    -45,     -3,   -128,     62,   -121,     -1,     72,     -4,     57,    -43,     84,    -75,    -34,     24,     44,    -66,     33,     24,    -67,    -32,   -128,    127,     78,    -65,     22,    127,   -128,    -68,   -128,   -116,    110,    -78,      0,   -128,     92,    -98,     66,    -98,     35,    127,     34,    100,     23,     23,    -22,     66,    -71,     70,     27,   -114,   -128,    127,    -85,    -83,    -32,     85,     91, 
     37,     61,    -48,    -58,   -128,     25,   -128,     10,     76,    -42,   -128,    127,     41,     78,     78,     -4,    -88,     33,    -60,   -128,    122,    -32,     73,    127,    127,     -8,    -90,    -31,    -21,     82,    127,    -43,    -87,    -86,     24,   -127,   -128,      8,    -85,    -19,    -24,     67,    -92,    127,    -72,    122,     45,     18,     38,     28,   -128,   -128,    124,     46,   -128,    -57,     79,     42,    -25,    -74,     14,      5,     46,     74,   -127,   -128,    -19,    -29,      3,   -108,    127,    -53,   -128,     67,    -85,      6,     93,   -107,    127,    127,      1,    -55,     67,   -128,     68,   -128,    -82,     63,    -56,      7,    -50,     -9,     -1,     52,      8,    -52,    104,   -128,   -128,     42,    -24,    127,     79,    127,     31,   -128,    127,    -70,     -6,    127,    -19,    -20,   -128,    -18,     55,     78,    127,   -128,    127,    -75,      2,    -95,     83,      1,    127,     50,    127,      8,      2,    -46,     29,   -128,     -8,    -78,     87,    -73,    -34,     -7,   -128,      6,    -28,    127,     12,    103,     35,    -41,    -92,   -117,    -25,     25,      8,     -2,    -43,    -58,    -72,     94,    -17,   -128,    -30,      8, 
     12,   -128,    127,     45,    -77,    -83,    -46,    -10,     45,     71,    127,    -11,    -38,    -92,     36,    -98,   -128,    -90,    -95,    127,    -29,    -69,    102,     55,     -3,     23,    127,    -76,    127,    -61,    111,    126,     98,    -77,   -106,    -29,      9,    127,    -62,     -9,    127,     -1,    127,     88,   -119,   -128,    -50,     59,   -128,    127,    -12,     22,     51,     71,   -128,     83,     50,     92,    119,      2,    127,     71,    127,    -95,      8,   -128,    -30,     16,     48,     61,    -24,     66,    118,    113,   -128,     19,   -128,    127,    127,   -128,    127,      2,     42,   -128,    -41,    -54,     42,     43,     14,     72,    -17,    -12,    127,    -49,     -2,     62,     79,     34,   -128,    -12,     72,     14,    -97,   -128,   -118,    127,    127,     54,    -81,    -37,     26,     18,   -108,     19,     56,   -128,   -128,    -66,   -110,   -128,    -81,    -53,      3,     72,    127,    -33,    -11,    -27,     -2,    -78,     -9,   -122,    -63,   -128,    -28,    -53,    -31,    -88,    -43,    -87,     10,    -76,   -128,    -56,   -100,    -75,    103,    -43,    119,     34,   -100,    -40,     17,   -101,    -58,     58,     17,    120,   -128,     17, 
     59,    113,      8,    -50,    127,     -6,   -102,    127,   -128,    -80,    -47,    127,    -57,     55,    -15,     70,     62,    127,   -120,    -22,     54,    -71,    127,   -128,   -128,    127,    -16,     60,     73,     40,     12,     34,    127,   -128,    127,     57,     60,    -37,    -22,    -68,     56,     64,     94,    -67,     41,   -126,     97,    -57,   -128,    127,    127,     69,     -8,     61,   -128,     -2,    -85,    127,   -113,     84,    -41,    -13,     -4,    -87,    -47,    -34,    -43,   -105,    127,     26,     94,    102,   -128,     25,   -110,    -62,    124,    127,    -40,    -76,     -5,     20,     38,     34,     64,    -26,     55,    112,     21,    -40,     79,    127,     57,     87,     -8,    -25,    -35,    -20,   -123,    127,    -45,    -36,   -121,     -1,     16,     39,    127,    127,     35,    -27,     71,   -128,    127,    -46,    103,    -12,    -24,    100,     35,   -112,     17,     29,    -42,      1,    -66,   -100,   -128,    102,    -35,   -128,     89,     23,    -61,    127,    -99,     26,    -20,   -128,     87,     26,    127,     53,    100,     37,   -128,    -58,    -27,    127,    -79,     30,     40,      4,     82,     27,   -128,     84,     59,    113,     66,    -69, 
      2,    124,    -66,    -43,    -93,     -3,    127,    111,    118,     31,    127,     39,     98,   -128,    103,    -19,     42,    127,     72,    -49,     32,      4,      4,   -128,    -77,   -128,   -123,     42,     25,   -128,    -98,    -11,   -111,    -32,     38,   -128,   -128,    -88,    127,    -96,    -63,    110,   -128,    -51,     24,    -35,   -115,   -128,   -128,   -107,    104,     88,    -58,    -72,    117,    -73,    127,   -102,      7,    -12,   -128,    -47,     29,     31,     71,     -8,     18,    -88,     53,     62,    127,     10,   -128,    -24,    127,    -30,     46,    -38,    -50,   -128,     49,     31,     74,    -65,    101,    -47,    -94,     28,     40,    -43,    -45,    127,    -95,    105,    -79,    -27,     36,     46,     -5,     66,     60,   -128,     18,    -72,   -128,     70,   -128,    -16,     38,     44,    -50,     91,      9,     42,    -47,     79,    -39,   -128,   -128,   -128,    -17,   -128,    -66,    -28,   -128,    127,     21,     18,    -37,    -30,   -123,    110,    100,    -29,     88,     39,    -10,     78,    -85,     27,   -128,    127,    127,     37,     -6,    127,     35,   -101,   -128,      8,    127,   -125,    -34,    -19,    116,    -72,     -7,     41,   -128,    -22, 
      0,    -87,   -128,    -79,      2,     88,     -4,   -117,    127,    100,    -86,     -7,    127,     34,     41,    111,    127,    127,     46,    126,     87,    -53,     54,    -12,    -83,    127,     54,     88,   -128,     20,     13,    -80,    -66,    -64,    127,     94,    -55,    127,     87,    -77,   -122,   -128,    -46,   -103,     32,    109,    -10,    -37,     26,    -74,     11,   -107,   -128,   -121,    127,     34,    120,    -42,   -128,    -24,   -128,     56,   -101,    -40,   -128,    103,     13,   -128,    -13,      3,    127,     10,    -32,    -46,    127,     85,     23,     36,   -128,     10,   -126,     73,    -36,    127,   -102,    -60,   -128,    -17,     35,     -4,     58,   -117,     47,     48,     69,    -37,     42,    127,    127,     34,     88,     -8,    -50,     48,    -10,   -128,     83,     70,     67,    -13,   -128,   -128,    -71,    127,   -106,      1,     62,     80,    -77,    -85,    127,    116,     56,    -55,     38,   -123,     20,    127,    114,   -128,   -128,   -118,      2,     95,     56,    -77,    127,   -104,    127,    127,     -7,   -128,   -128,   -128,    126,   -128,    -19,    -10,      9,    -18,     26,    120,     52,    127,    -73,    -34,      5,     21,     47,     66, 
     19,    -11,    106,     83,   -128,     30,     63,    -47,    127,   -123,   -128,    -78,   -121,    -43,     20,    -54,     21,   -128,    -66,     42,     75,     20,     71,     44,    116,     52,    -60,    -60,    -49,    -61,    127,    -75,    -86,    127,      4,     82,    -16,   -107,    -70,     26,   -102,    -67,    127,    -33,     21,     44,     30,   -128,    100,    117,   -128,   -128,     95,    127,    -72,   -107,     65,    127,    -62,   -128,    -40,     -3,     45,    -29,     65,   -128,    -68,     66,     12,    127,    -74,   -128,    -29,     24,     -9,     -9,    127,     40,     -9,    127,    -84,    -25,     76,    -47,     10,     84,     -7,    108,    -57,    127,   -128,     -5,     80,     68,    127,     21,     25,    -70,    -64,   -128,   -128,    -19,    127,     51,     25,    -12,     30,    -68,     18,   -128,    -47,     -1,     23,    127,     72,     57,    127,    127,   -128,   -128,    -43,     27,   -113,    120,     64,     59,    127,    -71,    127,    -69,    127,   -128,    -20,    -91,     82,     71,     59,    112,    127,     62,      9,    -62,      6,    124,    -44,    -46,    -67,     90,   -128,    -81,    -87,    127,    -19,    127,     46,    -13,     35,    -10,    127,     36, 
   -106,    127,     78,    -18,    -58,   -114,     32,    127,    -43,      9,    -86,    -30,    -77,    -18,    110,     -2,   -105,    127,    -93,     -1,    -51,    -46,     34,   -128,   -128,    127,    127,    127,   -128,     72,     37,     -5,    -57,    -84,    123,    -68,    -70,   -122,    127,     22,    -14,    -21,    -48,   -128,     66,     81,   -128,     40,     38,     -7,     -7,    -48,    -63,     20,    -60,    106,     68,     24,    120,     99,    -14,    -41,    -67,     81,   -128,    -50,    127,   -128,   -111,   -128,     14,    127,   -104,     30,    -75,     24,     19,    -30,    -41,   -111,    127,     27,    -49,     31,   -101,     37,    -83,     54,     41,   -128,    -66,     83,    -24,   -128,     29,     70,     11,     17,     87,     55,    127,    -24,    -79,     96,     18,    127,    -56,     49,    -21,     28,     95,   -128,    127,   -128,    -20,     15,     28,     78,    -36,    -58,     37,    -46,    127,    -58,    127,     93,    -70,    -33,   -128,   -106,    119,    100,    -29,    -94,    -64,    -18,    -24,     86,    102,    -41,    104,   -128,   -128,     14,     29,    127,     33,    -75,     35,    -20,     31,    -51,    124,    -96,    116,     20,     10,     92,    119,   -128, 
    127,    117,   -128,    -74,    -58,     95,      2,     42,    -32,    106,     29,    100,     79,   -128,   -128,     44,    -52,   -128,    -59,     67,    -17,     73,     80,    -12,    -74,    127,    100,      1,    127,     87,   -128,     70,   -128,    -33,    123,    127,    127,     67,     74,     60,     24,     66,    127,    -96,    -27,    -20,    -37,   -128,    -26,    111,     63,     88,     48,     54,     24,     27,    -99,    -36,    -11,    127,    -17,    127,    -61,    -23,     41,     -7,    -67,   -128,     39,   -128,    -26,     75,      4,    -54,   -128,    -53,    -36,    -82,   -120,      2,    -71,    -43,    -42,     -6,   -106,    109,    -71,     41,     47,   -128,   -128,     27,    -19,    -15,    -30,    -52,    102,     48,     96,     52,     79,     69,     57,    103,    -41,    -17,     -5,     59,    -45,      5,    -29,   -116,    -41,   -121,    -77,     63,   -101,   -128,    -68,   -128,   -121,    -63,    127,     79,     78,    -89,   -128,     66,      6,   -128,   -123,   -128,     81,     58,    -79,     23,    127,   -123,    -30,    -92,     75,     67,   -128,   -128,    -65,   -128,    -99,    -90,     23,     -8,     19,     33,     81,    127,   -128,    127,    106,    -19,    -76,   -114, 
    127,    119,    -15,   -122,    -75,   -128,    127,     71,   -128,    -73,   -128,    100,     56,     66,      5,     60,     69,     -9,     26,    -66,      1,    -86,    -98,     90,     61,    127,     54,    127,    -24,    127,     38,   -122,   -104,     15,    -22,    -82,    127,    -41,    -54,    -25,    -49,    -66,    -75,    -72,   -106,    -54,   -128,     75,   -128,   -128,    -58,      2,     33,      6,   -128,    127,   -102,    -82,    127,     85,      7,     98,      6,   -128,   -128,     89,    -75,   -124,    127,     78,   -106,   -104,    -50,     10,    -29,    -48,    -36,   -114,     66,     11,     45,     66,    -50,    -57,   -128,     84,    -97,    -76,    127,     -5,     19,    127,     13,    -70,   -128,   -128,     72,     34,    -54,    127,     33,    127,   -128,     77,   -108,    -84,    -47,     31,     -5,     46,    127,     -9,      3,   -117,   -128,     87,     75,     53,    127,    -10,     17,   -128,     -1,    -95,     80,     20,   -128,   -128,    127,   -128,     75,    121,     75,    125,     -5,    -36,    -19,     58,    -42,    127,    -61,    127,     48,     54,    -92,      7,    -72,   -128,    -83,    127,    115,     14,     31,    -52,   -128,    127,    -34,   -128,     20,      6, 
    -90,    127,   -128,    -31,     -1,     35,    -42,    127,    -69,     64,     81,     51,     -9,    -16,      5,   -128,    -16,     56,    -36,      1,    127,    -77,   -128,     58,   -123,      5,    109,     49,     63,     37,   -103,    -18,     11,     89,     53,   -128,    113,     31,    125,    127,     71,    -31,   -128,   -128,     52,    -54,      1,     76,   -128,     79,    -14,     -5,    -88,    -82,     -1,     71,   -128,   -128,    -22,     68,     32,     21,    -45,    127,    -48,   -115,    127,      0,    127,   -128,     74,    127,    -17,    -29,     63,    -76,   -101,    -46,    -58,     14,     91,     22,     -1,      7,    127,    127,   -128,      9,   -128,   -128,      0,     88,    108,      9,     45,     27,    127,     75,    -65,    -33,    127,   -128,    118,    -39,     22,     36,    -29,     37,    -21,    -39,   -128,    -60,    -58,   -106,    -96,   -128,   -128,   -128,     48,   -106,      5,     -4,     49,     15,   -128,    -28,   -128,     53,    -74,   -101,   -128,     97,     14,    -89,    112,   -128,   -116,     88,     13,   -128,    -87,     23,   -128,     85,     45,    -85,    -12,    124,      2,    127,    127,    -96,    -23,    -48,    127,   -128,     -4,    127,    -56,     91, 
   -128,    113,    127,     70,   -128,    -98,   -128,    -59,     43,     50,   -128,    103,    114,    -60,    -18,    -51,     11,    -29,      5,     -7,   -128,     33,     26,     40,    -19,   -128,    -17,    -18,   -117,     46,    127,    -74,   -128,   -108,      3,     -1,   -128,   -109,    127,    -27,    100,    127,    -59,     77,     63,      9,   -128,    -60,     61,   -128,     10,    -21,   -128,    127,     18,    -30,    -24,     38,     15,     25,     17,    -43,     14,    -33,     56,   -128,      5,    127,   -128,    -15,   -128,    -26,    105,    -15,    127,    -15,      3,     30,    -86,    -14,    127,     38,     84,    -99,    -40,    -40,     65,    -90,    -33,   -104,     57,   -128,     97,     68,    127,    -22,    127,   -128,    -31,   -128,    -62,   -128,     15,     29,    127,     70,     28,     63,    -93,   -128,    127,     61,    -26,     -5,   -128,     52,     62,    127,    -84,    -30,     99,   -128,     16,   -128,    -80,     33,    -26,    -66,    -81,    107,     65,    -27,    107,   -128,   -125,    -46,   -128,    -17,     32,    103,    -48,   -118,     25,     48,    127,     48,    -65,     10,     92,    -24,    -99,     75,    -31,    -14,    127,    -46,     13,    122,     81,     43, 
    -33,     30,     37,     22,    -24,     13,     42,   -105,   -128,    -11,   -128,   -128,    -34,    109,   -128,   -116,    -34,     37,     28,    125,    -81,     40,      0,    -69,   -125,     90,     50,    110,    -53,     87,     17,    118,    -19,    -17,    -30,     -9,     62,    -93,    -34,      1,    -93,    -76,     25,     -8,      4,    -52,     83,    -20,    127,     -8,   -128,    -13,     96,    -97,     69,    127,    116,    -90,    127,    127,     33,    -55,    -25,     30,   -128,      3,    118,     27,   -104,    -17,   -128,    -76,    127,     24,    -83,    127,     34,   -109,     66,     89,    -51,    127,   -128,    127,    119,    127,   -116,    -58,     58,     35,    -71,     66,    -59,   -128,     88,     20,     28,     27,    127,    127,    108,     23,    115,    -14,    -57,   -103,     34,   -128,     25,   -109,     41,    -89,     78,    -48,    -18,     10,   -118,    127,      3,    -38,    127,    -20,    -14,    -95,    127,     23,      8,   -128,    -41,    114,    -16,     44,   -128,    127,     45,    -92,    -35,     68,    -42,     21,   -128,   -117,   -128,    -32,    -51,   -128,      6,    -12,     27,     61,    -72,     85,   -104,   -102,     17,     63,    -65,    124,    116,      6, 
    127,    127,     53,   -120,    -27,    -96,     43,     76,   -117,    -82,    127,     74,    -75,     11,    -73,   -121,      2,   -128,     64,     11,     68,    -50,     48,   -128,     -3,     89,     78,    113,     -2,    127,    -35,    -82,   -128,     10,    -55,     28,    127,    -87,    104,     36,    -50,     81,    -90,     43,    127,    116,   -128,    127,    -56,    -91,    -85,     27,      1,   -101,     68,   -128,    -66,     45,     16,     55,     18,     35,     -8,   -128,     -4,     97,    -97,      8,    127,     85,     17,     23,     36,     26,    -42,    127,   -128,   -128,   -128,     54,    -19,    127,     -7,    -61,   -126,     73,    127,   -128,     91,   -117,    127,    -75,    -84,    127,     57,    -29,    -30,     -3,    127,    127,    -39,     59,    -78,     -5,     23,    127,   -113,    127,   -128,   -120,    127,     27,     -6,     34,     74,    127,     65,    127,    127,     48,     -5,    -67,    -93,     75,    -99,    -92,      7,    116,     71,     26,     61,    127,    -39,    117,    -90,    -16,    127,   -112,     -7,    127,     88,    127,     54,     79,     43,     65,     37,    -44,    -40,   -113,   -128,     67,      9,   -128,     84,    111,     96,   -128,   -128,     25, 
     89,    -73,   -116,    -89,    127,    123,    127,    -15,    101,     25,    -46,     42,      3,     19,     38,    -85,     59,     65,   -123,     24,   -113,   -103,    -18,    -42,   -105,    -19,     31,    127,    108,    -16,    -23,     36,    -37,    -11,    117,     23,      7,     17,      6,    -46,     81,    -94,    110,     41,    -55,   -128,   -128,     30,    -21,    -10,    -37,     42,   -111,    -22,     25,   -119,    -48,    -15,    -34,     38,    127,    118,    127,    -75,    127,   -108,   -128,     28,     63,     14,     83,     17,     39,    -25,   -103,   -128,     -2,     61,    107,     26,      6,     96,     97,     58,    105,    -91,     58,   -115,     15,   -116,    127,   -110,     58,     89,   -124,    -87,      8,    -26,   -128,     66,    -36,   -128,    -59,   -128,    127,     66,    -82,    104,    -77,     27,     71,     36,     71,     69,   -128,   -128,    -10,    -80,     25,     11,    127,    -37,     66,   -128,     66,   -128,    115,   -128,    -70,   -128,     81,     45,     -6,    -80,    -61,     59,     96,   -128,    -37,   -128,     -5,     -9,     66,     35,    -28,     31,    127,     42,    107,     47,    -45,     -5,    127,   -100,     18,   -128,    -90,    -57,    -82,   -101, 
     81,     -6,    127,   -128,   -119,     20,   -111,    127,   -128,   -124,     -5,    -18,   -128,    -81,    -50,    122,   -128,    -47,     48,      5,     38,    123,   -103,     11,    127,    118,     67,   -128,     14,   -126,    121,   -128,    -61,   -114,     16,   -128,     55,   -128,     -2,     98,    -61,    127,    -81,    -35,     39,    127,     66,   -128,     27,    -34,     23,   -116,    117,    127,   -128,    -42,    -73,    127,    127,    -55,    -35,    -62,    -44,     42,    -46,   -128,   -128,    116,     89,     58,    -93,     78,    -22,     35,   -106,     11,     75,    -35,    -43,    127,     77,    -46,    -76,    -90,     33,    127,    -30,    127,    -69,     11,    -39,    127,    -71,    -78,     18,    113,     18,   -122,    -73,    -67,   -124,    127,     16,     20,     -4,    -71,   -119,      4,   -113,     64,   -128,      5,     25,     98,    -40,     -4,    127,   -128,    -26,     62,     96,    -15,    -14,    -92,    127,    127,     18,     30,   -128,     62,     75,     13,   -128,     59,    127,    -66,    -95,    100,     73,     61,   -128,    -89,    113,    100,   -128,     41,   -101,     64,      5,   -128,     19,     64,     21,   -128,    118,     19,    -27,     -5,     24,     82, 
   -128,    111,     28,    -15,     67,     83,     46,    -20,      9,   -128,    -57,     41,    -38,     26,    -95,    -22,      2,      8,    -47,      1,     -1,     14,   -128,    -66,    119,     22,    -12,    127,     -2,    -38,    -11,    -98,     55,     21,   -112,     14,     -6,   -128,    -53,    -21,     39,    102,    -50,    126,     90,    127,     17,    -76,    -23,     64,     32,    -47,     73,      2,    -45,   -109,      8,    106,     87,    -10,   -128,    -18,    -33,     20,    -97,    -49,    111,     43,    105,     27,    127,    -69,    -42,      7,     79,     85,    127,    -86,   -118,    127,   -110,     36,     66,   -128,     34,     26,   -128,    122,     19,     71,    123,    127,      7,     29,    127,    127,    127,     94,    101,    -86,    -66,     -1,     52,    113,     77,     41,    -68,    -22,     21,   -128,   -128,     35,     22,    127,     39,    127,    -93,     44,     56,     68,    -43,    -30,    -57,   -104,   -112,     79,    127,    -63,    -24,    -48,     84,     76,    -20,    120,    127,     59,    127,     84,     30,    127,   -126,    -45,     97,    127,    -21,    -43,    -36,     79,   -108,    -41,    -42,     55,    -65,    -59,    -97,    127,     22,   -128,    -23,    104, 
    127,   -128,    100,      1,    -15,    127,    -41,   -128,    -55,    127,    -57,     48,    -16,    127,   -110,     16,    127,    127,      3,     44,     77,    -74,    127,     27,     44,     98,    127,   -128,    -25,    -17,   -128,   -128,     11,      4,     60,     18,    127,    127,     61,     94,   -128,    -30,      3,     -6,   -107,     -4,    -44,    -42,     53,    127,    -98,   -128,    -26,    127,   -100,      3,   -105,   -128,     49,    -97,    -36,     52,    -87,    124,     14,    -43,   -128,    119,    109,      6,      9,    -83,    -48,     69,    127,   -115,     65,     87,    127,    127,    -54,    -74,   -128,     21,    -26,    127,     77,     75,     85,    127,    -85,   -128,     49,     58,    -67,   -106,   -110,     95,    108,    -60,    -24,    -57,    -27,   -128,    -70,   -128,    127,    -41,    -73,    127,      4,    -22,   -128,    127,    -66,     27,    107,   -128,   -128,    105,     84,    127,   -128,    125,    -56,      8,    -30,    127,    104,    -43,   -128,   -123,    -26,     88,   -114,   -128,   -127,     45,    120,     86,    -51,     82,   -114,   -115,    -42,   -104,     56,     26,   -128,     81,    127,    -38,      4,    127,    -90,    -86,    127,    123,    127,     11, 
    -14,     21,     58,    -38,    -93,    -59,    127,     18,     16,    123,    -14,   -128,    103,     -6,    127,    -12,     22,     76,      3,     41,    -91,    -98,     58,   -128,   -128,    -90,   -128,    -61,     68,   -106,     52,    127,    127,     72,     63,   -124,   -128,     45,    -53,     43,    -57,    -26,   -128,    -42,     86,    -30,     48,     58,     79,     47,   -128,    -92,     65,     -4,     68,    -44,     92,     75,    -23,    -19,    -97,     31,     47,    -49,   -128,    127,    117,   -128,   -102,     81,     -3,   -117,    -67,    -32,     37,    127,     -8,   -128,    -39,    -31,    -26,    100,    127,     76,     32,    112,   -128,    127,    113,    122,     35,    -17,    -85,   -128,     50,     94,   -128,     45,    127,    -62,    127,    -21,    127,    -83,    -19,    -52,     41,     21,    127,    104,      2,    -19,     91,   -128,     61,     79,     58,     27,     40,    127,    127,    -37,     82,     20,   -128,    117,    -29,     92,    101,    127,     30,     34,     35,     32,    -65,    -78,    -80,    127,     18,    117,     89,    -14,    124,     47,     88,    -38,    127,   -128,     24,   -128,   -127,    124,     -4,    112,     66,    -59,   -128,     33,    -42,     97, 
    -97,    127,     75,     43,    127,    -45,     85,     42,   -128,   -128,    -33,    -64,    114,    -23,     40,    -24,    127,     42,    -41,   -104,    -53,   -128,    122,     -2,    107,   -128,     82,    -53,    127,      6,    -11,    -77,     44,     20,     48,   -128,    -69,   -128,    -68,    -85,    -18,    -51,     45,    112,     95,    -19,    127,    127,    -51,    -55,     90,   -128,   -116,    117,    -16,    -95,   -117,   -128,    127,    -27,    -66,   -121,    -95,   -120,   -128,     27,     88,     -7,    127,     74,    127,    127,    -10,     45,    -45,    -14,    -51,   -128,    -49,   -128,    -63,    -29,   -128,     69,     70,     13,     24,     69,     -3,     61,     50,    127,     93,   -128,     -4,     89,    -41,     48,   -124,     -3,      6,     18,    -20,     74,      1,     73,    -33,    127,    -45,   -112,    124,     91,    127,    127,    -48,    -69,      0,   -121,     90,    107,    -22,    -37,   -128,   -122,    -93,     25,     48,    -84,     91,    127,     27,    127,    -46,    -22,     37,     13,    107,      9,    -53,    127,     48,    -45,    -38,     40,    100,    -34,    127,    127,      7,    -44,     18,     98,    -87,    -69,     24,     27,   -128,     31,     16,     26, 
    -11,   -126,    127,    -50,     55,    -57,   -128,    127,    -53,   -124,     83,    -14,    -84,    -36,    -86,    127,    -47,    105,     15,     -7,     79,      6,    125,     73,    121,    127,    112,    110,     24,     41,     80,     71,    -36,    -53,    -48,    -53,     28,    127,    -68,    127,     -5,     83,    -15,    127,   -128,     -4,     52,    -72,   -128,    127,     13,    -55,    -64,    127,   -128,     65,    -69,    127,    101,     42,    -49,    -10,    -19,    -19,    -45,   -128,     40,     34,    127,    -98,    -11,    113,    -49,    127,   -128,    -38,     64,    -63,     75,    -28,    127,   -128,     60,    -76,   -128,    -56,     39,    127,    -29,     57,      8,     15,    -35,     29,   -128,      2,    -23,    -12,     -9,   -128,     28,    127,   -128,     27,     19,     -5,    127,    -96,   -104,    127,    110,     76,   -123,     45,    -11,     47,     90,    -41,    127,    -34,    -22,     13,    -58,    127,    -15,      5,     43,      0,    127,    117,    100,     -4,   -116,     80,    127,    -70,     19,    103,     83,     17,   -128,     19,   -111,   -128,    -56,   -128,     -3,    -75,     45,    -37,    -58,    -33,     62,    -39,   -101,    127,   -123,     46,     34,   -106, 
    -44,    127,    127,    -89,     31,     32,     54,    116,     41,     67,    -49,    -73,    127,    -91,     -1,    127,    -52,    -42,     88,    -66,    -25,     52,    127,     -5,     86,   -124,    -17,     10,     -7,    -20,     27,    -77,    -60,     43,    127,    -24,     70,   -128,    -21,    -10,     69,     62,   -128,     12,    124,     15,    -37,    -62,    127,   -128,    -78,    116,   -128,   -104,    -79,     15,    -81,    -38,   -128,    -39,     15,      0,     24,   -128,     76,    127,     26,    -57,    114,     60,    -79,     95,     75,   -128,     57,     50,    -18,    -82,   -128,   -128,     76,   -108,     64,    -86,     13,    -56,    -87,    -73,     13,     -1,    -80,    100,      8,    -95,    -28,    127,    -72,    103,    -13,    -40,     12,     97,   -103,    -31,     10,     49,   -112,     79,    -13,     94,     49,    -24,     29,    -72,   -128,    127,    107,    -21,    127,     40,     88,   -128,    127,   -128,    100,     59,    -64,      8,   -115,    -35,     71,    127,     87,    127,    -16,     67,    -51,     90,     63,     16,    -65,    -46,    127,     65,     12,    127,   -128,    -20,     34,     67,     62,    -93,     44,    -60,     33,    100,   -101,    -53,    -61,     -8, 
   -120,    121,   -128,    -69,    -37,   -128,      2,     -3,      1,    127,    127,     20,    127,     -9,     44,    -54,   -128,    127,    -25,     50,    -23,    -76,   -128,     -1,     -8,     -3,    -47,     69,    112,    -93,    127,     85,     -7,   -128,    115,    127,    -30,    -74,    -20,     67,   -106,    -35,     38,     75,   -120,      1,   -128,    -60,   -128,     61,    -12,   -119,   -128,     61,   -100,    -83,     -3,   -128,    -64,     13,   -128,    -31,    127,    -59,    -59,    -55,    127,    -46,    127,      3,    127,    122,    -40,     -7,    -36,     74,      1,    -17,    127,     13,    -42,    127,   -128,   -106,    -49,     18,   -111,     94,    -11,   -128,     64,     68,    -23,    -26,    127,    -75,    127,     93,     21,      1,     55,    -19,    -90,    117,   -107,    -36,    124,    -51,     56,   -128,    -92,   -128,    -80,    118,     83,     28,   -128,     13,    127,   -128,   -125,   -128,    -92,   -128,    -89,     60,     45,     -8,    -21,   -108,    -54,    127,     86,    -46,     20,    -86,    -46,     26,     22,    -38,    -96,     80,    127,    -27,     -6,     48,    -36,    -35,     -3,    117,     28,   -118,    -92,     78,   -128,    127,     74,   -128,     -8,     -7, 
    -72,     -8,      3,    102,     82,    -17,   -110,     80,     15,      9,    -66,    -20,    127,    127,   -109,   -109,     88,   -128,    -28,     18,   -128,   -128,    -52,    -19,      6,     95,    -68,      1,    -89,     82,    -54,     -8,   -104,     88,    -20,    127,     13,     21,    -74,     40,    -36,    127,     32,    109,     55,    -60,   -125,    127,    109,   -119,    -51,     29,     -8,   -128,     17,    -34,   -114,    -79,   -120,    121,    126,     87,     67,    127,     56,     -7,     48,    -43,   -128,      8,    -44,      5,     61,     36,     86,    -23,    -90,     -8,    -20,    -45,     59,    127,   -128,    -35,    123,    -15,    101,   -128,    127,    -22,   -128,     34,    114,   -128,    127,    -10,     65,   -128,   -128,    -15,    -35,    -92,    122,     97,     22,    127,    -79,     63,   -128,    -13,     14,    -16,     12,   -128,    -81,    -39,     26,     83,     59,     65,     75,     27,     14,   -103,     37,    -31,    125,   -128,   -117,      2,    -84,     22,    -47,     14,    -60,   -108,    -35,   -105,   -128,   -119,    -31,     75,     57,     78,    -41,    -11,     82,    -94,    -35,     68,     55,     23,   -113,    -39,     43,   -128,     80,    -74,    -58,      1, 
     90,    -62,   -128,     49,    -56,   -128,   -128,    127,     10,     76,     85,    124,   -128,     60,     98,    -58,   -117,   -116,   -128,     30,     80,    -85,    -80,   -125,    -24,    -43,     33,    127,     34,     13,    121,     28,    -44,    121,   -128,     67,    127,   -104,     -1,     -7,    -92,    -79,    127,    -49,     49,    127,    -60,     41,   -128,     58,    102,     87,    102,   -101,    -74,    124,      4,     32,   -104,    -15,    127,     19,     14,    -51,    127,     65,    -20,    118,    -52,    -23,    -40,    127,   -109,    -58,     50,     30,    127,    -23,   -122,    107,     59,    -51,    -74,    108,    -14,   -128,    127,    -72,   -111,    -19,     38,   -128,     51,     81,     98,   -128,    -26,     18,    -34,     97,    -69,     38,    -68,    127,      0,    118,    -17,    -38,    -57,    127,    101,     54,     10,    -56,     68,     97,      3,     94,      8,   -105,   -128,    -91,    -46,    127,    -74,   -128,    -82,     19,     21,     43,   -128,    127,   -125,     68,     55,    106,   -128,     -9,     -5,   -125,    -33,    -46,     67,     22,   -128,    -45,    -88,     28,    -51,    -27,     74,   -105,    127,     65,    -52,    -78,    127,    127,     -6,    -39, 
     58,    -13,     -7,     38,    127,     58,    -78,     99,    -76,    -12,    -60,      2,    -20,    -12,   -112,     11,     16,    -45,   -128,     26,    127,   -128,      9,    -24,    -60,    -49,     -5,     68,    127,     31,    -21,    127,    -43,     -6,     18,   -128,     69,     99,     60,   -115,    104,     88,    -51,      0,     10,    127,    127,    -78,     86,    -62,      9,   -128,    -91,    127,    -19,   -128,     14,     78,     11,     79,     60,    -68,     15,    -92,    -45,     25,     36,     37,   -101,   -125,      0,     89,    102,     -5,    -23,     12,    -89,    -30,     18,    -40,   -113,    -51,     15,    -62,     44,   -128,     38,    -87,   -128,   -117,   -128,    -37,     54,    -46,    -95,    -93,     46,    127,     79,    -29,    127,     11,    -70,    -77,    127,    114,      6,    127,    -70,     65,     66,     85,    127,      8,     16,     16,     82,     69,    127,     24,     48,     34,    124,     85,    -15,    -61,    -19,     48,    -17,    -50,     26,    127,    -32,     59,     72,    100,      5,     71,     39,     98,     78,    -82,     32,     17,    -47,   -128,     47,    123,     13,     73,    -64,     63,     85,     -5,    -50,    110,     30,    106,   -121,   -103, 
   -115,     91,      7,     43,     36,    101,     48,    127,     61,    -60,   -128,    -40,   -128,     47,     -1,     94,     34,    -56,     11,    -26,    127,     28,    106,     28,    -73,    -51,     63,    -20,    -61,      7,     77,    -55,   -128,     89,    -80,    127,   -128,     43,     81,    -88,    -59,     36,    127,      2,     40,     20,     70,    -81,     11,     10,   -128,   -111,   -107,   -103,    -33,     33,     89,    -21,    -40,     68,     97,    -40,   -116,    109,     32,   -128,     60,    -63,     46,    107,     99,     41,   -128,    125,     13,   -128,    -81,     21,    -53,    127,     62,    115,     54,     77,    106,    -23,     48,     94,     29,     33,   -128,   -128,     78,     63,     75,    127,     18,   -117,     40,     12,   -123,    -95,    127,    100,   -128,    -18,    -50,    -36,    -71,    -11,    103,     59,    -13,    101,    -15,    112,    -90,    127,   -128,     62,     60,     51,   -128,    100,    127,   -128,    127,     -9,     30,    100,     24,    -67,     80,     26,     91,     -7,    127,    -89,    127,    -95,   -128,      8,   -103,    -22,    -14,     60,     -4,    127,     35,    -16,     39,    -58,   -112,    117,    -50,   -128,    -26,     45,    106,   -128, 
     80,   -128,    -14,    -23,     49,    -63,     95,     58,   -128,     72,    127,   -128,     67,    -30,   -128,     -3,    -16,     53,     10,    118,    122,     10,      9,    127,      3,     30,     44,    127,     70,     33,     14,     61,      9,   -122,   -104,    -38,     60,     91,    -81,    -49,     28,     16,    127,     -3,   -123,    -51,   -114,    114,     24,     97,    111,    127,     58,     98,    -92,     73,    127,     11,     78,     92,     -9,     11,    127,    -24,    -49,     19,   -108,     31,     92,    -50,     17,    127,    127,    -50,    -40,     98,    119,    -81,     35,    -62,     46,     29,    -18,     22,    -22,     19,   -128,   -128,    -58,     31,     15,    127,    127,    -28,   -124,    -21,    -76,    105,     37,     70,    127,     39,    -14,    -97,    -98,    -66,     99,    122,     24,    -35,    -45,    -20,     23,    -32,    -15,     47,    -91,     45,     80,   -128,     11,   -128,    -56,    -75,    -36,     25,   -128,     84,    127,     25,    -12,    127,    -31,     90,    127,    -12,    127,    -25,   -127,     40,    -78,      2,     71,    -26,    -94,   -128,     80,     -1,    -47,    127,     77,     71,     39,     -2,    -18,     79,     62,     10,     44,   -122, 
     78,     58,    127,    -67,   -128,     85,     57,   -128,    -91,    127,     -9,    -67,    126,     18,    -81,    -35,    118,     23,     52,     -3,    127,    -65,     29,    -39,    127,   -128,     35,    106,    127,     -9,    -69,    -89,   -114,   -128,    -85,   -128,    -41,   -128,   -128,     14,     36,    127,     76,    127,     89,    127,     38,    -76,    127,     29,   -128,    -52,    -53,    127,   -128,    -90,    -24,    -89,    127,     43,   -128,   -128,   -121,     88,    -65,      2,     54,     38,    -76,    -48,    -43,    -58,     -6,    -78,    120,   -111,     81,    -47,     87,    -91,    -15,   -128,    -95,    -88,    127,      5,    -24,     84,     -4,     14,    -52,    -37,    -82,     33,    124,   -108,   -109,    116,   -128,    -51,     12,    127,    -67,    -94,    -69,   -128,     91,     39,    127,      8,    -52,     56,     -8,     24,     16,     91,    111,    -90,    -29,     64,   -128,    -84,   -128,   -128,    127,     66,    101,     96,    127,    -22,     -1,    -71,    -52,    127,    127,    125,    -48,    127,    127,    127,      5,     35,     97,    -25,    -10,      9,    -30,     72,     30,    -25,     55,     -3,    -99,    -90,     42,    127,    -12,     -4,    -32,     26, 
    127,    -20,   -128,    -71,    -20,    -69,    -59,    117,    -87,     24,     -4,   -128,    -17,    -18,   -104,     66,     97,    127,     79,    -10,     52,    -54,     77,     10,   -128,     94,    100,     43,     48,    119,     31,    -11,      5,     90,    -79,     26,     22,     45,     51,   -128,      3,   -128,     42,    -12,     33,    127,     95,   -103,    -44,   -128,    127,   -128,     -1,     82,    -78,    -75,    -43,    -10,     85,     58,     36,      1,     16,     33,    -69,     99,     -8,   -128,     37,     66,     65,    115,    -39,     83,    -72,     90,    127,     16,     32,    -45,     36,     -4,    -83,    -29,     62,   -128,   -128,     51,     62,    -98,     -7,    -26,   -128,   -128,   -128,     -4,    -28,    -39,    127,    127,    -22,     28,    -80,     -3,    -40,     82,     78,     -9,      7,     28,     80,   -113,    -58,    -85,    127,      3,    127,   -128,     12,     -2,    -97,    -43,    -14,     77,    116,    100,    -64,     16,      9,      8,   -128,    117,   -128,    127,    127,     -6,   -115,      1,   -128,    -16,    117,    127,   -128,    -40,    -38,    -15,      2,     10,   -128,    -24,    111,    127,    -14,    127,     52,     74,   -128,    111,    -39,     59, 
    127,    -26,    127,     22,   -128,    -13,   -128,     19,    -89,     79,     29,     69,   -121,     50,     85,   -128,     38,      5,    -65,   -118,     78,     87,     -7,     83,    127,   -128,    -43,   -128,    -67,     70,     10,   -128,     60,    -47,    -65,    -36,    127,     23,    -56,    -85,     20,    127,    -93,     38,     42,    -34,   -120,    123,   -112,    124,     46,     77,    127,     32,    -24,     42,    -84,    116,    127,   -128,      8,     61,    -39,     91,    127,    -96,     24,     -1,   -102,     66,    -26,     -4,     30,     19,    102,    -21,      0,    127,    127,     43,    127,    -96,    -33,     20,    124,    -48,     45,      6,   -107,   -126,      2,   -101,     55,    127,    125,    -34,    -32,    -94,    -11,    127,   -128,   -121,    -55,    -17,    -23,   -128,    127,   -104,     13,      8,    -27,    -97,    121,   -128,    -14,    -88,    -53,    -55,    -32,   -125,    -95,    107,     20,     33,   -128,    127,      7,     14,    -87,   -125,    -54,      3,     54,    -71,     33,    -90,   -128,   -128,     46,    127,     58,      6,    -34,   -128,      2,     40,   -113,     -8,   -128,    -18,     -6,   -122,     88,    -20,    -10,      1,     -7,     57,     21,     60, 
     97,   -121,    -58,    -10,     98,    127,   -110,      5,    -73,     32,    -97,     69,    -98,    127,     -4,   -119,    -52,     85,    125,    -23,     98,    -22,     64,   -128,    -27,    -54,   -128,    -59,     56,     65,   -128,   -128,    -33,   -128,     64,   -115,     86,     56,   -111,   -128,    -57,     35,    -70,     48,     52,   -128,    -19,    -79,     36,     32,    -94,     31,     52,     30,   -128,     87,     74,    120,     -4,   -128,     13,    -15,     22,    127,      1,     -7,   -123,    -64,    -34,     38,      2,     17,   -128,     80,    112,     35,    120,    -61,    127,    127,      0,     46,     94,      5,    127,    -70,    -79,    127,    127,     37,   -128,   -128,     63,   -128,     30,    -90,    -74,     54,     -9,    127,     19,    127,    -39,    127,   -128,   -128,     78,    127,   -115,    127,     -9,     68,    -19,    -99,     56,    -36,     84,    105,     25,    -60,    -54,    -64,      3,    -85,    127,    127,     42,   -128,    116,    -70,   -128,    -14,    -88,     15,    -18,   -128,     93,   -128,    -10,    -58,   -106,    -40,    -62,    -28,    -78,    -67,    -27,    -35,   -128,    -31,     44,    -73,    101,    127,   -128,    127,    -62,     51,    127,     40, 
     19,    -83,     93,   -107,    127,     75,    127,    127,   -128,   -110,    -36,    -58,   -128,     36,     97,     27,     51,    -37,    -65,     20,    127,    103,    -82,     51,     53,   -128,     91,    -42,   -107,      3,    127,     29,    -35,    -72,    -48,     37,    -35,   -112,    -95,    -65,     27,    -41,     92,     60,   -128,      3,     80,     78,    -66,    127,     55,     43,     -8,   -128,    127,    -37,   -128,   -108,     58,    127,    110,     18,    127,      1,    104,    115,    127,     59,    105,    -40,     18,   -116,    -42,     67,    -47,    -38,     85,    -72,    -64,     72,   -126,     98,    127,     -5,   -128,     30,     45,     11,    -72,   -128,    123,     51,     11,    127,    -99,     23,    102,     20,    -75,     85,   -109,     -2,     40,    -24,   -128,     52,    -59,    -24,   -128,    125,    127,    -59,    127,     84,     89,     95,    -35,    127,   -101,     -6,    -46,    -10,   -128,   -128,    -45,     57,     34,     44,    127,     74,     12,   -128,     15,    -16,   -117,    127,     92,   -128,    -33,   -128,   -128,     22,    -91,     11,    -39,    127,   -106,     -8,     50,     94,   -128,   -128,     15,    125,    -80,      6,    110,     33,    -67,     47, 
     21,    -15,     23,   -128,     38,   -104,     22,     27,    116,    -45,      4,    -52,     23,   -128,    127,     41,    -58,    -10,    -14,     -2,    -12,     27,    127,    -32,    -55,      5,      8,    127,     57,     -8,     -9,     90,    -17,    -48,    127,    -15,   -113,   -120,   -108,     20,     -9,     85,   -128,    -87,    127,    -71,      1,     -7,     10,    -73,   -128,    -47,    -22,    -39,     18,     62,   -111,    -13,    127,    -50,    -26,    -63,     19,   -128,     39,     97,    -24,   -128,    -20,    -80,    -70,    -40,     -2,    127,   -115,    127,    -74,   -112,    -11,      1,   -128,     20,     27,     23,    127,     17,    -74,    -22,    -32,    -54,    -52,    127,     57,    -81,    -19,    -91,   -128,     31,    -46,    127,     33,    127,     65,     12,   -128,     37,    -33,    -75,    -22,     31,    127,      9,    110,    -13,    -71,     40,    -44,     87,     17,     21,     91,    -17,   -128,   -128,    -98,    -27,     -9,    127,    -41,    -17,    127,     36,    -95,     86,    -88,    127,    119,    126,    127,     96,     53,     88,     46,     46,     41,    127,    -68,   -128,    -55,   -128,    -56,     39,    -25,     45,    -93,    127,    127,    -19,    111,    -60, 
     -8,     35,    -15,     62,     27,    127,     24,     35,     94,    -44,    100,    -65,     98,    127,     97,    -28,    -11,    -77,    127,    -96,    -29,    127,   -128,   -128,   -128,    127,    -23,     24,    -81,    127,    -53,     65,     47,    -37,     40,    127,     49,    127,     54,    111,      5,    122,    -77,    -44,     53,      6,    127,    -37,    -12,   -128,      5,    127,   -128,   -128,    -22,    -46,    105,    127,   -103,    -34,     -9,    -28,    -16,   -106,    -90,    109,    -56,    -10,    127,    -74,    113,    117,    -60,   -128,     84,      5,     43,    -98,     -7,   -107,     -2,    124,    -42,      8,   -110,    -97,     41,    -37,     65,     13,      4,     85,   -106,     89,    -28,    105,    -66,     50,     40,     16,     21,    127,    -37,    127,     15,   -115,    -26,     33,     57,    -71,    -62,     90,    -29,     -8,    -46,     66,     52,     29,    127,    108,     89,    127,    103,   -128,    -54,   -128,     61,     39,    108,    -77,   -128,    127,   -128,    127,    -53,    127,     14,    -64,     97,     -6,     37,    102,     85,     94,     62,   -128,     -4,     39,     17,    -58,    -21,    -95,     16,   -116,     12,    127,   -128,    -52,    -49,    127, 
    105,     -8,     37,      2,     93,    127,     -7,    -15,    -73,    -92,     81,    -71,    -53,    -82,    127,   -127,     80,    -50,    -19,     15,    127,     16,     43,    127,     22,    102,    127,     13,     80,     28,     39,   -128,    -68,    -37,     17,     21,     61,   -116,    -54,   -115,    -53,    -57,     44,    -38,    -58,    -22,     67,    -19,    -21,    -10,    -85,      4,    127,    118,    -63,    -74,    -12,    -85,    123,   -128,    -32,     56,    -37,    -87,     96,   -128,    -83,    -30,    113,     60,      5,     78,    -44,    102,   -128,    103,    127,    -50,     83,    -57,     46,   -102,      9,    127,    127,     10,   -113,     23,    -74,     12,    -17,   -118,    -39,   -128,    123,    -16,   -101,     -4,    -23,     -4,    127,    -64,    107,    127,    -93,     -4,     23,    -84,     95,     28,    -28,    127,     14,    127,    -66,     83,   -128,   -114,    -57,    103,   -106,    127,      7,    127,    -32,    -14,   -128,     78,    127,    102,     99,     75,     -8,     12,     44,    127,    127,    -95,    127,    -98,    -58,   -128,   -110,    110,     99,   -128,     23,    127,    110,      2,   -128,    127,    127,     -4,     27,    -10,    -33,    127,    127,     35, 
    -58,    127,      8,     66,     82,    126,    -37,   -128,    -92,    -44,    -60,    127,     88,    127,     64,    -61,    -73,     33,    -46,      0,     62,     -1,    -96,   -128,   -128,    127,    -17,     73,   -128,     54,    -52,     68,     36,    119,   -115,     95,    127,    -32,    -10,     52,   -123,    -82,     57,     10,     62,      5,   -128,    -61,     72,   -128,    -69,    127,    127,     36,    -83,    127,    -82,    -11,    -66,     95,   -105,    105,    -78,     52,     27,     84,     59,    119,     21,    -17,   -128,   -128,     82,   -107,    127,     78,     94,     53,     53,    -74,   -128,    -84,   -128,     -5,     18,   -104,    -75,   -128,    -63,     94,     28,     84,     37,    -96,    115,    119,     69,    127,    127,    -57,     46,     94,    -25,     73,    -15,     88,    -90,     51,     94,   -128,    -29,    -68,    -66,    -81,    -53,    107,     85,     56,     68,     -6,   -128,     13,     84,      4,    127,    -33,   -122,    127,    -57,    -64,    100,    114,   -122,     62,    -22,     88,    -63,    -94,    -55,    -54,     74,   -128,     54,    127,    127,    -23,    -16,     20,    -43,    127,     43,      9,     24,   -122,    -43,    113,     35,    -18,    -71,    -71, 
    110,   -117,    -13,    127,   -128,   -128,    -36,    106,    127,     45,    127,    -79,    127,    -38,    -11,    -80,    -40,   -114,    -40,     53,    -33,     67,    127,   -128,    -11,    -56,    -27,    -18,    104,   -101,     98,    127,     81,    106,      5,    127,      4,    -44,    -27,    -60,     -7,    127,     61,     67,    127,    127,    -13,     64,   -128,     34,    127,     19,   -128,     67,    -16,   -128,    127,    127,   -128,     27,    -31,    -53,    -73,      1,     16,    127,     24,     81,    108,      7,     50,    110,    -65,     35,    120,    -61,    -50,   -128,   -128,    -68,    125,     65,   -128,    126,     66,    -62,    -86,    127,    127,    106,    -41,     71,    127,     40,     12,    -15,   -102,    127,    -43,   -122,    -84,    127,     -9,    124,    -89,     76,     53,    127,   -128,    127,   -102,    -48,   -128,    -36,    -16,     59,    119,   -128,     94,     66,   -128,     22,    -42,    127,   -128,     -7,     51,    114,    -21,     95,   -128,    127,    -12,     91,     40,    -18,    -12,    127,    -21,      7,     22,   -128,     86,    127,    -34,    -75,     66,     49,    -84,    -89,    127,     83,     68,     51,     18,     91,    -70,   -128,    -88,    113, 
    118,     77,      2,    127,     -3,   -114,    127,    127,    -92,    -56,    -65,    -87,    -73,   -128,      2,     43,    -71,    127,    127,    -11,     97,    115,     -5,    127,    114,    -33,    127,    -19,    127,   -103,    -20,     57,     21,     77,     22,     34,     65,   -126,    -97,    114,    -36,     81,    -60,    127,    127,     -3,      8,   -128,     38,    -31,     93,    -38,   -128,    127,   -128,    -68,   -128,   -128,     30,    -34,   -128,    -75,      4,     25,    127,     48,     55,    127,    -31,   -100,    -50,    -80,     22,     -1,    -95,    -18,    -33,     55,     84,     93,     83,   -128,   -128,   -128,    -31,    -62,   -101,     56,    -27,    -20,    -87,    127,    -12,     54,   -128,    127,    -45,     33,    -98,   -128,    -98,    -63,     51,     82,      5,   -128,   -128,    -44,    100,     40,    -68,   -115,    108,   -128,   -112,     56,     97,    -99,     -5,     80,     13,   -100,     36,    -49,    127,    127,   -128,    127,   -104,    -53,    127,   -128,     34,    127,    -63,    127,    -72,     17,    108,   -125,    111,     57,    127,     35,     -2,    127,     30,     73,    -34,    -92,    127,     18,    -19,     87,     13,     10,     41,    -28,    127,    -57, 
   -128,    -27,   -115,   -102,   -128,    111,    127,    -13,     15,    127,    -60,     24,    -30,    -18,     36,    -85,     13,    -35,    -27,     48,     33,    108,   -128,    127,    127,     16,    -22,    -65,    -19,     62,     87,     23,      2,     26,    -75,     -3,     33,     23,    -43,    127,     62,     69,      5,    -35,    103,   -128,     83,    -44,     81,    -20,    -57,     97,    -89,     55,     63,    102,     70,    -67,     48,    -22,     10,     32,     15,    -37,   -128,   -128,     10,    -16,   -128,    -14,   -128,      5,     48,     28,      8,     36,    -80,   -128,     42,     72,     92,     48,     26,     15,     35,     -4,    -56,    -35,    -66,    -97,    -15,     -2,    -68,     27,     41,    -14,    127,     60,   -104,    -61,     63,    -73,     23,     71,     51,   -128,   -101,   -128,     90,     55,   -128,     20,      4,    -18,      6,     44,    -29,    127,   -121,   -128,     23,     63,    110,    -82,    120,   -124,    111,    -20,     25,   -128,    -77,    -29,    -56,    -34,    103,    -37,     77,   -128,    127,    127,    -91,     48,    -94,    -12,    127,     72,    -56,     10,    127,    127,    -83,    -68,      4,     54,     49,     -4,      3,    -42,    -42,    -88, 
     86,    127,     41,    127,   -121,   -128,    127,    127,    -71,     49,    127,    -37,   -110,     67,     76,     36,     31,     65,    -18,     53,    -75,     27,    127,      8,    113,    -87,     18,    127,      7,     11,    127,    -39,    117,     72,   -119,     27,     -1,    127,     12,     41,    127,    -68,     24,    -44,     -4,     14,    -72,      7,    -92,     58,    127,     44,     14,      9,   -128,    116,    -63,    -71,     -6,      3,     66,    116,   -128,     20,     42,    127,    127,    -35,    -20,    -81,   -111,     25,     75,     37,    101,     19,     31,     86,    -69,    127,     66,    -67,     37,      9,      7,    -22,    -22,    122,   -115,     23,     -2,     90,     78,     37,     21,    -23,     64,    -63,     18,    126,    -73,    -71,   -128,   -118,    -10,    -44,    -91,   -128,     92,    127,    -97,     32,    -24,   -128,    -92,    -73,    -64,   -128,     80,   -128,     48,   -128,     98,    127,   -128,     -6,     12,    127,     -1,    127,    -29,    -54,    126,     35,     49,    -46,     -4,    -16,    -26,    -26,   -125,    127,     49,   -128,     34,   -104,    -19,    -78,    -24,     14,    127,    -23,    -68,    127,     82,     45,    119,     55,     29,     29, 
     37,     99,   -128,   -128,    122,    -11,    -89,     -7,     68,    -57,    -65,     25,   -128,    117,   -112,     -8,    108,     61,     90,    -51,    127,   -128,    -39,    127,     -9,    -48,    -68,     46,     50,    -23,    -30,     93,     16,    -18,     96,    -69,    -43,    127,    -71,     -8,     14,   -128,   -101,    105,   -128,    -83,    127,    -78,    -86,    102,     67,    -64,     39,     -3,   -113,     94,    -20,   -128,    127,    -13,     27,     70,     93,   -128,     52,   -127,     -7,   -128,     -7,    -34,    -89,    -61,     43,    -96,   -128,    -61,   -128,    -55,    127,    -57,   -128,    -65,     70,    -19,    -86,   -128,     51,    127,    -13,      2,    -16,   -128,    -74,    127,   -128,    -92,    127,    -53,    -89,    127,    -76,    -32,   -128,    -15,    -44,   -128,     26,    -72,     14,    115,    127,   -113,   -128,     64,    127,    -93,    -42,    105,     29,   -128,   -128,   -101,    -29,    -69,    127,    106,     12,    -85,    127,   -128,    127,   -128,    -17,    -63,     48,    -47,    123,   -128,   -128,     94,     85,    127,    127,   -128,    -29,   -103,     12,   -128,     53,    -71,    -55,     56,   -128,     98,   -114,     26,     54,    -55,     50,     31, 
   -116,    127,     81,     25,     51,   -102,    -10,     97,   -128,     -9,      8,   -128,     37,    -33,   -128,     83,   -106,     68,     63,    127,   -128,     76,     46,      1,    -30,    -32,     15,   -128,      4,   -112,    127,    -16,     40,     60,   -108,    127,     79,    100,   -107,     36,    127,     -7,    127,    -39,   -128,    -42,     74,     51,    -28,     10,    127,     39,    -35,    -35,      2,    -42,     63,    105,   -128,    124,    127,    -38,     63,    -64,     23,    127,    -15,     40,     74,    -24,   -128,     42,     79,    -84,   -128,      4,      3,     89,     67,     10,    -18,     -3,    -11,   -128,   -128,      1,    119,    -48,     -3,    112,   -128,     42,     14,     -2,   -101,     26,     44,    -94,     15,    -34,    -87,    127,    -12,     -2,     14,    127,    -31,    -38,   -128,    -54,     47,   -117,     17,    -38,     93,    104,     -8,    -11,     85,    -23,     33,     40,    -25,    -37,     73,    -30,    122,    -19,    -44,     88,    -25,     38,     84,      3,     22,    -45,    113,     65,    -87,    -86,   -128,     25,    127,    -10,   -128,    -48,     64,     92,    127,     48,    -33,   -101,   -128,    -29,     51,    127,    -35,   -128,    -86,    -86, 
    127,     59,    -68,    127,   -128,     29,    103,    104,    -50,    117,    -18,   -101,   -126,    -11,    -15,   -128,      2,    -31,    118,     -9,     91,     91,   -128,     94,     50,    127,     32,    -24,     47,    127,      6,     48,     10,     74,    -28,    -14,    -53,    -78,    127,    -14,     41,    114,    -21,    -46,     56,     -8,     62,    -19,      5,    -64,    -49,    -88,    -93,     34,    -42,    -57,     26,     46,     65,   -120,     61,    -18,     15,    -70,   -128,    -48,    -86,   -116,    127,      1,    127,    -20,     48,     84,     78,    -47,   -128,   -128,      8,     84,    121,     41,    -28,    127,    127,    127,   -128,    127,    -25,    -62,     56,      5,     -4,     63,    -66,   -128,    -62,     18,    -79,     53,    113,   -128,    -50,    -40,     -2,   -128,     -1,     55,     81,   -128,      0,     85,     12,    -20,    -82,    -98,     13,     35,     -1,    -28,   -128,    106,   -100,     41,    -72,    -86,    -15,   -103,    100,    110,   -128,     56,     10,     49,   -106,      0,     44,    126,     49,    127,    -94,    109,   -128,    127,      1,    -50,    -16,    110,    120,     19,     18,     34,    -45,    -67,    127,     19,    -32,    127,    -16,     54, 
     81,    -93,     45,    127,    127,      5,      6,     69,     13,     90,    102,     53,    -96,    -74,    102,    -35,    -17,    -31,    -52,   -128,      7,   -115,    127,   -128,   -128,     28,      8,    -81,     73,    127,     67,     74,    -72,    -73,    -28,     73,      2,     33,    127,    -67,     86,     32,     48,    -43,     81,    -86,    117,   -119,   -128,    -85,     58,     16,     51,    -14,    -51,    127,     68,     97,     72,    127,     13,    127,      9,     -3,    108,    -98,     -3,     47,    -14,    -35,    102,    127,    -24,     48,   -128,     72,    -47,    127,     -4,     38,     62,      6,     11,     91,    106,   -111,    100,    127,    -35,    -14,    127,   -128,   -128,    127,     19,    127,    -21,      9,    127,     25,   -128,    -41,    -63,   -128,     53,     85,     29,     46,    -21,    -96,    -28,     56,    -86,    -12,   -128,   -128,     20,   -125,   -128,    -63,    -56,   -100,    114,    100,    -14,    -15,      3,    110,    -32,   -128,    -34,     86,    -45,     24,     -1,    -53,    -35,    -34,    -57,      0,     -3,    -21,    -11,    127,     87,     12,     95,     85,      9,   -128,     17,   -128,    127,   -121,    107,   -128,    -32,    127,   -128,    127, 
    -55,    107,    -99,    127,     26,   -128,     15,   -107,     45,    127,     51,   -128,    127,    -50,    113,     53,     85,     98,    106,     75,    -47,   -128,    -45,    -21,    -79,   -128,     21,    127,    -47,     53,    -43,    -32,    121,    126,    -71,   -128,    -57,     85,    127,     21,     80,   -128,    -30,    -80,    -45,     30,   -126,    127,   -128,    -23,     76,   -128,   -128,    110,   -128,   -128,    127,    -25,    -36,     65,    -61,     52,     73,   -105,    -66,    126,    -26,   -128,   -128,     25,     56,    127,     24,   -128,   -128,     91,   -128,     36,    122,   -126,     75,    127,     54,   -128,      5,   -128,      0,    -19,    -68,    -70,     68,   -128,    115,    -72,    -42,    -51,    127,     15,    -51,    -33,     63,   -128,   -128,    -90,     24,    127,    127,     48,    102,     -5,    -40,     63,   -128,     45,     95,    -27,   -128,     63,     50,      4,    -46,    -70,      7,    -55,    -46,    127,     99,   -128,    -39,    -65,     15,     18,    127,    115,     53,   -128,   -128,    127,    121,    127,     67,    119,    127,    -42,     71,    -89,    127,     81,     25,     72,    112,   -105,   -128,    -46,    127,   -128,   -128,     -3,   -122,    -40, 
     35,     23,    126,    113,    127,     44,    -95,     -7,   -128,     29,      6,     75,    -36,    127,     25,     74,    -18,    127,    -27,    -70,     93,    -70,   -107,    -89,     54,     18,   -128,     -9,   -115,    -83,     40,     11,    127,     32,   -119,    -64,    127,    108,    -67,   -109,   -113,    -76,    105,    100,     44,    103,   -110,      3,     72,    -72,     -9,     34,    113,     27,   -128,   -116,     21,     69,    -91,     11,     13,     40,    127,    127,     45,    -25,    -94,     15,    -55,   -124,     -4,   -128,   -101,    -81,    -56,     91,    127,     19,    -12,    110,     51,    -10,     70,    -83,    102,    -22,     43,     39,   -128,   -126,    127,    -36,     81,    -57,    -36,     18,    -13,     -6,    -59,      8,   -128,    -72,    -13,    -59,     92,     -1,    -84,    127,    -74,   -128,    -12,    -49,    127,    -53,     48,     79,      6,     20,    127,     15,   -128,   -116,     28,    -26,    -63,     33,      6,   -128,   -128,     -4,     82,    127,     11,     45,    -18,   -115,     -3,   -128,   -128,   -127,     35,     43,    116,    127,   -120,    -39,     60,    127,   -128,     52,     20,    -11,   -122,   -106,    -40,   -102,     30,    -89,    -27,    -95, 
    120,   -108,    -45,   -128,    -13,   -122,    -66,    -65,    -98,    109,    -11,    110,    107,   -123,    -51,     11,     16,     -6,     59,   -112,     74,     55,    -86,      9,     28,     64,    -41,    127,     95,    127,   -102,   -128,      6,    -41,    -83,    -21,     56,   -128,     24,    -67,   -128,    127,   -128,     55,      1,    -19,   -128,    114,    -53,   -117,     66,    104,    -29,      9,    -37,     60,    -57,    -93,     34,     31,   -113,   -121,    -82,     56,     98,    -64,    -33,     11,    -52,    127,     16,     11,   -128,     72,     79,     49,    -21,   -128,   -111,   -128,     58,    -97,    -82,     85,    117,     10,    -29,    -45,    127,   -124,     79,    -20,   -128,    -15,   -110,   -128,    -41,    -58,    -65,     32,     23,    -20,   -109,    107,   -108,   -128,    -18,     25,     46,    127,    -20,    127,    -90,    -23,   -100,    114,     13,    -59,    -19,     69,    -49,    -87,   -128,      7,   -128,     91,    -37,     25,     64,    127,    -90,    114,     66,    127,    -24,     43,   -107,    127,    -39,    127,    -83,     -6,    113,     37,     25,    127,    -13,    -94,      6,     63,     41,    -47,     98,    -64,    127,    -15,     17,    -44,    -13,   -102, 
     24,    102,    -26,    -54,    -50,    -28,     55,    102,    -88,   -118,    -51,     78,   -128,    127,      3,     41,     26,     -7,    117,     43,   -125,     99,   -128,     90,   -110,    100,     -1,     28,   -128,    127,    -97,   -128,    -10,    -45,   -110,     83,    127,    -52,    106,     10,    127,    127,    -17,   -128,    -15,     92,   -128,    127,   -104,   -128,    127,    127,    127,   -128,    -37,    100,    107,    127,    -18,    -14,     20,    127,    -90,     12,    100,    113,    -36,    -55,     63,    124,    118,    -37,   -128,    127,     79,    -67,     70,    -42,    -17,     48,    127,     71,    117,     22,     47,    -99,     63,    -51,    127,    -81,     24,   -101,   -119,    -42,   -128,    127,   -128,     32,    127,     21,     43,   -128,    -67,      8,     63,    -86,     21,     92,    110,    -91,     55,     53,   -128,   -128,    -45,    119,    103,    -20,     38,    121,     -6,    127,    -35,    114,     37,    -97,    -16,   -128,   -113,    127,   -128,    126,    127,    127,     44,   -128,     56,     49,     -8,     12,   -128,     19,   -128,    127,   -128,    127,   -118,    127,    115,     45,    127,     -6,    -50,   -128,    127,     -6,   -109,   -128,    -75,     -5, 
    -46,    -26,    127,    127,     41,   -128,    127,    -26,   -128,     35,     82,    -94,      9,    103,    -86,     -4,     48,     96,    127,   -128,   -100,    125,     65,    125,      2,    -10,     22,     30,    -25,     13,   -128,   -119,    -95,    -22,      2,    106,    -27,     84,     75,   -128,   -107,    -72,      4,     50,    -42,    -61,   -128,   -119,    -48,    -62,     95,     22,     19,    107,     22,    116,     26,     70,    123,   -118,     93,    -11,    127,    124,     53,      2,     17,     31,    -82,     -7,    -31,     38,    125,    -43,     96,    118,    -62,     81,    -21,     75,    127,    127,    -11,     -5,     50,    -16,    127,     -8,     47,     -3,   -105,    127,     27,   -128,    -50,    127,    -21,   -126,    127,     18,    119,   -128,   -128,   -128,    -31,   -128,     10,    -15,   -100,   -107,    -76,   -110,    127,   -110,   -128,   -128,     -9,    -90,    100,     -2,    127,     -2,     36,    -21,    -41,    127,    -60,    -68,    -16,     42,     66,    127,     49,    -91,     17,   -128,    -45,     40,      6,   -104,   -104,     96,    -17,   -128,    -56,    127,     87,    -44,    -34,    -35,    127,     -9,     26,    -58,     52,    -17,    127,    -18,     94,    127, 
   -128,    -50,   -107,      6,   -128,   -128,      4,    -82,    -63,     49,    -18,     39,    127,     11,    -40,    -25,     29,     33,    122,    127,   -128,     20,   -128,    -29,     52,      5,    -81,    -36,   -109,    100,     64,   -128,    -74,   -128,   -115,      1,    -73,    -19,    127,     56,    127,     -6,     68,    -92,    -87,    -84,   -124,    -13,   -102,    -48,    127,    -35,     80,   -128,    127,     -8,    -31,    127,    -30,    -38,    127,    -33,    127,     23,    -59,    -45,   -128,    -58,   -128,     70,    -22,   -127,    -23,    -96,    121,     30,    127,     86,     17,     43,     88,     93,     51,    -75,     54,     39,     97,     11,    -26,    -13,    127,    -60,   -128,    127,    -53,   -128,    -36,   -128,    -54,     72,   -108,   -128,    -30,   -100,    127,    -94,     48,      6,     56,    -79,     30,      6,     -5,    126,     42,     40,     -7,    -33,   -128,     36,    -17,    109,    -69,   -128,    -93,   -128,     92,   -128,    -93,    116,   -128,    -26,     53,    -62,    -29,   -128,    -10,   -128,    -82,    127,   -128,    127,     83,    -32,    -26,    127,    -73,    -59,     86,     61,     10,     65,    -20,      9,     49,   -128,    -43,    -23,    -31,      8, 
     13,     37,    -10,     82,   -128,    127,    119,     47,    104,     87,     15,    -57,    -88,    127,    100,     56,    -50,     25,     17,    100,     29,    -50,    -35,    -12,    127,    -85,     92,     30,     54,    -69,    -94,   -128,    -17,     74,    -42,     46,    110,    -25,   -128,     56,    127,     80,     47,     26,     90,    -80,    -45,     77,    -34,     56,     48,    127,     41,    -29,    -44,     72,     32,    127,    -63,   -128,    117,     16,    -56,     -7,    104,     85,   -128,     17,     93,     46,     79,     94,    -55,      1,      1,   -128,    118,    127,    -23,    105,    127,    -42,     39,    100,     -9,    -56,    -22,   -128,     85,     47,   -128,     96,   -128,     88,    127,    127,   -128,    -16,    -40,    -24,    127,     43,    -72,    -95,    106,   -105,     42,     80,     37,     56,    -35,     56,      7,    -82,    -80,    -38,    127,    -55,    104,     -5,    122,     53,    127,     70,    127,   -128,      6,   -128,    117,    -33,    -63,    -68,     60,     10,     78,    -66,     10,   -128,    127,    -78,    -72,    127,     72,     78,   -128,    -30,    -24,     -7,    102,    -90,    127,    -46,    127,   -128,     17,     28,   -108,     66,     11,     54, 
    -58,     89,    -17,    117,    127,     59,    127,     72,    -52,    -25,   -128,   -128,    110,    -99,    -97,     13,     -9,     31,    127,    -14,   -128,    127,    -80,    -43,    113,    127,     44,    -53,    -67,    127,    127,   -121,    -68,     36,    -31,     25,    -33,     42,    127,    -39,    -74,   -128,     38,    -57,    -48,   -128,    127,   -114,    127,   -103,      6,   -118,    -22,    -20,     74,    -41,   -128,    -28,   -128,     16,    127,      6,     64,    127,    -38,    -28,    -36,    -76,    127,    -65,     99,     68,    -54,    -18,      9,     79,    102,     26,     50,    127,    -73,    -12,    -23,    -13,     21,    121,     -5,     25,    103,    127,     19,     54,   -128,   -128,     19,    113,     62,    -46,      9,    100,    -40,    -22,    127,     60,    127,    -37,    -27,    104,     88,    -56,     43,    -61,    -24,     59,    -57,    -10,     54,    -17,    -15,   -128,    107,    112,    -40,    -77,    100,   -103,     40,   -128,    -58,     73,    -67,    -43,     -7,    127,     45,   -115,    127,    -17,    -92,    -87,    -96,    127,    -21,    113,     42,    -67,     53,    110,    127,     70,    -71,     82,     98,     -7,     96,   -128,    -66,     25,    -67,    -86, 
     10,   -106,    127,   -128,    -53,     -9,    -83,    -48,     50,     26,    -25,    123,    -44,      6,    -33,     79,    102,      7,   -128,     38,    -31,    127,     89,    -82,    111,   -128,    -37,     70,    127,   -128,      4,    -53,     13,   -128,    -97,     47,     20,     95,   -128,    -32,    102,    127,     67,    127,     -9,    -39,   -128,    123,      5,    127,    -33,    127,    -17,      3,     -2,    -25,    127,    127,     17,     94,    -69,   -100,    -31,     45,    127,    -76,     50,    127,   -105,   -110,    -34,   -103,     40,    102,    -59,   -100,     67,     51,   -128,   -106,     78,     32,    127,   -128,    -89,     18,     86,    -11,     93,   -128,     98,    127,     -6,    125,     31,     31,     34,      9,   -128,   -125,    -24,    122,   -128,   -128,      9,    -99,     49,     -6,   -128,     22,     34,     73,     86,    -27,    -38,     43,    -19,     -1,     80,    -99,    119,     41,   -128,   -127,    -90,    -26,    127,     76,     66,    -15,    127,     31,    102,    -92,     53,    127,      9,    -94,     41,    -77,   -128,    -59,    118,   -116,   -128,     22,    -54,   -128,     35,    -15,   -103,     13,    -34,    -57,    -32,    127,      0,    -98,    -58,    -52, 
    127,     37,     50,    -19,    -68,    104,    107,    -97,     73,    113,    -84,   -128,     43,      2,    100,   -128,    127,    -11,    -45,    -17,    -39,     56,     35,     -8,    -73,    -67,    -55,    -36,     -7,    -27,     63,   -100,     94,    -31,    127,    -26,   -119,   -128,     14,   -128,    -36,    107,     59,   -121,    127,     52,    127,   -103,     20,    -60,     59,    -54,     97,    -20,    -91,    -88,    127,     26,    -21,    -48,   -102,     26,     -8,      2,   -109,    -74,   -120,   -128,    -32,     42,     36,     24,    -80,     67,   -125,    127,     49,     81,    -34,    -70,     19,   -128,      1,    118,    127,    -39,   -128,    -50,    127,    108,   -128,    127,   -128,   -128,    127,    -73,   -120,     64,    -37,     -9,    127,    -84,     51,    -95,    -12,      2,    127,    -93,     47,    -82,    -25,   -106,      7,    -73,    104,     63,     10,    -63,     -8,     15,    -59,     81,     17,    127,     70,     68,    -83,    -75,   -128,     40,   -126,    127,     -4,     77,    127,    127,    -84,     78,     35,    -41,   -128,    -84,    -41,    116,   -107,    -39,    -67,    127,    -42,   -105,    -36,    118,     89,     16,    127,    127,    -43,    127,    -72,     63, 
     10,     74,     76,   -107,    127,   -128,     51,    -26,    -49,    -28,    127,    -33,   -128,   -128,   -128,    -61,    120,   -128,     37,     53,     22,    -35,     91,   -110,    127,     -6,   -128,     35,    113,     14,   -128,    110,   -128,    -24,   -116,      0,    127,    -31,    -17,     61,     56,     14,    -60,    127,     -5,     10,   -117,     46,   -128,     18,   -122,     65,    127,      2,   -107,    -85,    -80,   -128,    109,   -109,   -128,    109,     30,    127,    127,    -66,    -45,     16,   -128,    127,   -128,     -6,    -37,     67,   -128,    127,    -71,    127,    -91,    -45,     29,   -128,    127,   -128,    -18,    -21,    127,    -82,      5,    -53,    100,     70,    -64,   -112,    -67,     63,     50,     57,     30,     14,     38,    -45,    -34,     64,      4,     45,     35,      0,     60,   -109,     49,    127,    -12,     62,     63,    -37,    -62,    -38,     74,   -128,   -128,    -97,     76,    127,    -20,     76,      7,   -128,     70,     12,    127,     96,     80,     84,     72,    -21,   -128,    -12,    127,    127,    -98,     19,      9,   -128,    -55,     -6,    -78,   -108,    -96,     85,    100,    -97,    109,   -128,     52,    127,     41,   -128,   -128,   -128, 
     24,    -12,    -18,      4,    -80,    -33,     63,     91,    -28,      2,     33,     49,   -116,     16,     46,    -32,    -20,    100,     28,     -5,   -106,    126,   -128,    -53,     97,     75,    -31,    -52,    127,    -66,    109,     76,    -15,    127,    -44,    -46,    -54,     44,     56,    127,     -1,    127,   -108,     16,     48,    -71,    127,    -74,     81,    108,    111,    -45,      0,    -85,    -47,     48,    -22,    127,     -4,    -86,     75,     55,     28,   -128,    127,    -99,     70,    -40,     98,    -69,     21,   -114,     47,   -117,     77,   -103,     88,    -71,    127,     -4,    127,    127,     54,    -40,    -26,     15,    108,     72,   -128,     13,     12,    127,    -69,     85,   -100,    -13,   -128,    -54,    -46,    -72,     18,   -128,     51,     55,    127,   -128,   -128,      8,    115,      6,    -51,    -63,    121,    -18,    -72,     69,    127,    -41,     33,    -55,     34,     -6,      9,   -128,   -113,    -83,   -128,    127,    -47,     16,   -114,   -128,    -53,    127,    -98,    -94,      4,     47,    -70,    -18,      4,    127,    127,    127,   -111,     94,     -6,     58,    -17,    -82,    -99,    -92,   -128,    112,    127,    -23,    -20,     31,     49,    127, 
    -28,    112,     30,     26,   -104,   -112,     82,    -70,   -128,    -65,   -128,    113,    -57,     92,    127,     58,     -6,     78,     68,    -54,     -7,    -19,    -80,    -39,     83,     79,    -34,     78,   -128,     47,     44,    -43,    -33,     71,     19,   -109,    -33,    111,     35,     86,     45,     30,     -4,   -106,   -100,    -40,    -45,   -126,    127,    -85,     69,   -119,     -4,    -62,    127,     48,   -109,    -56,    117,    -81,    104,   -117,     73,     21,     -4,     79,    127,   -128,   -128,   -128,   -108,   -128,   -100,    -26,    -59,    -76,    -22,    -10,     68,     18,    -12,      0,     10,   -102,    -18,    -28,    127,   -128,   -124,   -128,   -114,    -46,     52,    -60,   -128,     32,     39,    -79,    -12,    127,    -90,   -128,     16,     60,     28,   -128,   -128,    -46,    127,    118,     -1,    -82,    127,   -128,   -116,     -4,    -57,     -8,     11,    -46,     97,     47,     63,   -128,    124,     37,     68,    -65,   -128,    106,     -3,   -128,    -14,     34,   -128,   -128,    -45,    -43,    -17,    -38,    -24,    127,    -33,   -128,     37,    127,    -96,   -128,     15,    103,    127,    -46,   -102,      8,   -128,     27,     72,     18,     74,   -128, 
     13,     43,    -77,    -85,   -128,    114,    127,     99,      4,    -39,   -128,    -98,     12,    -68,    -62,   -118,   -122,     31,   -128,    127,    112,    -10,    110,    127,     70,    -18,    127,     95,     76,     30,     77,    -83,    -51,    -58,    -45,    -58,   -128,   -128,     -3,    -25,     34,     81,     90,    127,    127,    -64,    111,    -17,    127,    127,    -86,   -104,   -122,     22,     50,    117,     66,    113,     77,    101,     12,   -128,    -86,     16,   -128,   -128,     76,     67,    -71,     36,     51,    -83,    127,   -105,    -82,   -128,    -89,     51,     66,    -86,    -43,    -48,     31,     10,    127,     10,   -128,     17,     -4,    109,     44,    -27,     27,     65,     68,     71,     87,    -33,   -128,      7,    117,   -128,     18,   -128,   -122,    -33,    -63,     33,    114,    104,    -90,   -110,    127,     70,    -90,     49,    -37,    -18,    -67,     77,     90,    -19,     52,   -111,    127,    -96,    -62,     55,    -73,   -128,    127,   -128,      1,      9,    -84,    127,    127,   -128,    -46,     30,     48,     14,     83,    -76,    -31,     16,      6,    -14,    -61,   -128,   -128,    -60,     63,    127,    -42,   -128,    -48,    108,    127,   -128, 
     66,     30,     52,   -128,    -93,    -60,    -18,   -110,     52,    120,    -93,    127,      0,   -128,    117,     57,     40,    127,   -107,    -58,   -128,    127,     49,    -89,    -83,     53,     53,   -104,     41,   -119,   -102,   -128,    127,    127,     32,    127,     71,    -59,    -68,      7,    -82,   -128,     38,   -128,     95,      1,   -128,     57,    127,    -24,   -122,    -61,    -31,     75,    -67,     -2,    -42,   -128,     34,   -103,   -124,     52,   -120,    -62,     26,     40,   -128,    -16,    -79,     60,    -64,     40,    127,     46,    -49,    -52,     71,   -114,     43,     35,    -96,    -17,    -53,    -37,     76,    120,    -61,     95,    106,     52,    -48,     14,    125,   -116,    -45,     18,     82,   -128,     28,    -10,    -66,    -57,    -74,     16,    -52,    127,   -128,   -128,     73,    -80,   -116,   -128,     27,    -28,   -119,    127,   -119,   -128,     24,    107,    -25,     78,    103,    120,    -97,     -1,     19,     23,   -128,   -128,    127,    127,    127,    -36,   -128,    127,     71,     98,     59,   -100,    101,    -10,   -124,    -68,    116,    127,    -26,    -58,   -128,     27,    -22,    -35,    -18,    121,    -31,      0,     57,     32,    127,    -43, 
   -125,    -46,    127,    -83,    127,     22,      4,     19,     80,   -128,    -59,   -102,    -77,    -39,    -23,     87,    -29,    -21,    -64,     75,    -35,    127,     42,    -21,    127,     56,     54,     11,    -56,   -114,     67,     93,    -17,    127,     23,    -98,     24,    127,      4,     59,     16,    -14,     68,   -128,     34,     35,    127,     18,    117,     58,    -18,    -55,    -67,     63,     26,   -128,    -17,      5,    -37,    -38,    -31,     44,     32,   -128,     45,     26,     15,   -128,    -98,   -112,   -128,     71,     88,     25,   -128,      0,    127,    127,    127,     11,    -18,    -55,     79,    -55,   -118,    127,     27,    -22,   -114,    101,     18,    104,    127,   -103,    -11,    127,    -75,    110,     74,     60,     80,     94,    127,     83,    122,    101,     54,     -5,     15,   -128,    -13,   -120,    -32,     50,   -119,      8,    -29,     52,    127,   -124,     71,    -17,      6,    -95,     14,    -73,    -29,      2,     81,     43,    127,    -40,    -81,    -10,    -29,     -4,     87,     62,     14,     78,     62,    -15,    -95,   -128,    127,   -128,     -8,     72,   -108,   -128,     79,     41,    -77,    -23,   -128,     31,     62,    -29,    127,   -114, 
    -13,    127,    -47,   -128,    102,     43,     87,    -32,    -10,     13,   -127,    105,   -100,   -128,     40,    -93,    127,    127,   -104,     -4,   -128,      4,      6,   -128,     -7,   -128,    -62,     18,    127,      5,   -114,     88,     13,    -66,    107,    -66,    -46,    113,     39,    -26,    -93,     62,    -74,    -21,    -38,      1,      0,    108,     60,    -49,    -63,   -128,     52,     74,    106,   -128,    -20,   -128,    127,   -128,     -4,     89,   -128,    -49,    -84,   -128,    127,   -128,   -128,   -128,     -3,     57,    -35,     57,   -128,    -43,     68,    -45,     97,    -86,   -128,    -31,    127,    -58,   -128,    -11,     41,     21,   -128,    -84,   -126,     33,   -128,    -58,   -125,    -36,    -41,    -50,     21,    -53,     79,   -114,     10,     63,     32,     27,   -109,   -128,     -8,    127,    127,    -29,     25,    -41,    127,     54,      8,   -128,   -104,    -76,     34,    127,    -76,     77,     21,     97,   -128,     59,    -61,    127,     55,     49,   -128,   -128,      2,    127,     13,   -128,    127,     88,     11,     75,   -128,   -128,     99,     21,    127,     79,      1,    -15,   -128,     39,   -128,     21,     88,     84,     63,    127,    -77,   -118, 
    -12,     95,     12,    -17,     73,    -55,      9,    -13,    -76,   -119,     40,    -10,   -128,   -128,   -127,    -33,     55,   -128,   -106,    127,    127,     36,     48,     68,     13,     94,     73,     20,    107,     99,    127,    127,    -30,    -63,   -128,    -68,     11,   -128,    -63,     40,    117,     75,     39,     41,    -56,    -60,    127,     60,   -101,     59,   -128,    -17,     62,     11,    -19,     41,      5,   -113,    127,    127,     63,   -128,    -57,    -48,     35,    -72,     -8,     60,    118,      7,    -88,     27,    120,     85,   -128,    -14,   -100,    -84,   -128,     48,    -55,    -58,    127,     72,   -128,    127,     35,      7,   -128,     74,     68,    118,    127,     45,   -128,    -11,    -31,    -68,     -6,    -98,     31,     67,     19,     21,     34,    -51,     46,     30,     51,     82,    113,     48,     29,     58,     24,    -16,   -128,    127,    -87,     11,    -45,     51,    -95,    101,    -21,   -119,     21,     -6,    127,    127,     70,   -127,     42,   -108,    127,     74,    124,    -36,     66,     10,    -11,     -7,   -107,     51,    -41,     97,    -63,    127,    114,    110,     55,    -82,   -128,    -21,      4,     40,     47,    127,    110,    -97, 
    -41,     41,    127,   -110,    127,     34,     22,    111,   -128,    106,    118,   -128,    127,    -87,    -14,    106,    -89,     -1,     -3,     26,    127,     -8,    -48,     95,    127,   -128,     14,     18,    -52,    -20,    127,   -128,    -85,    -18,     -1,   -128,     -4,    -51,   -128,     99,    -37,     14,    127,     61,   -128,    -49,    -77,     73,     89,    -22,     10,    105,    -97,    123,    -38,   -128,    -58,     -9,     40,      3,     14,    -91,    127,     39,    127,    -79,    -69,    127,     60,   -108,    -50,    127,    -62,   -128,    -92,    102,    127,     40,   -128,   -128,     32,    -96,    127,   -128,   -121,    -60,    127,    -36,    -70,    -88,     86,    -97,     65,    -48,    -18,    107,    110,    127,   -123,   -128,    -79,     61,    -37,    -22,    -70,      6,   -128,    127,    -89,     37,    -54,     25,     31,     76,   -128,    127,     22,    -43,     83,   -128,    -67,   -128,    -89,   -122,    118,     97,      9,    -92,     72,     16,     96,    -12,    -59,    -93,    122,   -128,     72,    -90,    -97,    -39,   -128,   -126,    127,     30,   -128,    -53,    -25,    -43,     51,    -46,    -60,   -115,     38,     39,    -78,    -96,     28,     52,     -9,   -115, 
    -31,    127,     65,    -91,    -28,    -10,   -128,    -13,     87,   -128,   -121,    127,     40,   -111,    125,     30,    127,     57,    -60,    -64,   -128,     27,    127,   -128,    -51,   -128,   -128,    -37,     99,   -128,    -87,      2,      4,    -73,    127,   -110,    -89,     44,     22,     53,     -6,     53,   -128,     11,     45,    -66,   -128,    -72,     -7,     63,     19,     89,   -112,     36,    127,   -128,     31,    109,      2,    -86,     -5,     37,     -7,   -128,     13,    -43,    127,    -75,    -23,    -64,    -56,   -106,     16,     58,   -128,      0,   -128,     18,    -68,   -128,   -104,     94,    127,   -103,   -123,     17,     65,   -128,   -128,    -42,     22,     55,     49,    127,      5,     80,     52,     29,      5,   -103,    -36,    -77,      8,      4,     77,     96,    127,      0,   -128,    127,    127,    -16,     83,    -78,    -75,     68,   -108,     49,    -23,    -84,     24,    119,   -128,    -43,   -110,    107,   -128,     -2,   -128,    107,    127,     84,   -122,   -128,    -45,     21,     25,     20,    112,     70,   -110,    -84,     87,   -128,     25,    127,    -38,   -128,     19,     31,   -128,    127,    -75,    -35,    -31,     -4,    -27,     90,   -128,    -98, 
    127,     42,    127,      9,     32,     21,    -48,     23,    -28,    119,    -25,    -91,    -82,    -65,     46,    -34,    127,     24,    -32,    101,     73,   -128,    127,   -128,    -12,   -128,   -128,    -49,     -3,   -128,    127,    -91,    127,   -128,     44,   -128,     53,     48,    -20,    -69,     44,     28,     43,    -25,      4,     46,    127,     -4,    -21,    -12,     97,   -128,    -17,    102,    -72,   -128,    101,     61,     68,    -44,   -128,    -14,     94,    113,    -67,     85,    -12,   -128,    -95,    127,     79,      8,   -121,    -66,   -128,     69,     73,    127,     15,    -95,   -128,    -40,    127,   -128,     40,    -64,     43,     83,     63,     -2,    -60,      0,     55,   -128,    127,   -128,    -82,    118,   -124,    -11,   -113,    -39,    -23,   -124,    -86,    127,    127,    127,    127,     93,     98,     31,    -14,     74,    127,    118,   -128,    117,     51,     60,   -128,    106,   -128,    -62,    -44,    113,    -11,    -66,   -117,    124,     29,     19,     47,    127,     24,    -47,   -124,   -128,    127,     89,    -82,    -24,    127,     89,   -128,     14,    -59,     19,    -32,     92,    -39,      7,    -21,    -50,     -5,     49,   -128,    127,   -128,   -106, 
    -86,     31,    -58,    -70,    -59,   -128,    -96,     30,     52,     63,    -99,     36,     21,   -126,    -68,    127,     12,     28,     91,   -128,    -45,    127,     53,    -73,    -22,     17,     10,    -48,     39,   -128,    -23,     31,   -109,     23,     45,   -108,   -128,     69,     64,    -30,   -128,    -70,    -32,    -78,    127,    -29,     -5,    -99,    -39,    -71,    111,     14,    -75,    -24,   -128,     43,    127,     51,   -128,    -39,    127,    -96,     20,    127,     23,     20,   -128,   -128,     14,    127,    -74,    127,    -41,    -68,    -48,    -70,    -32,     52,     -1,      8,    127,     22,     55,     19,    -98,    127,      5,    -52,    127,    105,    -74,     42,    127,   -128,    -54,    127,     -4,    -34,      0,      2,     52,    125,     88,    127,    -73,    110,     50,     99,    -30,    127,    104,   -128,   -113,    -21,     28,    -38,     17,     70,     60,     62,      9,   -128,    110,     59,    127,    -37,   -128,   -128,   -118,     -8,    100,     49,     75,    -15,     92,   -120,     91,     66,    -42,   -128,    127,   -104,     67,     42,    -90,    127,    -82,     48,     52,     30,    114,     14,     90,     49,     27,     51,     10,     74,    127,    -45, 
    127,   -110,    -16,     73,    -73,     75,    -44,    -34,    -43,      5,     18,    127,     -6,     79,    127,    -85,    -91,    108,    -68,    -14,    125,    -73,     58,   -128,     72,    -21,    127,     22,     -2,     57,     94,   -128,    127,     82,    -46,   -128,    -62,     11,    -67,   -128,   -128,    -93,    -77,    -47,      1,   -128,   -128,    127,     39,     34,    105,     18,     -2,    -40,     60,     63,    -13,    127,     30,     39,   -127,    -26,     56,   -128,    -34,    109,   -128,    -31,    127,     -3,    127,     19,     -9,    -16,    127,     -5,   -128,    -63,     20,    -13,    -86,     82,    -38,     66,   -123,     75,     29,    -28,     16,     43,    120,    -17,     62,    127,     65,     -8,    -19,    -41,    117,    127,    -72,     77,   -128,    127,     13,     25,    -61,    127,     21,    127,    -22,    -17,     28,    -15,   -128,    -82,    123,     43,   -108,   -110,    127,   -118,    -80,   -128,    -19,     69,     -1,    127,   -119,    -83,   -125,    -84,    -67,    -56,      5,   -122,    -77,   -111,   -128,    127,    102,    -15,    127,    127,     85,      3,     82,     -3,     30,    -28,    -72,    -45,     74,     57,   -128,    -87,     39,     67,     29,   -118, 
     92,     60,     76,     47,    -98,      5,    -81,    -71,    105,    -55,    112,     59,    -41,    -77,    127,     19,     61,    -48,     39,     30,     -3,   -104,    127,   -128,   -128,      3,   -128,     93,    -10,   -128,    120,    -10,    100,    127,     94,    -66,     39,     61,      4,     33,   -116,    -24,   -128,    -90,    -77,    -78,   -128,     33,    101,     77,    -57,    -25,    127,    127,    -53,   -107,    -65,     67,    -24,    -95,   -105,     88,     64,     23,     26,     35,     58,    -32,   -120,     40,   -128,    -90,   -108,    -88,     55,    127,    -66,   -128,     46,    -58,    -73,     47,    127,    -31,   -128,    -27,    122,    -79,    -87,    127,   -111,   -128,    127,   -109,    -25,    -43,   -105,   -128,    127,   -128,     85,    -73,     90,    118,     62,    127,     58,    -95,     37,    127,     35,     43,     87,    -82,    -89,    127,    -54,    127,   -116,    -19,     79,    -51,     89,    101,   -128,    127,   -128,     15,    -74,     39,     67,     15,    -25,    -47,     18,     75,    -66,     73,     49,     10,    -22,     14,    102,    -75,     29,     93,     92,   -128,   -128,     -1,    -24,     41,     11,    127,     90,   -127,    127,    127,     36,    -32, 
     55,     17,    -39,   -128,    -57,    118,     99,    127,    -90,     53,    -68,     32,   -112,     38,    -13,   -128,    -35,    -13,    -29,    127,    -32,    -46,     40,    123,     84,   -128,   -128,   -128,    -89,   -114,     16,     11,    -70,    -18,     34,    -78,    -30,     61,     47,    123,   -121,    119,   -128,    -47,   -128,    -25,    101,    127,   -123,    -69,   -128,    -74,   -128,    -71,     81,   -128,      4,   -128,     33,    -67,      8,      8,    -46,     11,     -4,    -70,    120,      7,    -67,    -49,     68,     38,     80,    -26,    -69,   -128,    -90,     61,    127,    -97,   -112,     72,    118,    -43,   -128,     53,   -123,    -57,   -128,    -69,   -128,    -50,    127,     12,     38,   -128,     39,    -21,    -62,    -81,    127,    -22,    127,    -57,   -128,    -62,     17,   -104,      0,    127,     94,    -54,    -13,    -57,     82,     67,     10,     43,    -23,   -118,     94,     97,    -10,   -127,   -128,     52,    -29,    -21,     31,    -67,    -50,   -128,    120,    -88,   -128,    -22,   -128,   -100,    -18,    -55,      4,    -60,    -16,     30,    116,     90,      6,     -6,    -45,     -6,     65,   -128,   -123,      0,     43,    -66,    -17,     60,   -128,     74, 
    110,     67,    -19,    -62,    -45,     70,     80,    127,    116,     67,     22,   -128,   -128,     53,    -28,    127,    -44,    127,     17,    127,     -1,      5,     31,     13,    -23,     80,    124,    -64,     73,    -57,    127,     49,   -128,    -23,    118,     10,    127,    127,     30,    -29,    -48,   -128,    127,    -98,    -64,     19,    127,     22,    -40,     77,    127,   -128,    101,     94,    -82,    -62,     96,     41,    127,     67,     20,    105,    121,      0,   -100,   -113,   -100,     63,    -41,   -128,    -97,     41,   -128,    -45,   -128,     33,     51,      9,     -4,     89,    -64,    -24,    127,    -19,   -128,    112,     47,    127,     59,    -97,   -128,     59,   -128,    -69,   -109,    -83,     43,     41,    -55,   -124,     23,     76,      4,    127,      6,     57,    -81,     35,   -128,     48,    -53,    -88,    -53,     33,     61,     22,    127,    -99,    -30,   -128,    -30,    -13,     17,    124,    123,      2,      9,   -128,     27,     90,    -94,     12,   -101,     -2,     -4,   -128,     13,    -72,     89,   -128,   -128,    127,   -128,    -73,   -128,   -128,    -78,    -51,      6,   -128,    -22,     31,     30,    127,     62,    -47,     48,    -23,   -123,    -47, 
     20,   -119,    115,   -128,     73,    108,    -75,   -128,     13,      6,      3,     50,    127,     41,    104,    112,    -48,     91,     24,     87,      7,      1,      8,     23,    -82,    127,      2,     42,   -128,   -123,    -33,    -78,     52,   -102,    -56,    -67,   -128,    127,    127,    127,   -128,    -33,    -47,    -41,   -128,     68,    -48,   -128,    -23,   -117,   -128,     74,    -52,    108,    -74,    -97,    -21,   -106,    -72,     -7,    -22,    -44,    -21,    127,    127,   -110,     -8,    -28,    -28,     27,    -64,   -128,    -43,   -121,     99,     32,     22,     95,     27,     19,    -99,     31,     12,     -1,     71,    127,     61,    -42,     44,     69,    127,   -128,     82,     15,    -24,   -128,     52,    116,     -7,   -128,    -55,     10,     90,   -128,    -97,      0,   -102,    -36,     99,     17,    -26,    127,    -81,     85,     35,     87,   -128,     41,    -25,    127,    121,    127,    -86,    -18,   -116,   -128,     84,      7,    -74,     -5,    127,    -87,     25,     30,    -50,     -2,    100,    105,     93,    -58,    -88,    -51,    127,    -83,    127,    127,     88,     -4,    -35,     85,      4,    -33,    -92,      2,    -26,    -36,      2,    -20,    116,   -108, 
    -31,    -41,   -119,     61,     74,    -26,     34,     97,     56,    -53,     66,   -105,     13,   -128,     50,   -106,    -48,    -32,     49,    106,     49,    127,     13,     25,     38,    -59,    -50,    127,    -74,     38,    104,     44,   -128,   -113,     12,    127,      7,     -4,     36,   -117,    -74,    127,   -121,    127,    -18,     30,     51,     12,    -14,     71,    -28,    -29,    -21,    -31,     74,   -128,    113,     92,    -71,    -23,     21,   -128,     59,     22,     29,   -119,    -34,   -127,    -98,    -96,    -88,     34,     64,    -53,    -40,    127,    -26,    -35,    127,    -72,    -24,    126,    127,    -90,    -78,    127,    -53,     94,      2,   -128,    103,     54,    -19,    -77,    -82,   -107,    127,     63,   -118,   -101,    120,      7,    -57,    127,    -47,     15,    -15,   -115,    -47,    127,    -39,   -128,     52,     62,     35,    127,    -30,   -128,    127,   -128,   -128,     94,    -22,      7,    -73,     28,    -39,   -128,    -13,   -109,     13,     78,    127,     37,    -65,    127,     85,     33,     60,    -34,    -90,    124,    127,    -42,    119,    -85,    -70,    -10,     35,     67,   -128,    -34,    110,     30,    -79,    127,    127,   -128,     95,    -62, 
     14,     82,    -93,     20,    -49,    -34,    -40,      3,    -10,      8,    -56,    127,    -58,     91,     51,    -24,    127,    127,   -128,    -10,    -12,   -120,    127,   -128,     16,     76,     67,     73,     40,     90,     12,    -63,   -115,    -65,     50,    -53,     50,    -48,    105,    -79,     -5,     52,      9,     60,    127,     66,   -113,    -60,    -80,     37,     -8,   -128,    100,    109,     66,    -14,      2,    101,    -36,     86,    127,    127,     15,      1,    -84,   -128,     47,   -118,     39,    -90,    -66,    -35,    -89,    127,   -102,    -47,    -18,     39,    110,    127,    127,    127,    -64,    121,     86,     -3,     86,    -41,     49,    -99,    -23,     32,    -33,     98,    102,    -48,    -21,    -87,     67,    124,     -8,   -128,    -27,     18,    127,     85,    127,    100,   -113,     35,     47,    -89,     20,   -128,     38,   -108,     52,    -28,    127,    -11,     63,     48,    108,     -3,     35,    -94,     -3,     -4,   -122,      0,     55,     84,     10,    -78,    -13,   -128,      4,   -128,    -14,    115,    127,    127,     55,      4,    -25,     27,      9,     76,    -19,    127,     39,     83,      3,    -79,    -66,    -87,    127,    -16,   -125,   -128, 
   -112,    -46,    -25,     -2,    127,    115,   -128,    -35,     25,     86,    127,    -11,     33,     34,    127,    127,     49,     11,     20,     57,     59,    -63,    -51,   -128,     55,     -6,     22,     89,   -128,    106,    127,    -90,     10,     63,   -128,      9,     71,     83,    -84,    -62,     23,   -128,    108,    -50,    -27,    -17,    -68,    117,     71,   -128,    -75,     91,    127,     83,     16,    -21,   -113,     68,     -6,    -34,     49,     72,     80,    127,     33,    -22,     68,    117,    -47,   -115,    -80,    127,    -15,    -47,    -24,    127,     55,    -13,    -99,     41,     20,    127,     81,     54,    -67,    -45,    119,   -113,    -16,     45,     86,    -28,      3,   -128,     29,     26,     73,   -128,     48,    -89,   -128,    127,   -128,    106,    100,    127,    -46,     34,    -22,      8,   -128,    127,    -56,    -88,     64,    -57,    -32,     94,     79,    -24,    -28,     31,     28,    -24,     30,     70,     61,    -49,    -98,    127,    122,    102,    -78,    -24,    127,      5,   -106,   -128,    102,    -66,   -128,     19,     -4,     58,     66,     35,     36,     95,    127,    127,    -64,     83,     10,   -128,     29,   -128,    -77,     34,    -90,   -128, 
     24,     68,    -20,      7,    -45,    -35,     -3,     27,   -108,   -128,   -118,   -105,    -82,     -1,    127,     -8,    -68,    113,     23,     16,      7,     14,    127,     20,     40,     -2,    127,   -111,     83,     31,     23,    -60,   -113,     66,     96,    -32,     51,    127,     62,     31,    -24,     -7,     42,    -21,    -40,    -49,     99,     42,   -116,    127,    -85,    -92,     -8,    -61,     80,     46,     75,     -9,      8,   -128,     92,     -3,   -128,    -66,    -20,    -14,      2,    -73,    125,     -6,     60,     46,     20,    -62,      4,     71,    -45,    127,    127,    127,      1,    127,    -72,    -68,     92,     22,     51,    -91,    -17,    127,    -65,    -39,     56,    127,   -128,    127,    -54,     79,     26,    127,    -31,     65,     76,     44,   -128,    -36,    127,     34,    -29,     30,    115,   -128,      1,     44,   -128,     19,   -104,   -120,    -29,      4,    127,    116,    -81,    127,    127,    -62,    -57,    100,     -8,     51,    -21,   -119,     -9,    -61,    -25,   -128,    127,     58,     25,   -110,   -122,    -61,    -51,   -111,    -93,     25,     49,    127,    -49,     11,    -48,     52,     -9,     63,   -100,     77,    -52,     78,    127,     47, 
    -39,   -128,    -35,   -128,    -68,   -128,   -122,    127,     -5,     77,    -80,    127,     48,     81,   -128,     -1,    -11,    -15,   -117,    -28,   -128,    127,      6,    -47,     56,    112,    116,   -128,     36,    -27,    -26,    127,     53,     -9,    -90,    127,   -128,    127,    127,     83,    -48,    -33,     46,    -42,     -3,     87,    -55,      2,     97,     27,    -22,    -65,    -66,    -50,     60,     47,     92,    127,   -128,    -50,    127,    125,    -89,     59,    -24,    -36,      8,     41,     55,     61,    127,     -5,     60,    104,     89,    -55,    -26,      3,   -128,   -105,     61,      9,   -128,     52,    -92,    -14,     62,     93,    105,    127,    -60,     98,    -14,     50,    -68,    -70,    -85,   -128,     44,   -111,    -69,      7,    -77,     47,    127,     98,    -28,    -51,   -118,    123,    -38,    -29,    -49,     43,    127,   -128,    127,     47,   -117,    101,     60,    117,    -37,    103,    -58,    -97,    -82,    127,   -118,     63,    -49,    -20,   -128,   -128,   -113,    101,     38,     86,    -83,     12,    127,    -12,      2,    103,    -23,    127,     95,     -9,     65,     17,   -128,    111,    -34,    127,    117,   -115,    127,     60,    -41,    -16, 
      3,     24,    110,     28,    127,    -30,    -53,   -128,     51,   -128,    -14,     69,    127,    -47,    -11,    -25,    127,   -100,   -128,   -128,    -43,     -9,     27,     -7,    127,     75,    127,    127,     21,     22,    -77,    -20,    118,    -28,    -69,    -18,   -119,    -43,     95,      2,    127,    127,    -50,    -54,    -45,   -128,     35,   -101,   -128,     -2,     73,    127,      4,    -23,   -128,    127,     50,     52,   -128,     -3,     18,    -20,    -70,    -45,    100,   -112,    -67,   -128,    -72,    105,    -11,     32,   -128,     73,    -43,      4,     62,    110,    -22,   -111,    127,   -128,   -128,      1,    105,   -127,     75,     33,    126,     65,     81,     37,      1,    -30,     96,     98,      2,    -39,    -60,     73,     58,    -13,     28,     70,     94,     47,    127,     -7,     76,     31,     80,    127,   -111,    -49,     21,   -128,    -22,    123,    -69,     19,    -57,   -128,     91,     97,     13,    -77,    -83,   -128,    -47,   -128,     35,    -15,     30,     -6,     61,     99,    -36,    127,   -128,     75,     60,    -20,     80,     77,     83,    -56,     94,    -37,    125,    -16,    116,   -128,    127,   -128,    -36,     96,    107,     -2,    127,   -122, 
      2,    -44,     67,     92,   -128,   -128,   -128,    107,    -49,    -22,   -128,    -46,   -128,   -118,    -36,     29,   -128,    -37,      3,    127,    -58,     15,     38,     -1,     89,    105,     94,     50,    -51,    127,    127,    -99,    -61,    -64,    -63,     88,    127,     51,    -38,   -103,     30,    -81,    119,     68,    -42,    127,     62,    127,     -4,    127,    127,    -96,    -45,     75,    127,   -128,   -128,   -128,    127,    108,    127,   -128,   -128,      5,   -113,    -63,    -30,    117,     -4,    -39,    -97,      2,    127,     66,      6,    -33,     69,    -58,    -80,    125,   -106,    127,    -59,     -1,   -128,    127,      7,   -128,   -128,    -22,     57,    -64,    106,    127,     31,   -128,     65,     98,   -128,     66,   -128,    127,     48,    114,    -44,     44,    -20,     67,   -128,    -20,    127,   -128,     85,      7,      8,    127,    -57,    -62,     94,    -91,    -48,     72,   -128,    127,     93,   -117,     22,   -128,     31,    127,    -18,    -73,    -51,      3,   -128,   -128,    119,    -11,    125,     16,    -99,   -109,   -128,   -128,    -35,    -71,    -68,     63,   -103,     -7,    -39,     95,    -31,    -49,    -89,    127,   -128,    100,    -19,     -9, 
    127,    -21,     13,     16,    -11,    115,    112,    -14,     49,      1,    -25,    -26,    127,     63,    127,     -4,    127,   -116,    -28,    -68,     40,    -32,     86,    127,   -113,    -56,   -128,    -15,     30,    -35,     36,    -13,    127,    -24,    127,     23,   -128,      7,   -128,     79,     10,      0,     53,    -28,    104,    -82,    108,     16,    127,     65,    -28,    -67,    -68,    -71,     71,     86,     33,     65,    -85,    -45,    -47,    -44,     22,    -67,   -128,     54,     89,    -32,     -1,     21,      4,     10,    118,   -128,   -101,    -88,   -128,     50,    127,   -128,   -128,    -65,    -19,    -39,     26,     89,   -128,     14,     16,    127,   -128,    -83,    127,     38,     82,     24,     25,   -128,   -128,    -94,     86,   -128,     96,   -128,   -128,    -89,   -128,    -42,   -101,     42,   -128,   -128,    114,    -26,    -40,    -19,    -58,    -54,     13,    127,     75,     37,    127,   -128,   -128,     22,   -128,    127,   -120,   -128,     99,    -65,    -40,     -8,    -27,    127,    127,    -75,   -128,    -43,     12,    -66,     40,   -128,    -79,    127,    -10,   -128,   -128,   -128,     28,     46,    -93,    127,   -119,   -128,     54,     70,    117,     47, 
    -58,    -48,    127,   -116,    -42,    113,    102,     27,    -51,    -41,     25,    -44,     20,   -128,    105,    127,     32,      1,     23,    103,   -123,     10,    126,      7,   -128,    -35,     37,     18,    -12,    -78,    -64,   -128,    -23,    -29,    -39,    -82,      1,   -117,   -128,   -119,     91,     43,    -16,    -46,    -65,     26,     -6,    -23,     89,   -128,    -29,    124,     38,    -99,     19,    124,   -128,   -128,     38,    -67,    -31,     -9,   -100,    -48,     97,    127,    -47,    -33,     91,    -39,     -9,    -85,    127,    -60,     94,      0,    127,     26,     89,   -121,    -82,   -128,    124,   -128,     58,     35,   -124,    -69,     89,    127,    -67,    -77,     46,   -128,    -75,     91,   -128,    127,    -37,     24,     55,    127,    -98,   -128,   -128,     85,   -128,      9,    127,     70,     81,     18,    127,    -48,   -128,    127,     84,   -128,   -115,    127,    127,     38,     50,    -60,     55,     99,     95,    -78,    127,    -42,      4,    -24,    127,      1,     -1,    127,    113,     42,     11,    -81,     72,     27,     13,   -122,    -34,     -6,     88,    101,   -128,     -8,     44,     35,     51,     73,    -99,    127,   -128,     46,   -128,    127, 
    101,   -128,   -128,    -46,    -51,      9,    127,     54,    -92,    127,     91,     23,    111,   -128,    110,    -83,    -46,     97,     17,    127,    -72,     34,    -50,   -128,     77,     93,    -16,    -85,    -25,     81,     53,     61,   -128,    -24,     37,    -23,      9,     -4,    127,    -59,   -108,     51,     44,    -59,     24,     49,   -128,     -9,     74,   -128,     74,    -21,     -5,     40,    127,    -47,    -99,   -128,    -70,   -105,   -104,    114,    127,     91,   -128,      2,    -64,   -128,    -80,     -7,     -4,     64,     -9,     97,     96,    127,     48,     38,     65,     69,     74,    127,   -128,    -52,      2,    125,   -128,   -121,    127,   -128,     46,    -68,   -128,   -105,     22,   -128,    -81,     28,     79,    127,    127,    -86,    127,    127,   -128,     -2,   -128,    102,    -56,    -95,      3,    -62,     13,   -108,     91,    118,    102,   -128,     17,   -128,    -24,   -128,    127,    -34,     56,     12,    -40,    -39,   -128,    -63,   -128,    123,     60,    -10,   -120,    -86,    -32,   -128,    -75,     73,    -52,     68,   -109,     -7,    115,     90,     37,   -102,    -75,    127,     63,     62,    127,     49,   -128,     83,    -15,   -128,   -128,   -128, 
    -75,   -109,     -1,    127,    117,     26,    -95,    -74,     83,   -101,     13,     84,    -58,    -59,   -128,    127,   -128,     76,     14,    111,     18,     61,    127,    -29,    -24,    127,    127,     51,    -12,    -25,    -38,   -103,    113,     36,    127,    127,     52,   -108,    127,     -8,    -47,   -128,    -38,   -112,   -116,   -128,     -4,    -52,     54,     79,     31,    -27,     -2,    109,     93,     51,    -65,     -4,    -83,     32,    100,   -128,    -84,   -100,   -128,    116,   -128,     26,    127,     66,    -63,    -47,     51,     92,    123,    -64,    -54,   -128,     92,    127,    -94,     57,   -128,    127,    101,     72,     25,     88,     40,     70,     -4,   -128,     56,    -40,   -128,    -16,      5,     76,     73,    127,    127,    127,    -64,     50,     40,      9,    -52,    -48,    -33,      9,    -12,    127,    -32,    127,   -128,     53,    -36,    -23,    -61,     33,    127,    127,    -57,    127,    -58,   -128,    122,    -36,     83,    125,     14,    -15,     16,     42,   -128,      9,    127,    127,     99,     80,   -128,      5,   -128,    -11,    -34,   -128,    -69,    103,    127,     45,    117,     32,    125,    -43,      3,    -77,     88,   -100,    127,   -128, 
    -54,     83,     37,   -128,     -7,   -128,    127,     65,     60,    -13,   -128,    -25,     49,   -128,    -62,     68,     -4,     42,     90,    111,    -82,     38,   -128,     -1,     -8,    106,   -128,     88,     30,     58,     -6,    114,     -1,    -68,     86,    127,    -11,   -104,     84,    -20,    -46,    127,    -81,    127,    -36,      6,   -128,    -67,     96,     23,     55,    122,     15,   -128,     60,    -83,   -102,   -128,     89,     89,   -128,     15,   -112,     83,    -53,   -119,     16,   -128,    -65,    127,     76,   -128,    -68,     -1,     87,    -15,    -35,     -9,    -40,     84,    -72,    -12,    127,   -128,   -128,    127,   -128,    127,     39,     25,    127,     64,   -128,     84,     12,     73,     22,    108,     28,     24,    -68,    -26,    127,     30,   -103,    -54,   -128,    -46,    106,    -40,     72,   -128,     46,    -34,     43,     84,     48,   -101,   -128,      8,    -77,   -128,    -22,    -48,    127,    127,     14,    -38,    -63,   -116,     27,    -98,     38,    -47,   -128,     41,    127,     34,    -96,    127,    -14,    -56,      8,    -54,    127,     37,    127,   -128,     21,   -128,   -128,    -50,     -6,     74,    -70,    110,    -72,   -128,    -75,    127, 
     24,     16,    117,     12,     68,    127,     76,     25,      1,    -89,   -128,    -10,    -65,    -26,     92,   -128,    127,   -128,   -128,     -5,      7,   -128,      1,    -37,    127,    -82,   -128,    -41,     13,    127,    -30,     42,    117,     -4,   -103,      6,     86,   -128,   -128,    -49,     26,    -60,   -109,    127,    119,    127,     85,    127,    127,    -73,   -128,    -28,    127,     -1,     27,    -36,   -123,   -125,    103,    -92,    -73,     84,    -98,    127,     19,    105,    127,     27,    -70,    -92,     -7,     23,    -36,     33,    -15,    -73,    -40,    -96,     98,    -56,    -14,    -36,    -41,     48,     54,     -5,    -83,     38,     97,     45,    -40,    -39,    -71,   -128,    122,     97,    -31,    -93,    -97,     40,     86,     88,     13,    127,    -22,    127,   -128,     55,   -104,    -77,    127,    119,     27,    -17,     23,   -128,    127,   -128,    119,    127,    -74,    117,    127,    -58,    -59,    127,     39,    -72,    -17,    127,      6,     80,     16,    -54,    -14,    127,     64,   -103,   -119,     85,     96,   -128,   -122,     97,    -36,     24,    -52,    -29,    -71,    -73,   -128,    -22,      5,    -49,      2,     13,    -67,    -27,    -45,    127, 
    -40,     39,    -93,    -26,    110,    127,     72,    -26,      9,    -95,    -11,    127,     26,    -52,    127,   -128,     38,   -128,    -15,    -60,     34,     72,     63,    -50,   -128,     61,     14,     39,   -128,      2,     -9,    -20,     18,    -33,    -95,    -22,   -128,   -128,    101,    -65,     30,     18,    -70,     41,    -69,   -128,    -34,   -128,   -128,    -81,    -41,     62,    -73,   -128,     23,    115,    102,     70,   -126,    127,    -59,     61,     70,   -128,    -61,     35,    -70,   -128,    127,    127,     69,   -128,      1,     25,     44,    -66,     38,    -42,     73,   -111,    -66,    -25,    -46,     81,      2,    -21,   -128,    108,    127,    127,     78,     72,    120,     40,    -12,    -90,      7,     74,     91,     99,     19,    -26,    -45,     17,   -128,    127,     88,     52,      5,     22,    127,     76,     -8,    -20,     60,     59,    -89,    127,      8,    127,   -128,    -99,    -77,    102,      6,    -77,    -69,    -68,    127,    -38,    -39,     92,     52,    -68,    -84,    127,    127,    105,   -128,     71,     -5,    -30,     55,    116,     91,    -27,     79,    -87,   -116,    127,    -31,   -128,     25,      2,   -128,    125,     29,    -35,    113,    -10, 
    123,    127,   -128,     66,   -127,   -128,    102,    -46,     18,   -128,    -39,     -6,     21,     68,    127,    -29,     22,     71,     28,    115,     77,     39,     83,   -128,     15,     97,     31,     11,    110,    -21,    112,   -128,    -59,    127,    -60,    127,    114,      2,    112,   -128,     39,    118,   -128,    125,    127,   -104,     42,    -17,    -41,   -107,    102,    122,     88,   -128,    -47,     95,     39,    127,    -79,    -68,    -24,     19,    -28,   -128,      4,    -43,    -68,   -128,    127,    127,    -22,   -127,      7,   -128,    -95,     -6,     11,     91,     70,   -128,     66,     23,    -68,    -48,   -126,     12,    -22,    -63,    -67,    127,     39,     48,   -122,    127,    -65,     38,   -128,    -57,    -19,     32,    -34,    -86,     11,     62,    122,     48,     69,     23,     88,     44,     32,   -128,     61,      0,    -76,    127,     21,      8,    -88,    -34,   -122,     27,    -13,     15,    127,   -118,   -128,     95,    -88,     -5,      9,   -101,    -88,    127,    -96,    113,      5,   -102,     26,     36,     73,    127,    127,     45,    -52,     76,     31,     70,   -109,    -76,     15,    -39,   -119,      0,     16,     -2,     -1,    102,    127,    -87, 
    -99,     54,   -128,    127,    -45,     87,    127,     95,    126,     16,    -54,     33,     67,     96,    127,   -128,   -128,    127,    124,    -42,     74,   -128,   -128,    -31,     -7,     34,    -66,     13,   -128,    -59,    103,   -122,     97,    -23,    127,    -57,    -22,    -15,    -36,      6,     66,    -68,    -65,   -128,     85,     57,    111,   -128,   -128,    -26,    127,     51,    -77,    -44,    103,    -31,    -73,     58,     13,    101,   -120,   -102,     23,    -70,   -128,    127,    114,    -55,     29,   -128,     73,     19,   -128,     80,    -40,    -87,     -9,    127,    127,    123,   -123,     43,    -75,     55,     22,    -94,   -128,    -82,     48,    120,   -128,    127,     -6,    127,    -50,    -64,    -19,    119,     78,     48,    -32,     93,    -24,    -70,     49,     64,    127,   -123,     64,     56,   -128,   -128,     45,   -128,     37,      8,   -121,     45,    -35,    -31,     36,     13,    -14,     -9,    115,     48,     40,    -42,    -57,    -79,    -77,    -39,     21,    -72,     27,     16,    111,    -97,    127,    -60,    -43,    -69,    -18,   -128,    127,    -67,     60,     -3,     39,    -24,    101,   -128,     68,    -91,   -128,    127,     36,     76,     35,    -13, 
     45,   -128,     44,     87,     54,    -96,     26,    127,    -11,    -68,   -123,    -99,     70,    -32,   -128,     29,     27,    105,    -13,    113,     29,    -20,     77,     75,     22,     16,     47,    -37,     30,    127,    127,     58,     91,     31,     29,     99,   -128,     21,     57,    -30,     43,     66,     92,    118,    -52,   -128,     59,    106,     68,    127,    127,   -128,    -31,   -100,    127,    -13,   -128,    112,     33,    -14,     55,     -5,     83,     57,     36,      5,     27,     28,    127,     -8,    127,     10,    125,    127,   -110,    -78,    -66,    -26,   -107,     16,    -73,     94,     33,    127,     71,    127,    -48,     17,    127,      4,    105,     72,   -124,    127,    -76,     18,    -64,    -87,    -14,     33,   -128,   -128,     81,    -81,     73,    -40,     -7,    127,    -10,    -43,    109,   -128,     47,     28,   -128,   -128,     37,     69,    -53,     13,    127,     17,   -128,    -66,      0,     59,     95,    -95,    102,    127,     11,   -128,     55,    -58,    -75,   -111,     86,   -128,    -93,    127,    -64,    127,     80,     48,    -59,   -115,     75,     75,     21,     51,   -121,    127,    -71,    120,    -25,   -128,   -128,    -24,    -87,   -128, 
      4,   -128,     31,   -127,    -88,    -14,   -128,     81,     59,    127,    -17,     64,   -112,    113,    -29,     46,   -100,   -128,   -128,     43,   -114,     21,     56,    127,     20,     21,    -40,    -32,    123,     35,    -81,    127,    -35,     64,      1,    127,      0,     50,    -76,     -6,     55,    127,    127,    127,     96,    -26,     98,    127,   -104,      7,   -128,    -56,     15,     89,   -128,     39,    -44,     64,    -21,    -27,    114,     38,   -128,     59,    -68,   -128,     36,    127,    -33,     85,     42,    -36,     47,      4,    127,   -107,    -67,     -6,     85,     36,    127,    -25,     28,    -78,    127,    -89,     82,    -65,   -128,    -70,    -14,    -37,    127,    -64,    127,   -128,   -114,    -35,    -97,   -128,    127,      9,     30,    -83,    -75,   -116,    121,   -117,    -35,   -117,     81,     95,     13,     23,     96,    -78,    127,    -86,    127,     12,     58,    127,    -43,    -20,   -128,   -128,    -14,     93,   -107,     55,    -74,    -51,    -89,    -81,    -70,    -29,   -128,     29,     62,   -128,    127,    -60,   -128,    127,    -71,    -34,     36,    127,     38,   -101,     60,     17,   -111,    -47,     68,    -11,    -49,     12,   -128,    127, 
    127,     -3,     -4,    -47,    -38,    -38,    -43,     13,    127,     65,    -41,    -88,    111,      6,   -128,    127,     71,     -7,      0,    127,    -18,    -42,   -128,     77,    -11,     63,     95,      0,     -5,      7,    -44,     53,     11,     42,    127,     62,     42,    127,     61,     46,   -112,   -128,     89,      4,    -11,     47,    123,   -109,    -61,     19,    127,    -69,    -26,    127,    -30,     25,   -128,    -19,    127,     75,    -23,    108,    -19,    127,    127,    127,     27,    127,    127,    112,    -41,    -28,    -26,   -128,    111,    -23,    -49,     25,   -128,   -110,   -108,    -89,    -60,    127,    -92,     -7,    109,    -88,     98,     42,    -36,    104,   -127,    127,    -37,   -128,    124,     82,    127,     -1,   -128,     52,    -62,    -20,    114,      9,     62,     49,   -128,     89,    127,    -37,   -128,     66,     79,   -103,     32,     89,     48,    -62,     59,     24,     12,     94,     24,    -15,      3,     70,    -36,     76,     79,    -39,     12,     -4,    127,   -128,     -1,    -29,     89,    103,    127,    -24,     53,     66,   -128,    -67,     73,    -25,    127,     31,    -33,    127,    -27,    105,      3,   -110,     11,     -8,    -53,    -11, 
     89,    -72,    -29,     88,   -118,   -128,   -128,     17,     23,     72,     24,    127,     94,   -128,    127,    127,   -128,     -8,   -128,    127,      8,   -128,     -4,    -17,      4,     10,   -128,    -27,   -126,   -128,    127,    -83,    127,    -18,    -85,    -48,    -82,    -85,   -105,    -69,   -128,    -80,     94,    -62,    -44,    126,   -128,    127,     24,    -79,    -44,    -28,     19,    127,     -1,    -77,     80,     25,   -128,    -54,   -100,    -64,    127,   -101,   -128,    127,   -128,    -49,    -58,    127,     59,     24,    -25,    -19,     26,    127,    101,     -9,    100,     26,    -25,    127,    -30,   -111,   -108,     75,   -128,    -68,    -25,    126,    126,   -128,    127,   -106,    127,   -128,    -15,   -104,    -81,     31,    127,     32,     97,    127,    -61,    114,     34,     34,     32,      6,    -52,    -51,     36,    126,     97,    127,    -96,     85,    127,     62,     31,    -68,     67,    -58,   -128,    -56,    -19,    -26,    -54,     75,     79,    127,    127,   -127,    -96,     56,     11,   -128,   -128,     49,     59,    -72,    127,    127,    -65,    -38,    -45,     25,   -103,     52,     23,     85,     23,    -68,   -128,   -128,     90,    -38,    -53,    -81, 
     73,    -46,      0,    -79,    -98,   -128,    -80,      5,   -112,    -20,   -128,    -22,    -22,    -31,   -128,    127,    -13,    -44,   -128,    -49,    104,    -91,    -32,    127,    -94,     41,    -38,    -81,     65,    -91,    -55,    -19,    127,     73,    -70,    -60,     95,     37,     43,    127,    120,     -8,     52,    -68,    -44,    -42,    113,     92,    127,      7,    -52,     -1,     83,     48,    -16,    127,     81,     79,    119,     55,     25,      8,    -58,      3,   -128,    127,    -67,    -78,    -67,    127,     -3,    -48,     43,   -110,    -76,   -128,   -128,     15,    127,     62,     41,     13,   -128,    -57,    127,    -71,      6,   -123,    126,     88,     17,   -128,    115,    -46,   -128,    106,   -128,     39,     71,     24,     58,   -102,     36,   -128,    -38,   -114,    -35,     23,    127,    -89,    -42,    123,     52,      8,    -75,    -57,    -64,    -32,     26,    127,     70,    127,     -9,     25,     49,      0,   -118,   -118,   -128,    108,    -22,    -39,     35,     67,    -47,    -74,    -67,    110,    -48,     15,   -110,     59,     75,    -78,   -128,    -58,    -60,     86,      6,    -47,    -28,     20,   -128,    -77,    -74,    -75,   -117,     50,     -3,   -128, 
     56,   -128,   -123,    127,    -71,     77,     38,   -128,    127,   -128,    127,    127,   -128,     17,    -92,   -128,     -8,    -38,     77,   -102,    105,      5,    127,     15,     49,     17,   -128,      0,     37,   -128,    -65,     36,     15,     90,    -70,   -106,    -51,    127,    -55,     82,   -128,    -79,   -128,     52,     75,    -71,   -128,     23,    -49,     -2,   -128,     62,     41,    -54,    -50,    127,     49,     86,    -56,   -128,   -128,    -36,     18,    127,      7,    -86,     58,    118,     20,    -52,     19,     -9,    -49,     31,     48,    -53,   -127,   -100,    -58,    -48,    119,   -124,    127,    -32,    118,   -128,      4,     -9,    -79,     56,   -128,    -55,    127,     28,    -54,    124,     16,   -128,     48,    -15,     12,    -90,     75,     56,     10,   -118,   -113,    -50,     47,    127,    -19,     97,   -121,     85,     54,    -78,      9,     25,    -77,   -100,    123,    -55,    127,    -39,     36,     59,     72,     44,    -91,    -37,     16,   -128,     -7,    -81,    127,    -11,    -55,   -126,     16,   -128,    122,   -128,   -128,   -108,    127,     19,     26,    -50,   -128,     22,    127,     79,    -45,     46,     80,    -69,    -14,    -42,     78,     -3, 
     72,    114,   -102,     30,     86,    127,     25,     46,   -112,     -1,     78,    127,    -40,    127,   -128,    127,     10,    127,     34,   -128,     93,    -40,    -43,    100,      3,    -61,     34,    -81,     72,    -52,   -116,   -112,   -102,    -43,    -45,   -128,    -15,    -98,   -128,    -60,    -57,     -9,      8,     91,    -49,    -12,     27,     29,    -31,   -124,   -128,     52,    -47,    -78,     -3,     87,   -128,   -128,    107,    127,     42,    -46,     22,    127,     74,     92,     13,    127,    127,   -128,     62,     41,     54,     30,     48,   -128,     -1,    -74,    -21,    -17,    -77,   -128,     13,      1,    127,   -124,    -36,    -34,      1,   -128,   -105,     45,    -13,    -93,    -92,    106,    127,     15,    105,    -53,     93,     60,   -114,    -82,     -3,    -75,    -72,     14,    112,    127,    -22,     75,    -29,     95,   -128,    -53,    -22,    -69,     75,     51,     74,    -10,    -99,   -122,    101,     -3,     95,   -128,    111,     59,     -6,     85,    -49,    -10,    127,     47,    -54,     46,    -94,   -128,    -77,    127,    -69,     -1,    -79,    -70,    -47,    -40,    -55,    127,    127,   -128,   -128,     50,      1,     58,    -40,     42,    -90,    127, 
     41,    -20,   -128,    -31,     45,   -105,   -101,    127,    -19,    -17,     68,     52,   -128,    -73,    -43,     -7,    -63,    127,    -87,    127,    127,   -128,    -48,    -74,   -116,    127,    109,    100,     92,    -68,     89,    127,    -35,   -128,     -4,     11,    104,    124,     69,     10,      2,     34,   -120,    -21,    -39,     60,     17,    -11,   -116,    -24,      3,   -100,    117,      1,   -128,    123,   -124,     70,     29,     14,    -34,    -19,    -79,    127,    -66,   -128,    -47,     29,    -40,    -25,     66,     51,    -83,     90,   -117,     47,     16,     74,   -128,    106,     24,    -13,     78,     49,     19,     12,    -88,    -18,    -87,   -128,     -2,    110,   -128,    -10,    -17,   -109,    -66,    -87,    -19,   -100,     86,    -99,     22,     71,     25,    116,    -84,     41,     18,     67,     -6,     74,     70,      5,    127,   -119,     77,    -34,    114,     -4,     18,     -1,    127,    127,     82,    -69,   -128,    -64,   -114,     86,     56,     27,     -4,      8,     57,     76,    -90,   -112,    127,   -128,     -6,     -7,    -84,     76,   -128,   -128,    -38,    113,     33,     54,   -128,     12,    121,    -50,    127,     74,     41,    127,     60,      9, 
     96,     31,   -103,      4,   -128,     42,     58,     59,   -128,     74,   -100,     82,    -64,     69,    127,   -128,     93,    127,     53,     60,     20,    122,    -64,   -128,   -128,     61,    -68,     11,    -88,    -34,     25,   -128,    127,    -95,     -7,    -22,    -18,   -115,    127,    -98,     66,     75,   -128,   -121,     92,    109,      3,   -128,    -43,    -81,    123,     34,      3,    -58,    127,     97,    -62,    -26,     28,   -117,     69,    -70,     61,     14,   -128,     40,     32,   -115,    -26,    -20,     70,   -117,     -5,     87,     12,    127,     38,     56,    127,    127,     98,    127,   -109,    -25,    127,     79,    -66,     55,     46,    -31,    123,   -128,    -59,     48,    -78,      3,      5,     93,     83,    127,     11,   -128,    -83,   -128,     13,   -128,    102,   -128,    111,    -34,   -108,   -117,    127,   -128,    -72,     45,    -92,    -84,    -74,     -5,     18,     56,    -14,    -15,    -54,     -2,   -111,    -69,   -128,    -56,   -128,    127,    -23,    127,   -126,    -21,   -112,   -128,    -95,    127,   -128,    127,     75,    -40,   -106,    116,    -62,    -41,    -93,     75,    -21,    -31,     29,    -23,    -48,    -82,    -45,    127,    -58,    -74, 
    -95,    -79,    -64,   -115,    -73,    -30,     33,     41,    -75,    -80,   -128,    -23,   -128,     25,     19,    -12,   -128,    -32,     87,     15,    127,     68,    -43,    127,    -60,    -50,     80,     55,    -46,      8,    109,    -79,      0,    -25,     51,      6,     68,     88,      1,     11,     18,     76,    115,    -46,    -85,    -39,     71,     63,    -96,    109,     19,     52,    -92,   -108,    -59,    127,    -27,     46,    -65,     36,      7,   -128,    -42,    -74,     42,    -71,    -84,     -6,     60,   -111,    108,      2,   -106,   -128,     44,    -30,     -9,     56,     -7,    127,      9,    -47,     78,   -128,     23,     29,    -49,    -30,     -8,     43,    -37,     70,    127,    127,   -128,    -69,    -92,    -64,   -128,     38,   -128,    -25,     60,    -95,   -128,   -103,    102,     28,    -54,    -58,    115,   -128,    127,    -15,     55,     52,    -82,     46,    -41,    -10,    127,   -128,   -128,    -65,     72,    -51,    -55,     65,    -73,   -103,   -127,   -128,    127,    -92,   -128,    -96,     37,    -59,    -26,   -128,     44,    -74,    -56,    -45,    -40,     53,     26,    127,   -107,    -90,     33,    -43,    -99,    127,   -128,     -1,     19,    -22,    127,     12, 
    127,   -128,     15,    127,      9,    127,     16,    -86,     -8,   -128,    -22,     67,   -128,     30,     34,     56,   -106,     21,     60,    -33,    -11,   -105,     82,    -45,    -89,    -34,     60,   -112,   -128,     26,     62,   -128,     26,   -128,   -128,    127,     53,     71,     12,   -128,    -70,    -25,    -53,    -49,   -128,     94,      0,     17,     36,   -128,    -53,   -128,    104,   -103,    127,     28,   -128,   -100,    127,     36,   -126,    -52,      9,     41,    127,    127,     52,    127,    109,      7,     92,   -128,     -9,      7,    127,     91,      7,    -75,     14,     34,   -128,    127,    -65,    -42,     52,   -128,    127,    -39,    -63,    -23,    -61,   -128,     29,    127,      1,    -11,    108,   -128,    127,    123,   -128,    -23,     28,    -33,    -81,    107,    -75,   -128,     56,     64,    127,     58,     24,    113,    127,    -19,    -55,    127,   -128,     60,    127,    122,   -128,    -74,     77,    127,    112,      7,    -61,    127,    -47,   -128,     53,     25,    -49,     37,   -112,    -99,    -53,     17,    127,     68,   -128,    -77,    119,    127,    -91,    104,    -83,    123,    -70,    -46,   -128,     29,    -26,    -70,     85,     69,     48,     96, 
     19,    -14,    -83,   -128,     -4,    112,    -55,     68,    -60,    -79,    -44,     95,   -128,     10,    127,    -72,   -115,    127,     31,    -31,    127,    127,     34,     62,    127,    -51,    120,    -20,     66,    -36,     16,   -128,   -128,   -128,   -128,   -128,   -128,    -99,      9,   -128,    -53,    127,   -106,    106,     22,    127,    127,    -92,    -41,     67,    -25,     42,     -4,   -128,     36,     64,     70,     27,    -94,    -17,    -30,   -128,    -10,     44,      2,   -128,    -69,    -91,     96,    -60,    127,   -128,   -128,    127,      5,    127,     67,   -128,    -43,    127,     57,    -97,     51,   -128,    127,   -119,     -8,     25,    -30,    -31,     10,   -128,   -117,    127,   -128,   -117,     51,     69,    -29,    127,    -15,    111,    -17,    127,   -128,    -45,     49,      2,     19,     73,     50,    114,     54,    107,    101,    127,     28,   -128,     35,    -30,     60,    -77,   -128,    127,    127,    -81,    127,    -86,    127,    127,    -84,   -125,     61,    100,      5,     92,    127,     95,    -43,     61,   -128,    127,     18,    -93,     42,   -128,   -128,    119,   -119,    -22,    -48,    -51,    -44,     34,     84,    127,    -59,      9,      0,   -128, 
    -61,     45,     49,     42,   -128,    -27,    -84,    -13,   -108,   -128,      4,     27,     82,   -128,     93,    -80,     27,    -25,     52,     84,     -8,    -99,    127,     -8,    -23,    127,    127,     24,    127,    -10,     89,   -107,   -128,     64,    -49,    -53,    -48,   -128,     52,     31,     28,    127,     55,      2,    -61,     56,    -34,   -128,    -18,     12,    111,   -128,    127,    127,     32,     50,   -128,    119,    -21,   -128,    -72,    -28,    -31,     38,    -61,   -128,    -41,   -105,    127,     24,     65,     70,    -54,    -22,   -128,   -128,     80,     41,    127,    -54,    127,     -3,   -128,   -128,    100,    126,    -15,    -90,     14,    122,     29,   -128,     20,    -15,     90,     59,   -128,    -73,   -120,    -47,    108,     -5,    107,    127,   -128,     67,    127,    127,     37,    -97,     75,     32,    -59,     91,   -115,     46,     46,   -128,   -125,     63,   -118,     27,     81,     73,     39,    -12,   -128,     41,    -22,     47,   -128,    -80,     11,     28,    -24,     18,    -89,    127,     57,      9,     16,    -14,    -80,     19,    -65,     13,    -46,    126,     -2,     96,    127,    127,    127,    -43,    -45,     66,   -128,    127,     46,     19, 
     19,     31,    117,    -14,    -72,     61,    -95,    -69,    -33,    -43,     51,    127,     32,     86,    -13,     37,     17,    -57,    101,   -128,    -70,     29,     54,   -128,     62,    -46,   -128,    -69,   -103,    -73,     83,     48,    -46,    127,     19,    127,     30,    -13,    -12,   -115,   -106,    125,     -2,     14,      8,    124,   -119,   -107,    106,   -128,    126,     84,     -6,     42,     66,    -62,   -128,    127,   -115,    -36,   -128,     54,    -96,   -102,     93,    127,    117,     68,      4,    -99,     37,     53,    103,    -75,     81,    -10,    -34,     57,   -128,   -112,    -74,    -33,     74,     47,   -128,    -69,     71,   -128,    -50,    127,    -37,    127,    -16,    127,     95,     -2,    -52,   -128,    127,    -61,   -128,    127,   -128,    -38,    100,    127,      2,     41,    -78,    -49,     50,    -11,    127,   -128,     -5,     38,     82,    127,      6,     18,    -67,    -48,     73,     -9,   -100,    127,   -128,    127,    -70,    -41,    103,    -11,    -51,    127,    -89,    127,   -128,    100,    113,     50,    127,   -128,    -18,     48,    127,    127,    -33,    -47,    -68,    -15,   -126,     99,   -109,    -20,    -34,    127,     85,    -54,      8,     58, 
     32,    -79,    127,    127,     78,   -128,    -61,   -102,     28,    -99,   -112,    127,     -9,     11,     77,    127,    123,    -55,   -128,    -49,   -101,   -128,      5,     21,     37,    -14,     -4,     36,   -128,     56,    127,     29,     35,    -21,    -40,     39,    -29,    -94,     -1,    -52,     38,    -66,    127,    -22,     33,    127,     17,    -73,    -69,    127,     27,     40,    114,    127,   -128,    118,    127,     95,    -42,    127,    -37,    117,   -111,    -48,    -77,     13,    -31,    124,   -128,    -92,    -93,      2,   -128,     61,    -48,     71,    127,     63,    127,    121,     -6,    -51,   -125,     -9,     47,   -128,    -31,    127,     39,     72,     62,    -36,     23,    -55,    127,    -62,    127,     67,     31,    -74,    -67,     49,    -69,    -11,    127,    117,    127,   -128,    -83,    -57,     66,     76,    -12,     27,     95,    -25,     76,     39,     -8,    -83,   -126,    -68,     67,    127,      7,     80,     59,    -74,   -128,    -55,     90,     93,    101,    -82,     82,     49,     81,    127,    -59,     19,    -67,   -124,     97,    115,     86,   -128,     88,    126,    -36,      3,    -91,    -62,     82,     23,   -128,    109,     74,   -128,    -46,    -41, 
    -71,     25,    -19,    127,     45,    -52,      0,      5,     22,   -114,     56,     49,      5,    -29,   -128,     -5,    -56,    127,    -22,    -15,     35,   -128,     76,     -6,    -20,     77,     74,   -128,    -39,   -128,    -14,     64,   -105,      0,    -78,    -44,    -11,    111,      7,     15,   -128,   -113,     72,     13,    -29,    -18,    -82,    -44,    -12,   -102,   -128,    -82,      8,   -128,     15,    127,     15,    -90,    -46,     30,    -98,    -99,     -9,    127,    -73,     15,    103,    127,    126,    -23,    -17,    -20,    127,    127,    127,    -11,   -128,    127,   -128,     88,    -54,    -73,    -20,    -44,    -29,    127,     75,    -75,     81,    127,    -88,    -16,     51,     95,      3,    127,    127,    -29,     21,    -20,    -99,     44,     -6,   -124,   -101,    100,   -128,     -4,   -128,    -40,     22,    -65,    -52,     36,    -11,   -128,    -42,    127,   -128,    -57,    127,     30,    -57,    115,    127,     29,    110,     -2,    -25,     71,     46,   -113,    -13,   -128,    112,    -63,    -55,    -29,   -111,   -128,    -15,   -128,   -128,   -111,    -74,     57,     -8,     42,     37,    116,     23,     61,   -128,     23,     44,    -58,    127,    127,     17,     66, 
    127,    -47,     52,    127,    -15,    -22,    -35,     -8,     45,    -63,    -99,    -19,    -19,    -27,    127,   -128,    -62,    110,    112,     48,      0,    -25,    127,   -119,     40,     41,    -74,    113,    -88,    -29,    127,    -40,    127,    -84,    -74,    -44,    -52,    -34,     15,    -45,    -14,   -103,    -64,     71,    -81,    -56,     20,     79,     20,      0,    117,    127,      9,   -120,    -32,      6,     45,     65,   -128,    -34,     26,   -102,     -9,   -128,     -9,    127,     50,      5,    127,    -84,      7,    -93,     36,    -27,      8,    127,   -128,   -125,     42,    -73,     28,    127,    -42,    127,   -122,   -113,      2,   -111,     97,    127,    127,    -77,    127,    127,   -116,   -108,    -22,   -128,   -128,    127,   -100,    123,   -128,     72,    118,     -1,     36,    -88,    -76,     98,    127,     70,     10,     13,    -21,     64,     13,    127,    -81,    -43,     75,    -68,   -128,    -64,    -23,     69,   -128,     69,    -38,    127,    -58,   -120,    -84,     27,    -92,    127,     40,   -128,    -98,     98,   -128,   -112,     94,     28,    -29,    -53,    100,     34,    127,    -49,   -128,     54,    -33,   -113,    127,     27,   -117,    127,     77,    -85, 
    -53,    -56,    -23,    -65,   -119,     15,      5,    -96,     56,     80,   -128,     84,    -53,    -18,    -45,    127,    127,    -54,    -14,     91,    -60,    107,     46,    -68,     -8,    -32,   -104,     77,     61,    -28,    -52,    -98,     69,     67,    -87,     88,    127,     93,   -128,    -25,    -67,      1,    117,    120,    118,     -2,    127,     45,   -103,    -27,    114,     70,    -70,    -26,     81,    -16,    127,    127,    -69,     48,    -72,     62,    -27,    -84,   -128,    118,     64,    -99,     55,    -52,      1,    -19,    -59,   -128,   -128,    -14,     59,     55,     20,    -99,     50,     76,     21,    -77,   -128,      2,   -116,    -87,    127,    127,    -36,     59,    127,      9,      9,     67,     25,    110,     57,    -85,     50,     43,   -104,     51,    -98,   -110,    127,    -54,    -69,    -43,    -21,   -110,    -37,     19,     47,    127,   -128,    -83,    127,    -11,    110,    127,     16,     32,    -16,   -105,   -109,   -103,     -8,    -47,    -72,      2,     63,    127,     88,    -43,     26,    -32,    122,     27,   -128,    111,    -26,   -128,   -128,   -128,    -60,     35,   -128,     -4,    -23,     31,   -128,     40,   -128,     96,    -63,    -62,   -118,     64, 
   -128,    127,   -128,     68,     80,     23,     90,    127,     39,   -128,    -60,     69,     62,      0,   -121,     40,   -128,    127,    127,     84,     -1,    -38,    -82,     89,   -128,    -16,    -76,     -6,     38,     20,     35,    104,     36,    113,     78,    127,     71,     21,    127,     11,     -9,    127,   -101,     45,    -75,   -117,    -54,    -35,     57,    -32,    127,    -37,   -121,    -29,    -11,    -20,     -3,     61,   -128,     96,   -128,    -59,    -53,    -22,    -52,      9,     21,    113,    109,     -3,     96,      2,   -128,     11,    127,   -128,    -56,    -84,   -128,     93,   -128,    -27,     91,    -23,   -100,     -7,    -29,    -30,     38,    -71,    -65,    125,    -98,    127,    -15,     17,    127,     25,    127,    -70,    -99,   -109,    127,    127,    -30,     21,   -128,    127,     34,    -62,      0,    -15,     33,    -48,    -34,    127,    127,    127,    -40,   -128,     71,   -128,     69,    127,    -18,     55,    -61,    -36,     48,   -128,    -59,     40,    117,     67,    -72,    -73,     90,    116,     -6,    107,     27,    -32,    -17,    123,     94,   -128,     41,     15,   -118,     35,     17,   -112,    -36,    127,    -12,    119,     72,   -128,    127,     20, 
    127,   -128,    105,   -128,   -108,   -128,    -25,     25,     -7,    -24,   -128,    119,   -128,   -112,    127,    127,    -76,    123,    -33,    127,    -11,    127,    111,   -128,     38,    127,     86,    103,    -80,    -56,     96,   -128,    -39,   -128,   -114,    127,    127,    121,    127,   -109,    -78,    -51,     58,      9,     -1,    127,      5,   -118,    -33,    -89,    117,   -111,      2,     -3,    -78,    -51,    -50,     22,    127,    -37,     -6,     73,    -76,     44,    -78,     61,     -2,   -128,   -128,     -5,    -86,   -128,    -46,    -62,    -47,     70,    127,      2,    127,    -27,     69,     77,    -14,   -108,    -51,    -83,     60,      4,     10,    -24,    127,    -54,     10,     37,   -128,    -94,    -40,     53,    114,    127,    -43,    127,   -101,     51,    -39,     77,     45,   -107,     44,    -64,    127,    -74,      3,     23,    -61,    127,     28,    -64,    -30,     95,      1,     61,    -48,     43,     98,   -128,   -106,     52,    -14,    127,     67,    102,     16,    127,   -128,    127,    -30,   -128,     87,     57,    -82,    118,    -15,   -124,     -6,    -19,    -90,     72,    -99,    103,     79,    111,     19,    -10,    -48,      1,     15,    -10,     -3,   -128, 
    -80,     -2,     69,   -128,    127,     50,   -128,   -106,     62,    -76,     11,    -98,     89,    -10,     30,     29,     98,   -128,    -42,     22,     79,    -57,    -84,    102,    -66,     28,   -127,     73,    -26,     13,    -27,    121,    100,     86,     84,     -6,   -107,     45,     25,     36,     38,     30,    -98,   -116,   -127,    -35,     16,     84,     73,    124,    -13,   -128,   -128,    -40,     77,   -128,   -128,   -128,    -59,    -34,    -29,    127,   -125,    -42,    -78,     -4,     83,   -128,    -37,     52,     10,     90,    -49,     85,     50,     12,    110,     81,    127,    -18,    -90,    -64,     52,     16,    -83,     63,      7,    101,   -128,      0,     47,   -115,    -32,    -31,     68,    -22,    -17,    -14,     26,      5,    -65,    -88,    127,      3,     81,    -36,     18,    -25,     21,    -35,    -27,    -32,   -121,     69,   -128,    -59,   -112,     44,   -119,    -16,     18,    -37,     -7,   -128,   -128,     67,    -19,    127,    127,    -53,   -128,    -55,   -122,    -29,     62,    -84,    -41,    -18,   -128,    127,     34,    -37,    -69,     33,    113,    -98,     -6,     47,   -128,    -81,    127,    127,   -128,     62,     36,   -128,     26,     78,     -5,     -2, 
    -75,   -107,    -64,    -82,    127,    127,    127,   -100,     41,     21,      9,    -33,    -51,    -80,   -128,     48,    -68,     18,     37,     -2,    -31,    108,   -128,    -77,    -37,    122,     44,     55,    127,    -74,    -18,     91,    -77,    117,   -128,     11,    -48,    123,    122,     51,   -128,   -128,     69,   -102,    -69,     51,     66,     23,    127,    -90,   -128,   -128,      5,    -57,     31,    -55,     93,    127,     57,     57,    127,      3,      4,     95,    -53,     47,    -19,    -25,     85,   -128,     31,     49,     66,    -47,    -29,   -128,   -111,    -27,    -62,    127,    -59,     98,    127,    -94,   -112,    127,     60,     21,     18,    -46,     56,    127,    127,   -128,   -128,    105,     88,    -48,      5,   -128,    127,     48,    -10,    -14,     21,     95,   -128,     59,    -16,     13,   -128,     51,    -51,    127,   -128,    -29,    -54,   -128,    -54,    117,    127,    127,   -116,    -73,   -108,   -128,     95,    -48,     86,     -7,   -108,     34,    -93,     -2,     -7,    127,     18,     93,    -87,   -128,     26,    100,    -80,     72,    -28,   -127,     33,    -22,    127,     12,     51,     82,    -52,    127,     87,   -119,     62,    -77,    -64,     10, 
    103,   -128,   -128,    -51,    -53,   -128,    -84,    -38,    -40,     83,     21,     64,    127,   -106,     44,     67,     43,      0,    114,     12,     54,     30,    -75,     66,     37,    127,    -24,     53,   -107,     -2,    127,   -128,   -108,     -6,     67,     -3,     44,     -4,     90,     19,   -128,    -77,   -117,    -35,    -29,     96,     39,     29,   -124,   -128,    118,   -128,    -67,    -97,     33,     28,    -81,     19,    117,     42,      8,     10,     74,    -34,     -9,    121,   -123,     -8,    -71,     37,     13,     -7,     58,   -128,     66,    127,     41,    -20,     99,   -104,     37,    102,   -128,    100,   -110,   -128,    127,   -128,      9,     50,    117,    -19,    -41,     44,   -128,   -128,   -128,    -53,    127,     11,   -128,    127,   -128,     52,    127,    -27,     64,   -123,    -17,     96,    -16,    -70,    127,     61,    -69,     62,    127,   -128,    116,    127,    122,     82,     50,    -87,    -40,     -9,    -87,    -19,    -75,     92,   -128,     23,      0,     73,     87,    -58,   -128,    -74,     38,    122,   -105,    102,    127,   -123,    -21,    -43,     22,     55,    -24,   -104,    -57,    -52,    -10,    -21,     28,    -71,    -41,    -80,    -46,     -1, 
   -125,     56,    -45,    114,     43,   -128,      5,    127,     -8,     70,     26,    -42,     -5,    127,   -128,     19,    -99,     13,    -64,     50,     40,    -72,   -107,     65,     47,     56,     30,    -59,    -50,    127,     86,    107,    -14,     23,   -128,    127,     10,    124,     54,    -88,    101,     17,     49,     69,    108,    -95,     67,     74,     58,     45,    -57,    107,     72,   -128,     61,    127,    127,    127,     64,    127,    127,     -9,    -69,      6,   -124,     17,     92,    -71,     -3,    -17,     75,    -22,    101,    -25,    -98,      4,   -119,    -57,   -128,     16,     58,    116,    -86,    114,    127,    -89,    -95,     56,    -53,     28,    -90,    127,   -102,      2,     51,    127,     63,   -116,     16,     72,     68,     99,    -89,     32,     26,   -128,   -108,    -62,     15,   -128,   -125,    -29,      5,   -128,     76,    -59,     -3,    115,    127,   -103,    -22,     20,     72,    104,     77,   -123,     44,    -46,    -28,     47,     28,    -28,     80,     43,     28,    -12,    -14,    -96,   -128,      6,    -31,    127,      7,    127,     73,   -114,   -124,     95,    127,    -73,    -80,     82,    -17,    -42,     12,     -3,   -100,    -70,    -61,   -106, 
    -58,    -58,     34,     53,   -128,    127,    100,   -120,     83,    -91,    -83,    -19,   -128,    -65,     52,   -128,    -56,   -128,    -14,     65,     90,    -84,    -28,     37,    -25,    -38,    127,   -128,     17,      7,   -128,   -128,    -75,      3,   -113,    -95,     21,   -128,    -35,     63,     28,    127,    -52,     41,     90,    121,    -39,    -81,      9,    127,   -109,   -128,     31,   -114,     57,     16,    -63,   -128,    127,    109,    -85,   -100,   -123,     87,    -10,    -96,    127,    113,   -119,    127,    -33,   -128,    115,     84,     -5,     40,   -128,    -67,    -31,     98,    -55,    -63,     -7,   -128,    -79,    114,    -86,   -112,    -49,    121,   -128,    -63,     11,     87,     25,    127,     31,      7,    -12,    -12,    -79,    -30,    127,     -7,   -128,     40,     46,   -128,    -81,     88,    -49,    127,   -123,    127,     20,     37,   -128,     14,   -128,    127,    -20,    -31,   -128,     85,    -43,    127,    118,    116,    109,     54,     37,   -128,     61,    -64,    -46,    120,    -60,      0,    127,     86,     36,     13,    -44,    -35,    101,    127,     44,     26,   -128,     -7,    -16,   -107,   -121,    -64,    127,      1,    -90,     29,     76,     34, 
    127,      1,    127,    127,     74,     43,   -100,    -98,    -67,    123,    -92,     55,   -120,    -36,     35,     -3,    127,    -63,   -128,    -72,   -118,     31,    127,    -43,    127,    -77,   -128,   -106,    -32,     97,    117,    -55,    -22,    127,    -33,     -6,    107,    -93,   -128,    -46,    -62,   -128,    127,    -74,     -7,      1,    -39,    127,    127,     51,     50,    102,    127,    127,     29,    -21,    -18,    -32,    -86,     25,    127,    127,   -128,     71,     83,     75,   -128,    123,   -128,    -22,   -128,     88,     66,     59,     39,    -30,    127,     82,    127,    127,    127,    -91,    -20,    127,   -128,     92,    127,    -51,    -84,     75,    -30,   -103,     60,    -18,    127,    -64,    -17,   -128,     39,     53,    -18,    -82,     65,    127,    127,     27,    -45,     11,     78,      0,     70,     63,    -44,    -82,    -71,    -32,     65,     52,     47,   -128,   -128,     17,     82,    111,   -128,     29,    -98,   -128,     26,     61,    105,    -79,    127,    -38,   -128,    -55,    -56,     -5,      6,     38,     96,   -107,     -3,     44,     38,    -32,   -128,    -12,    -13,     81,     31,     90,     52,     75,     10,    -11,      3,     92,    120,    -49, 
   -128,    -72,     11,      4,    127,     15,   -119,   -128,    127,     69,     87,    126,    127,    -85,    -53,   -128,     48,     78,    -92,      5,   -128,    127,     89,   -128,    -32,    -98,   -128,    -35,    -15,   -128,     -4,     89,    127,   -128,      5,     52,   -128,   -128,    -31,     49,     21,    127,   -128,    100,    -30,   -115,    -85,     24,    -18,    -51,    -55,    127,    -30,     33,    127,    -57,    122,    110,   -128,     12,    121,     54,   -120,    106,    -36,    -75,    -80,    -83,    -43,     39,   -128,    -45,     97,    127,     32,     82,      3,     79,    -53,     19,     29,    127,     -6,     98,     74,   -128,     19,    -59,    -23,   -128,     74,     93,    -65,    -38,    117,     42,     29,   -128,    -13,    -18,    127,   -128,   -101,    -77,    127,   -112,      4,    -24,     44,     24,     -6,     91,   -117,    117,     93,    -23,    -73,     57,      4,     -3,    127,    115,     64,    -66,    -87,   -105,     44,     71,    -62,     76,     23,     60,    -42,   -128,    -23,    127,    -83,   -128,      4,    -22,    -27,     48,    127,    -59,    -61,   -103,   -109,    -77,    127,     60,    -81,    113,   -103,   -110,    118,     54,    127,    -27,    -49,     48, 
    -20,    -97,   -113,     89,     88,     30,     14,   -128,    -42,     -5,    -37,     16,   -128,     23,     69,   -122,    127,    117,     76,    -86,     88,   -120,    -30,    120,     56,   -128,     77,     78,    110,     54,   -128,    -54,   -128,    -51,    -64,   -128,    127,    127,    -18,   -117,   -128,   -128,    -12,    -23,    -83,     38,    127,    -12,    -27,    127,    -88,   -128,    103,    127,    -85,     60,     51,   -128,     88,   -109,    127,    -13,    -48,     47,    -37,   -128,   -128,     78,   -128,    -98,    -68,    115,   -128,     11,    127,    -77,     62,    127,    127,    127,     16,    -86,      1,     25,     24,     67,    102,    127,    -24,    127,    -73,   -128,     47,    -78,   -127,   -119,     52,     21,   -128,    -46,    102,   -128,      1,     72,      5,   -128,     86,    -78,    -28,     95,   -128,     31,   -128,    127,    -78,   -108,    -57,   -128,    -24,    -94,   -124,     25,    -62,    127,    -31,    -27,    -42,   -128,    127,    -59,   -128,     32,     36,    -65,     37,   -128,    -31,     84,     45,    -76,    -21,     95,   -128,   -128,     -8,   -128,    -63,    127,    -74,     42,    120,     37,    127,     -4,    -23,   -128,    127,    127,     36,    124, 
      8,     93,     18,   -111,    -83,    -97,      4,     13,   -111,     69,     62,    127,   -123,    127,   -128,     40,    -16,     24,    -58,    126,     -3,   -128,     -8,    -57,     -7,     19,    -29,   -102,    -31,    -12,     -6,     45,     -7,    127,   -128,     44,    127,    127,    -20,    127,    -80,      0,     96,   -128,    -53,      0,     50,     77,   -125,    -73,    -49,    -26,    127,     77,    -14,    -53,   -107,    109,     77,    -64,    -72,    -19,    -55,    -75,     87,    127,    127,    127,     -3,    -33,    -41,    -14,     49,   -128,    -90,    -29,    -30,    -53,    -67,    -61,    -52,     37,    -48,     -1,     -1,    -22,    127,    -82,     19,    127,   -105,    -70,    -99,     63,    -21,   -100,   -128,      4,    127,    -21,    -52,    127,   -128,   -117,     -5,    -31,    -38,    -89,      5,   -128,    127,      6,     24,     14,    127,      3,    -19,    121,    127,    127,     21,    127,     16,    103,   -126,   -128,     41,     18,    -37,    127,    127,     40,     59,     74,     -6,    -15,   -128,     74,    127,     61,    -31,     84,     76,    -83,    -11,     45,     23,    127,    -10,     27,    -56,    -94,   -128,   -102,    -65,    127,     36,     -1,   -115,     53, 
     49,     56,      7,    -38,    102,     89,     94,    -77,    -68,   -126,    127,     92,    -66,    -53,     -4,    -81,   -128,    -21,      3,   -128,    127,     83,    -96,     -7,      4,    127,     21,     41,   -128,      0,    127,    -13,     44,   -108,     83,    -25,     14,    -22,     86,    127,   -128,   -128,   -113,    -56,    -38,    -76,     71,   -112,      6,   -128,    -41,     48,     35,    -15,    -13,    101,      5,    119,     87,    127,    -85,     52,     -9,     61,    -91,     19,     49,     80,     37,    -69,     16,     67,   -128,   -118,    -63,    127,     51,    -47,    -56,     24,    -53,     29,    -85,    -58,   -128,   -128,    116,     19,    127,      0,    127,    127,    -95,    -79,    -31,     -7,    -12,     42,    127,    -11,   -128,     38,    -93,     72,      6,    111,   -128,     68,    103,     95,   -128,    127,     89,    -69,     52,   -100,    -24,     76,     66,     38,    127,     28,    127,     83,    103,     60,     -2,    127,     44,     12,    -67,     20,   -128,     -1,    -29,     76,     31,   -128,   -128,   -107,     89,     10,     45,    118,    127,   -128,    -49,   -128,     13,    -58,    -80,   -128,     51,    -45,     39,     36,    122,    -97,     24,    127, 
    -58,    127,    -60,     63,    -80,      3,    -56,    -13,    127,    -24,    -14,     29,    127,   -103,    112,    -58,   -114,     91,    127,    127,    -85,   -128,   -118,    -67,     19,    127,    -11,     60,   -128,    -62,    127,    -65,     35,     10,    -26,   -128,     77,    -76,     21,    101,     48,    -77,   -128,    -77,     65,     89,    -30,    -46,     49,   -123,     94,    -42,    -17,    -75,    -77,   -128,    -97,     70,     88,     77,   -128,      2,     71,   -113,   -128,   -128,    -12,    -24,    -91,    -39,   -128,   -128,    102,    -41,    -47,    126,    -56,   -128,    -23,   -128,    -47,      0,     -6,    -67,      4,    127,   -128,     37,     81,     81,    127,     35,    -21,    -42,   -128,   -128,     63,   -128,   -128,   -106,    -38,     65,   -128,     -8,    127,    127,   -128,    -80,    -20,    -10,   -128,    -25,    -40,    -77,    -70,     97,     -7,     55,      4,    127,   -128,    -85,     87,    -94,     21,     82,     -2,   -124,   -128,    106,    115,    -24,      0,     47,    -84,     25,     26,     45,    -64,     80,    -95,     37,     39,    124,     53,    120,     22,    -81,    127,    116,    -50,    108,      1,   -128,    127,    -28,   -102,    -12,    -85,     28, 
     65,    -44,     17,    -53,     67,     30,    -30,     33,     38,   -128,    -15,    -37,     30,     47,     90,   -102,    -38,    -46,     -7,     56,   -128,    -38,   -119,     89,   -128,     29,     -6,     62,     73,     19,     31,     41,    127,   -128,     18,   -128,    -16,   -128,     48,     22,    -77,     71,     10,    110,    -14,    -38,     12,     15,   -128,    -22,    127,     73,      0,     57,    -48,      4,     58,   -128,      3,    115,   -128,     41,     -4,   -128,     14,     33,   -128,     45,    127,    112,     34,    -45,     82,     37,     77,    127,    -88,    -44,    -55,     66,   -128,     12,    -42,     94,   -128,     42,   -120,    -38,    127,    127,    127,     29,     -5,    -77,     41,   -128,     42,    112,     15,    -91,    -14,    -44,    -42,     55,     11,    -37,     -9,     23,    -82,    -61,    -11,     32,    -27,     66,    -18,     88,    -21,    127,    -40,    125,    102,   -128,     17,     31,   -113,     70,     44,    -12,    122,    -60,     33,    121,    -50,   -104,    100,    -56,     10,     89,    -82,    127,    -46,    -88,     33,    -36,     12,    -13,    127,    -64,   -101,   -128,    -36,     61,      7,     69,    -43,    116,   -128,   -128,    -16,    127, 
     66,     89,    -97,    -35,    -79,   -128,    -47,    127,    -82,     64,    106,     70,      4,    127,      0,    127,    -46,     96,    -68,     29,     12,     30,    -67,     70,   -102,    127,     45,     17,    -31,    124,     86,     -5,     45,     72,    127,     -8,    127,     54,    127,     51,    -12,    -37,     97,   -112,    119,   -128,     10,     95,     -3,    -14,    127,     93,     94,    127,     -2,    127,    -75,     -3,     24,    109,    -15,     17,     33,   -128,    -66,    -10,    -75,     80,      8,     20,    -31,     84,    -41,    -72,   -124,     70,      1,     -1,     92,    -60,      4,      0,   -124,    105,    -87,    -37,     45,    -40,     57,    -39,     95,    -15,   -128,     27,    -32,   -120,   -128,     84,    127,     51,    -13,    -43,      3,    -35,     88,    -80,    102,     27,    121,   -126,    -81,   -109,     98,   -128,     -1,     29,     41,     25,    127,    -64,     27,    -66,    127,     58,     91,    -83,   -114,    111,   -128,     72,      9,    127,    -29,     27,   -112,   -108,   -128,   -128,    -75,     63,     90,    127,    -39,    -47,     62,   -128,    -19,     10,    -85,    -81,     97,     -5,     49,    101,   -107,    -44,    -28,     95,    -72,   -128, 
    -61,      6,    -98,   -128,     35,    -32,     11,    127,   -110,    -84,    -65,   -103,   -128,     21,      9,    -19,   -128,   -128,    -57,    -66,    127,     34,   -100,    127,    -64,   -128,    -52,    -86,    127,    -17,     25,    -72,    -28,     20,     47,   -124,   -114,   -128,    -17,   -128,    109,    127,     61,    127,    113,     74,    127,    115,    -68,    127,     29,    -17,     72,    -23,    -83,     47,    -47,    -32,     98,     83,     -5,   -121,     17,      0,    -69,   -128,     67,    127,    -41,    127,     69,    -12,     10,    -32,     41,     65,    -42,   -114,    -37,     51,     49,    -81,     69,   -128,    107,    -51,    -35,    -23,   -128,    -15,     10,      5,     71,    127,    -34,     54,     19,     56,     25,    -61,    -22,   -128,    127,    -85,   -113,    -53,    127,    127,     30,    -70,     16,   -128,    127,    -50,    111,     22,     71,      1,    -81,    -29,    -79,   -128,   -128,   -111,     63,    127,    -16,    -67,    127,      0,      9,   -121,    -36,   -128,     55,     10,    -24,    -28,   -125,    -28,    113,    -13,    127,     64,     -7,     24,    127,    127,   -128,   -128,    127,     68,   -128,     75,     84,    -79,    -30,     43,    -67,     58, 
   -128,     79,     11,   -128,     13,     91,     12,     53,     -7,     -9,   -128,   -128,     77,     48,   -128,    -30,     90,     49,     44,    127,   -128,     -2,    -25,     14,   -128,   -128,     31,   -128,    -22,     32,    -33,     81,   -128,   -128,     56,     37,     -5,    115,    -13,   -117,     -6,   -116,     69,     -8,     17,      2,     20,   -114,    127,   -128,   -103,   -128,   -128,   -128,     90,    -10,    127,     81,    -74,    127,    127,     79,    127,    -31,   -128,    -73,     20,     63,      5,    -14,    -92,    -61,     76,   -128,    -56,   -128,     61,     35,    -60,      7,     75,    127,     75,   -128,    -49,    -79,     -4,   -116,    -56,     52,   -117,   -121,      0,     55,    -58,    122,    114,    -30,     36,     34,    -62,   -128,     44,    -94,    -57,     46,     60,     39,   -128,   -128,    127,    -68,   -128,      6,     49,      5,     44,    127,    -60,     25,    127,    120,    -45,   -100,    127,    -70,    119,     41,    -17,    -14,   -128,    102,    -20,   -113,     68,   -128,     49,   -128,   -128,   -116,     82,   -103,   -128,     -5,   -128,     87,    -27,     98,     13,     32,   -128,     70,   -128,     30,      0,   -128,    -90,    112,    -29,     74, 
    -62,    127,    -86,   -128,     31,    -94,    -57,    127,    -17,      2,    -25,     61,    -52,    -73,    -53,    -24,     42,     94,    -33,      8,     11,     48,    -43,     66,    127,    -83,     66,    127,     -9,     62,     37,     26,   -128,    101,     51,   -116,    -50,    -98,     40,    -16,     33,    127,     25,     70,    -24,    -73,   -128,     52,   -126,     60,    -11,     42,     24,    108,    -63,    -18,     20,    -42,    -15,     21,     16,    -22,    109,   -128,    127,   -128,   -128,    -29,     45,    -67,   -128,     87,    -47,     59,    -16,   -128,     30,   -128,   -111,     70,    127,   -128,    127,     39,     99,    -13,     10,    111,    -78,   -128,    127,     -4,    -75,     97,     48,   -128,    125,    -52,    -96,      4,    -14,    -84,    -54,     92,     97,    127,      6,    -61,    -83,     97,    127,    -77,    -35,     95,     30,    127,    127,    -67,    127,    -99,   -101,   -128,    -99,     33,    107,   -124,    127,    -17,    115,    -80,     60,     -9,     50,   -121,     13,    -18,     96,     68,    -38,    109,    -61,     62,    -14,    -57,    127,   -124,     67,    -76,    127,    -68,   -111,    -28,     95,     33,    -29,     71,     91,    -24,     60,    -50, 
    -35,    127,     -5,   -128,   -128,   -128,    -21,    117,    -23,     62,    -65,     18,     68,     99,   -128,    103,     74,     41,   -128,    127,    -67,     30,     -2,    -40,    -72,     90,    127,     83,   -122,    -63,     22,     12,   -128,     77,    -82,    127,    114,    -22,     80,    -70,     17,    101,    -28,     88,     90,    127,   -128,     63,     18,    -65,     89,      9,   -108,    127,    -54,    -44,    -50,    125,     63,    127,    -45,     47,    -19,     26,     22,     45,    -44,      8,     53,    -14,    -27,     -4,    127,   -113,    -64,   -128,    -38,     -9,   -128,   -116,    -29,    -63,    -17,    123,   -128,     68,   -128,    -53,    -14,    -92,    127,    127,     31,     27,    102,    -76,    127,     41,    127,   -101,    -24,    127,   -116,    -11,    127,    127,     32,     96,    -96,     -4,    -35,   -128,     -4,     28,    -26,     49,    124,   -118,    127,    -39,     11,     44,     89,    -54,    -14,    -46,     10,    -18,    -26,   -116,    127,     57,    115,     30,     32,    113,    -90,    -10,    123,    127,    127,     26,     63,     56,     59,   -128,     24,      4,     41,    -26,    -77,    127,     16,     -3,     68,     35,    -20,    -79,    -81,    -38, 
    -15,     20,    -42,     28,    101,     25,    -30,    127,    -10,    127,    -78,    107,   -128,     52,     30,     -9,     40,    127,    110,    -14,     72,    -20,    127,     -7,     25,   -128,    -62,   -124,    -25,     90,     30,   -128,   -128,    -39,    109,    -41,     69,    127,     86,    -27,    -33,      6,    -17,    -45,    -54,   -128,    127,    103,    -23,    -29,      8,   -128,     10,     38,     34,    -98,     23,    -41,    119,   -128,    -50,     60,     18,     55,    -46,    -96,     29,    -43,    -98,   -128,    -60,    127,    -79,    -61,    -55,   -128,    -71,     70,    127,     68,    -81,    -60,    127,    -60,     40,     73,    101,    127,     63,     34,    -90,   -128,    113,    -96,    -88,    -23,     93,    -20,      2,    -64,     64,     10,   -108,     67,   -128,    -82,     25,     70,    112,    127,    -39,   -128,   -128,    -26,   -128,    127,    -37,   -128,    -42,    -21,    -63,    127,    -70,     61,     63,    -28,    -68,    -23,     20,     43,     36,     -1,     97,    -52,   -113,   -128,    -84,    -32,    118,    -52,   -128,     98,    -89,   -128,    102,   -128,   -106,     60,    127,     83,    127,     18,     88,     93,   -128,     -4,    108,     97,     31,    -45, 
     95,   -128,    112,     22,     40,    -57,    -13,    113,    105,    -17,    -27,    -56,   -128,      4,    -64,     11,    -65,   -111,    -95,    -50,    -61,    127,      8,     81,    -97,   -128,     89,   -128,    127,    -30,     17,     52,     69,    -37,    -45,     62,     35,     76,    -20,    -63,    -35,    -57,    117,     66,     75,   -125,     72,     38,     40,    127,     84,     18,    -10,     48,   -127,     22,    127,    127,   -128,     71,   -118,     55,    127,    -34,    127,     55,    -43,    127,     35,     97,     98,     18,    -44,    -68,    104,     15,     31,     56,    -99,     79,     44,     58,    -30,   -128,    -33,   -128,     66,   -114,    119,    115,     26,      2,     20,     64,     77,    127,    -49,    -17,     28,     13,    -22,    -38,     80,    109,    -29,    -59,     93,    127,   -128,   -128,     91,     36,    -79,     50,     11,    -55,    127,     16,     48,   -100,     88,    -48,   -128,     57,   -128,     71,   -128,     88,     38,     69,    -92,    127,     36,    -70,     77,     -4,    -80,     76,   -100,   -116,   -110,    -14,    122,    127,   -128,   -128,    -37,    127,   -128,   -128,    -72,    -75,     99,     67,     54,    -91,     36,    -11,     11,    125, 
    -26,     87,    -11,    127,   -128,   -121,   -128,   -120,     46,     -6,     21,     51,    -51,    127,     10,     65,     -8,   -128,     79,    -66,    -28,    119,    -81,     28,   -128,    127,    127,    115,   -109,    126,   -128,   -128,    -93,    127,     -6,    127,     11,     14,    127,     47,     51,    127,    -86,    -56,    127,     74,   -110,    -92,    -87,     53,     78,      7,   -128,     14,    -82,     75,    127,    127,    127,     95,     98,    -49,    -95,   -128,     74,     -7,   -127,    -55,     34,    127,    127,      4,    -83,   -105,    127,      3,     -5,   -128,   -128,    121,    127,    127,   -128,    127,      5,    -92,     49,     47,   -128,    -33,   -128,    127,    127,    127,     16,     44,   -128,   -118,    127,    -72,   -128,    -27,     17,     98,    127,   -128,     69,    -33,   -104,    -96,   -128,    -69,    127,   -128,    -59,      2,     26,     47,    102,     16,     86,     44,     63,   -105,     32,    -41,    127,    -11,   -128,    -16,    -97,     24,     -8,    127,    117,   -128,   -120,    102,    127,     60,     31,      9,    127,    127,     73,     92,      4,    127,    -69,    -78,    127,     -8,    -53,   -128,    127,   -128,   -128,    -80,     32,    -37, 
     56,     65,    -60,    -74,    -54,    -12,    -59,    -76,    -42,     46,    -28,     83,     69,   -128,   -128,    -89,    127,     -6,     90,    127,     52,    -42,   -104,    105,     21,   -113,    -11,     33,    127,    -64,   -121,    -72,      1,     95,    -95,   -101,     82,    -72,   -128,     50,    -52,   -116,    -53,     31,    -55,    -82,     28,      6,    127,      1,     12,      8,     54,    -98,    127,    103,    -63,    -47,    -50,    -80,    127,     37,    127,    120,     59,     56,   -128,    -21,     69,    -75,     -6,     22,     82,   -128,    -85,   -117,   -125,    -88,     -1,    -75,    -64,    -13,      0,    -94,    -51,     99,     21,    -84,    122,    127,    -27,    -88,    126,    -28,    -94,     -1,    111,      9,   -128,    -41,    -14,     24,    -45,    127,    -66,    110,   -128,    127,      1,    -16,    -26,     20,    -26,    -27,    -62,    -23,    -54,     73,     76,     91,   -101,      1,    106,     56,    112,     17,    -21,   -128,     73,    -80,    -46,     79,     63,     26,     57,      5,    127,     37,   -128,     41,    -12,    108,     26,     48,   -128,      0,   -128,   -124,     28,     63,   -128,     31,     16,     53,    -64,   -128,     60,    123,    -68,    -26, 
    -24,   -128,    -56,    -29,     96,    127,     78,      0,    127,    110,     41,   -128,    -76,    -17,    127,    -83,   -128,     63,     44,    -40,    -76,    127,     -6,    -60,   -128,    -39,    -25,    127,    112,     43,    -19,     99,    127,   -128,    127,    127,     19,    127,     60,     73,     87,     52,    -87,    -33,     44,   -128,    127,      7,    -46,    127,     11,    127,    -26,   -128,    127,    127,    104,    -32,     64,     65,     67,     -3,    -15,    -53,     20,    -29,     20,    -10,     99,   -128,      8,     20,     66,     64,    -18,    125,    -70,    -78,     50,     13,    -96,    127,     43,     64,    127,     96,     28,    -25,     99,   -128,     39,    105,    -91,    115,    -76,    -74,    -26,    127,    -21,    -58,    112,    -79,      7,   -128,    -98,    -70,    -83,   -102,    -52,     -4,    -24,   -118,     -4,    -77,   -128,     95,   -128,      0,    -82,   -128,     92,    -18,    -85,    -19,   -128,   -128,      8,    -42,     23,   -128,   -128,    107,    -58,     -4,    -38,     26,    119,     62,     47,   -128,   -128,     75,     23,    -12,    -70,    -95,     53,   -113,     62,     37,     27,    -73,     94,     73,     39,     52,    -18,    -10,    -79,    -25, 
     60,   -128,    -63,   -102,     -8,   -127,    -83,     71,    -35,    -20,     43,    -80,    -79,   -112,     12,    -36,   -128,    -36,    -86,    127,     16,    -61,   -109,    115,     71,     35,    -31,     39,      6,    -78,    127,    111,    -26,    127,   -128,     94,    -49,    127,    -58,     63,    -70,     62,     75,     29,   -128,     85,     35,    127,    -69,     81,     54,    -77,     77,     40,     81,    127,      3,     85,     11,    -22,    -11,     -9,     60,     82,     38,    -66,   -115,    127,    -18,    -44,     30,     90,    104,    -14,   -128,    -31,      4,     -6,     35,    -18,    -21,    -36,     24,   -106,    -52,     15,    104,   -128,   -128,     31,     19,     87,      0,     82,   -102,   -128,    -86,    -12,     -3,   -128,     48,    100,      3,     26,    -47,    127,    -19,    -34,   -106,     23,     74,    -86,     -2,    127,     54,     51,    106,     18,     88,    -96,   -102,    -64,   -128,    127,   -101,    -34,    -31,    -69,     28,    115,    -33,     91,    -46,    -37,    -13,    -21,     -6,    127,    -47,    -28,    -61,      7,    127,     60,   -128,    -68,    127,    -86,    -70,    -24,    -20,   -124,    -36,    -43,    -34,     -2,     29,   -128,    -35,   -123, 
    127,     91,    127,     60,     91,     67,     64,    127,    -10,   -128,     79,     40,     44,     58,      3,    127,     36,     60,    -23,     25,    -32,    -34,    104,   -128,     67,    115,    107,     14,     -6,    127,    107,      0,    -63,    -11,    124,    -18,    -38,     87,     71,    -23,     -2,   -128,    -49,     16,   -121,      4,   -109,     37,     97,     41,     60,    -58,    -19,    -81,     87,   -106,    -97,     25,   -128,     23,    -80,     85,    127,    -78,     66,    127,    127,     27,    127,   -128,    127,      9,     59,   -128,     53,    -13,    127,    -91,    -27,   -128,    -77,     74,    -55,    -84,   -128,     60,    -27,    -11,    -13,    -68,     42,     32,    -14,     44,     20,      8,    109,    -39,     87,    127,    127,   -115,    -61,    127,    127,    127,    -33,    127,    -38,   -106,    127,      3,     52,    124,     -6,    -26,    124,     38,    127,   -107,    127,    -94,    127,    -56,   -122,    -24,     25,    127,     46,    -35,    127,     11,     37,     63,     -6,    -58,    127,    113,   -111,    127,    119,     86,     -9,    -10,    -21,    -86,    -11,   -110,   -117,     43,    -46,     -2,     -4,     56,    -45,     -7,    -71,   -103,     55,    -34, 
    -72,   -118,    -76,   -128,    125,   -128,    -48,     46,     84,     87,    -81,   -115,    -71,   -128,    114,    -69,     39,     83,    -81,   -128,   -108,     72,    -79,     25,     35,    -31,     90,    -24,     56,     78,    -77,   -126,     95,   -128,    -36,   -108,    -17,   -100,   -118,   -128,     44,      0,   -114,     85,    116,      5,     50,    127,    -70,    -18,     61,   -128,   -116,    101,     39,     74,    127,    -15,    127,     64,    -19,     10,    104,    -75,    -70,   -128,     14,    -92,     56,    122,    127,     19,    -41,    127,    -92,     -9,   -126,    -96,     14,     75,     62,    127,     15,     68,     -8,    -26,   -107,    127,    127,   -128,     48,    127,     -2,    -55,    -56,    127,     46,    -58,    -71,     81,    -60,   -118,   -105,    -59,    -62,     -4,      3,     49,     -2,   -128,    -86,    -69,     28,    -14,     46,   -128,     10,     69,     11,     40,     96,   -102,   -128,   -115,     90,    127,    122,    -17,     -3,     45,     23,    127,     30,    -67,    -69,    -92,    -48,     17,   -103,     96,    125,     69,    -66,    101,   -128,    -10,    -24,    -93,    -34,    -84,   -110,     38,    -39,   -128,     -1,    -50,      6,    -28,    -51,     33, 
    -78,     66,   -128,   -128,    -59,     48,    127,    127,    -58,     40,    -67,   -128,   -115,    127,   -124,    -20,    -85,    124,     37,      3,    127,    -52,     18,     39,   -108,     28,    127,     37,     15,     41,    106,   -128,    -27,     64,    -12,    -87,     -2,     52,    127,   -128,     29,    127,    -70,    -89,    -12,    -45,     46,    126,    115,    -60,    -97,    -85,    -14,    -58,   -128,    -11,     80,     97,    -36,   -121,    127,   -128,     62,    -25,   -128,   -128,   -128,   -128,    127,    127,    127,     15,   -128,    -34,    127,    -56,    107,   -128,   -113,    105,     26,      1,     27,    -42,    127,     74,    -57,    105,    127,     -5,    -95,    -30,    -94,     32,   -128,    -80,   -128,    -76,    -73,     91,     92,     76,     46,      7,   -128,    -36,    -99,    127,    -26,    127,     64,    -60,     62,     42,    119,    112,    127,     21,     13,     35,    108,    -29,   -128,     20,     86,   -127,    106,   -128,     97,     -8,   -128,    124,    -37,     45,     51,     22,     42,    -20,    -85,     45,    -43,    127,    -77,    127,   -115,     81,     48,    127,     -7,      6,     44,    -59,    102,    127,    127,     52,    -65,     80,    119,    -12, 
    127,     65,    -68,     45,    127,    125,     74,    -19,      9,     51,     39,   -109,    127,     -7,    127,   -128,     75,    112,    127,   -128,     95,    -96,    127,   -128,    108,    -76,    -20,    113,    127,    -67,    122,     45,     64,   -128,    127,   -128,      6,    -46,   -128,   -128,    -41,    -27,   -114,    104,     91,    -38,    109,    -54,   -128,    -36,     97,   -116,   -128,     -9,     27,   -128,    -40,   -128,     71,   -109,   -128,     -7,     30,    -11,    -97,     78,    127,   -128,    127,    -44,     77,     64,   -108,     32,    -71,    127,    -54,      5,     63,   -100,    -24,     48,   -128,    127,     85,    -71,    -75,     58,    127,    -24,    -62,    127,    -52,   -106,     44,    -48,    -15,    112,     77,    120,     64,     75,    -18,    127,   -128,    -10,     97,     91,     25,     28,     14,   -108,    -62,     81,      6,    -79,   -128,     17,    127,     -3,    -44,   -128,    -11,    -62,     24,    118,   -128,    -66,     51,    -49,     40,     73,    -44,      9,    120,    -47,     57,    -10,     50,    121,    -64,   -128,     51,    -86,    -14,   -128,     40,    -63,     36,      6,    -47,    105,     83,    -95,   -128,    127,    -73,    -39,    127,     -6, 
   -128,   -128,     25,    -98,    -40,   -128,    -29,     76,    124,     77,      8,     -6,    -96,    -76,    -56,    127,    -43,   -128,    -91,    -43,     62,    127,    -71,    -49,     -3,   -128,   -128,    127,   -128,    -32,    127,    -91,    -20,    127,   -128,     43,    -13,     -1,   -128,   -116,      7,    127,    125,    -67,    127,   -128,     -2,     56,    127,     -8,     56,    -58,     48,    -21,    100,     -2,    117,    127,     -9,     49,    -37,    -86,     50,     -9,    -47,     58,     19,      9,   -128,    127,    -94,     21,      3,    -70,     56,     15,    127,   -128,   -128,    -78,     -5,    -10,    127,    -12,     51,    -78,     37,    -68,    -28,     63,    -22,     26,    127,   -128,    121,    127,     48,     35,     83,    -90,    -55,     17,     55,     22,    -17,    -67,   -121,    -27,    106,     74,   -128,     37,    108,     26,    -27,    127,     10,    127,     40,   -128,     35,    -29,    -32,    -72,   -101,     10,    -38,     26,     57,     56,     28,     15,     -6,    127,    127,    127,    -31,     59,     42,     58,    -59,    -21,      9,     37,    -54,   -128,   -128,     61,    -89,     15,      0,    106,     24,     56,    -68,    -92,    102,    -12,     33,   -128, 
    127,    -82,    120,    127,    -91,   -127,    -28,     52,     -7,    -66,     59,   -128,     46,    -19,     52,      8,     55,      4,     60,    127,    -67,    -86,     52,     22,   -128,    -14,    -28,    -97,     94,    111,     93,    127,     38,    -72,     72,    127,    127,    127,     12,     -9,    111,     70,     -3,    126,    -41,    -83,    -61,    127,    -15,    127,    -20,    -45,    113,    -82,    115,     54,    -18,    -11,     82,    -76,    -17,    -37,     53,    127,    -36,    -38,    -11,    127,   -128,     -8,     -1,    -35,    124,    -64,    -16,    127,   -128,     76,    -50,    125,     -8,    127,     40,   -128,     15,    126,    -62,     -3,     98,    -36,     59,   -118,    -47,     -7,     67,    127,    111,    -66,    -59,    -58,     41,   -127,    127,      0,   -128,    -19,    -10,    -14,    -51,    -71,     20,    -73,     -8,    -73,    -10,    -11,    -30,    -20,      3,    127,     77,     65,    127,    127,    -74,     80,    -85,    -24,   -127,    -47,     49,    -39,    127,     61,   -128,   -128,     -9,     55,    -93,    -70,    -99,    -12,   -128,     36,    -68,     80,     22,   -128,    -31,    -51,   -119,    107,     84,    127,     29,     31,   -128,    -21,     85,    127, 
     82,    -34,     69,    127,   -128,     18,     90,   -128,     97,     18,     74,    -62,    115,    -56,     15,     11,   -127,     -7,    101,    -64,     52,      0,    -29,    -63,     14,     14,   -128,    -23,   -101,   -128,    107,     17,    124,     59,    -36,    -27,     52,     -4,   -126,     42,     27,    -20,     19,   -119,     79,    -47,     18,   -128,    127,     15,     57,    127,     97,     16,    127,     62,   -114,    102,    -35,    -42,    -85,     38,     62,    -23,     26,    127,     27,     50,     18,      1,   -128,   -128,     97,   -128,    127,     15,     76,    127,    127,    -14,     25,    -11,    -42,     35,    127,      0,    -22,   -128,     46,    127,     14,     13,    115,    127,     15,     12,    -85,     97,    -53,     95,    -82,    127,     90,   -128,     45,    -82,     43,   -128,     88,    -17,    -57,    -78,     45,   -114,   -128,    -13,   -128,    105,    -42,   -115,    -76,    -32,      9,    -52,     52,     53,   -128,     53,    107,     43,   -108,    -30,    -99,     16,     56,     39,    -41,     38,    -77,     52,   -115,      8,     14,    -79,   -128,   -121,   -128,    -82,    -65,    127,     35,    -61,    -45,    -13,    -54,     -1,     75,    127,     -3,    127, 
     40,   -108,     49,      0,     36,    -14,    -82,    -95,    125,    -15,     59,   -128,   -105,    -39,     55,   -128,    -15,    -98,      9,   -122,     64,    127,     73,    -19,    -19,      2,    121,     16,    -30,     74,    -36,     26,    -13,   -128,     10,     23,    -89,    -54,    127,    -34,    111,    112,     34,     71,     83,      2,    127,     27,   -124,     33,    -30,    -10,    -95,    -11,     15,     36,    103,    -99,    127,     32,     98,     43,   -101,    -24,    -45,   -128,   -128,    -94,    -51,     76,      0,    127,     67,     99,     17,    -15,    -93,    127,     93,    127,    109,     -8,     -6,    127,     -2,    -39,      8,    127,     46,     34,    127,    -51,    -16,    127,     71,     70,   -128,     -6,    -45,     68,    -85,     -7,    103,    -87,     44,    -29,     97,     13,    -33,     14,     34,    -48,   -128,     40,    -57,    -33,   -128,    -56,   -128,    127,    -75,    100,   -113,   -108,    127,   -104,     41,    127,     34,     26,    -40,     54,   -128,   -113,      8,    -23,    -59,    -79,     99,     20,   -101,    -39,    -43,   -128,     55,    -26,     50,     31,     71,   -128,     81,    -33,     19,   -128,     46,   -128,     23,     95,     30,     33, 
     -5,    127,     12,   -110,      2,   -123,     30,    -68,   -128,    -58,    -21,     52,     80,   -128,     16,     41,    122,     72,     85,   -128,    127,    -55,   -128,     91,     91,     -4,     -7,    -74,    100,    -34,     41,   -128,    -83,     70,     32,   -128,    120,   -128,    -38,     65,   -101,    113,   -128,    -11,     25,    -71,     76,     50,    103,   -113,     -2,   -128,    110,     68,     39,    100,   -128,   -128,    127,     41,   -128,     49,    127,     68,      7,     58,     57,    -16,    127,    127,     42,    126,    -58,    127,   -128,    -30,   -128,    -98,     46,     12,     -3,    -99,    -28,    -41,    -10,    127,     54,    -55,    116,     81,    127,     13,     28,    -70,    -47,    127,    -12,    -17,    127,    -43,    -68,     10,     96,      1,     65,     58,    127,    106,    109,    -64,    -80,   -116,     -8,     73,   -128,   -128,    -87,     -2,   -113,    127,    -55,   -128,   -110,   -127,    -33,    127,    -58,    -38,    127,    123,     14,    111,     50,    -38,     44,    -94,     27,    127,   -125,    127,     14,    127,    -32,    109,      5,     16,    -38,    -60,    -31,    -15,     25,      1,    -65,    -98,    114,   -128,    127,    127,    -23,    108, 
     49,   -112,      5,     33,    -46,     42,    -24,    -63,    127,     52,     77,    -47,    -88,    -92,    127,    -92,    -20,    -36,   -123,    110,     38,    -73,    105,   -128,   -107,     65,    -47,     35,    -12,     10,    127,    -55,     -1,   -128,   -128,     21,    -35,     60,    -93,   -128,   -128,    -11,    -21,    -24,   -126,    -23,     -8,    127,    -71,     59,   -112,   -128,     26,    127,    -92,    -56,     75,    -14,    121,     33,    -51,     53,    -48,    107,    -63,   -124,    127,    -39,    -17,    -52,     87,     31,    -85,    127,     45,      4,     57,     24,     40,     21,    -74,    127,    127,     70,   -128,   -101,     54,   -111,   -114,     69,    -99,     71,    127,    -61,     81,     21,    -89,    -81,     61,    -24,     88,    127,     63,    117,   -128,     51,    127,    127,    -35,    117,    127,     78,      5,   -128,    -94,     95,    -74,    127,   -128,    -49,    107,    -16,    -75,     83,   -101,     73,    -43,    107,    127,    127,   -120,     70,    -32,    -88,     82,    107,   -128,   -128,     18,   -115,    -28,    -57,   -117,     49,   -114,     16,     25,     69,   -128,    112,    123,   -126,     61,    107,    -37,    -51,     68,    127,     -7,    -63, 
     75,     78,    123,   -127,     84,    -58,     70,    127,   -128,     67,     78,    -25,      9,    -58,    -48,    -72,    127,    109,   -128,     45,   -128,     94,    113,   -128,    111,    101,   -120,     38,     60,    127,    127,    -13,   -100,    127,     65,     55,      0,     20,     -1,    115,      9,    -93,    127,   -128,    122,   -121,     -1,    127,   -108,     11,    -56,     24,     21,    104,    127,   -101,      4,    127,    -19,    -86,    125,    127,     41,    -18,    -53,    127,     37,    -25,     48,   -128,    -93,    127,    -16,     18,   -128,     57,    127,     63,    127,     15,    127,    127,     -2,    -16,    103,   -105,    127,   -112,    -61,    -26,     -1,    -24,     46,    -79,    107,    -70,   -108,     53,    127,    127,    127,    -33,     57,     51,    127,    127,    122,     87,     73,   -128,     -2,    -28,    104,    -72,   -128,    -90,    -32,     65,    102,   -128,    127,    127,     10,    -46,   -128,   -128,     34,      7,     57,    -14,    -54,    108,   -104,    -33,     -7,    -65,    127,   -128,    -13,    106,     19,     65,    -12,    -74,     15,   -128,     86,     41,     29,    -69,    -82,     35,     33,    112,    -72,     29,     23,    127,   -128,    -99, 
    -76,      0,     70,    112,    -71,     36,    -51,    -39,      3,    114,     92,     50,    127,    100,    -45,     36,    -94,    -84,    127,    -57,      6,   -102,    -78,     21,    -19,    -29,      8,   -128,    -62,    -53,    -99,    -94,     11,    127,    -83,    -67,     42,    -18,     28,      6,    114,    -98,   -109,    -87,    -14,    -23,   -128,     70,     50,   -114,   -128,    127,    113,   -128,   -128,      0,     66,     13,    -37,    -14,   -128,     90,    127,     48,    127,    127,    -15,    -90,    -69,     40,    -81,    -66,     76,    -47,     56,     30,   -128,     54,   -104,   -128,    127,    -71,     56,     -3,     43,    100,    -21,   -128,     98,    -86,    -81,    -12,     76,   -128,     68,     78,    127,   -128,    118,     82,     41,      0,    -49,     14,    127,    127,     31,    -76,     77,   -128,   -110,    127,   -123,    -81,    -64,   -128,     -3,     63,   -116,    -31,     30,    -99,    106,   -128,    -76,    127,     -1,   -106,    -73,   -128,    127,    -61,    127,    -69,     66,   -117,   -128,     36,     14,     26,     94,    -88,     28,     79,    127,     71,    -26,    -36,    127,    100,     -1,     58,    -55,   -122,    127,    -12,    -61,    -81,     84,    -36, 
      4,     -3,     34,   -128,    127,    -21,    -67,    -11,    -12,     23,      7,      4,    117,    -87,     25,   -128,    127,    -51,    -18,     85,   -118,     95,   -128,     58,      0,     48,     63,    -79,     57,     38,     62,    -13,    -10,   -109,     12,     57,   -121,     -9,    112,     29,    -47,    127,     23,    -39,    -20,    -82,    127,     55,    -81,   -128,   -111,   -128,   -128,   -128,    -94,     17,     37,    -84,    -23,    -50,      9,     60,     56,    -11,     16,   -128,   -128,   -128,    -12,    -22,    127,    127,     23,     31,     28,     78,     39,    127,   -128,    -89,      6,    -18,    118,    -79,     76,     -8,     40,    127,     37,    -57,    127,     75,     52,   -128,     85,    -85,     76,    -61,   -128,    -59,    -65,   -128,    -31,    -35,    -11,     -6,   -104,    127,     24,   -115,    -33,    -27,     12,     44,    -51,    -29,    -16,      5,    -75,    110,     56,    127,     55,    -36,     30,   -128,     56,     20,    -59,   -128,   -128,     14,     -8,    -23,    -12,    -32,    -25,    -63,   -128,    -61,    -17,     19,   -128,    127,     23,     32,      0,     38,     69,   -103,    -32,    -51,    -51,    113,     15,    -81,    110,     99,     16,    127, 
    -98,     -8,   -128,    127,     83,    127,     96,     30,    -10,   -123,     76,     -6,    -27,    122,     59,    -54,   -104,    -55,      5,    -54,   -128,    -21,      9,    -88,   -128,    124,    -70,    -34,    -53,    114,    -61,     -9,    -44,    -82,    112,    118,     83,   -128,    127,     38,     35,    127,    -38,     98,     48,     63,     65,    -96,   -128,    -31,      9,     45,    -70,    -93,     53,      9,     18,    127,      3,    127,    -55,    -97,    -23,   -128,     52,     51,    -43,     65,    127,    -36,     99,      5,      0,      5,    -68,    -13,      7,    -30,     47,    109,   -128,    127,   -128,    127,     62,    -29,     -2,    -45,    -56,      9,     66,    -49,     51,    127,   -108,     13,     70,      5,    127,     27,    -61,    -99,    -20,   -109,     62,    -23,    127,    -49,      0,    -34,    -59,    -65,     95,   -104,    -95,     46,     -9,   -104,    -83,      6,    127,    -21,    106,    -29,     24,    -48,    127,     22,    -14,   -105,   -128,     10,    -18,    124,    -92,      9,   -105,    -83,    -37,    -15,     64,    -42,    -23,    -84,     79,   -101,     33,     35,   -114,    -41,    127,   -106,     45,    -67,    -73,     29,   -128,    -37,     12,     66, 
    127,     74,      6,     89,    -52,   -128,   -128,    127,   -104,      2,     61,     75,    -12,     32,   -128,    113,     -4,     22,    -32,     11,      2,    -88,    127,      2,   -118,   -113,   -107,   -105,    127,     65,     17,    -22,     -7,     24,    -26,    -46,     69,   -128,   -115,    -92,     36,     75,    -50,    123,      0,     -4,   -128,    104,     74,     88,    -14,     54,     74,   -124,     51,    -47,   -128,    -18,    -79,    117,    -17,    -45,    -85,     15,    127,    127,     36,    127,    120,     56,     82,    -54,     27,    127,    -65,    -58,    -27,    -53,   -124,     24,   -128,    -84,     48,    127,    -26,    127,   -103,     71,    -14,     13,    -29,    -95,    -67,    109,    -95,    -35,    -30,    -28,    106,     65,   -128,     99,     31,    -36,     47,    -73,    -33,    101,    -54,    127,    -10,     26,    103,   -117,    -93,    -85,    127,   -128,     -4,    -97,    -70,    -78,    -44,     31,    -29,    127,      6,    -28,      5,    127,     55,    -32,      8,    120,     14,    -28,    -54,    127,     24,    110,   -128,    -10,     11,   -128,    -65,     29,   -113,    -12,   -128,   -128,    -57,     -9,   -124,     48,     81,     12,   -110,     35,    -83,     34, 
     98,     14,    -45,     93,    127,    127,   -104,    -88,    -24,    -32,    127,    -26,     78,    -84,    -98,    -13,      5,    -20,     77,     64,   -111,     18,    -67,     31,    -40,     64,     28,      7,    101,    -31,    -84,     47,     16,    -63,    -70,    -66,    -31,      4,    -46,   -100,    -34,   -110,    -60,    127,   -128,    -23,    117,    -22,   -123,   -128,     16,    127,    -20,     21,   -111,    117,     96,    -69,     -4,    127,     47,     51,    127,    -75,     73,    -97,   -128,    127,     37,    -42,   -128,   -128,    127,   -128,     54,    127,     19,   -128,    -65,   -128,     28,    -28,     35,    -27,    -71,    -33,    -39,     39,    -96,    -60,    127,    -12,     50,     33,   -128,    -89,    127,    -11,    -19,   -107,    127,   -128,   -128,    -22,    -38,     80,    -62,      4,     63,     43,    127,    127,    -48,    127,     32,     68,    -65,    127,     11,    -25,   -109,   -106,     17,    -26,     -7,   -115,      0,   -128,     59,    -62,    124,     91,    -50,   -128,     26,     49,     90,    -17,   -128,   -117,    100,     75,    127,     10,    -45,    -84,    127,   -128,     27,      7,   -112,    -68,   -128,    -51,    -15,    107,    -72,     63,    -27,    127, 
     -5,   -128,     80,     63,    127,   -128,    127,    111,     30,     63,     56,    -33,    -65,   -128,    122,    -76,     -1,      5,    -35,    -47,    -67,     51,   -100,     -4,     47,    -38,     96,     56,    127,    110,    -20,    -61,    102,   -127,   -128,     64,     -9,    -85,     -3,   -125,     80,    -22,     52,     75,     49,    -30,    -73,    -49,   -110,    127,    127,    -89,    -40,    -54,    -49,    -47,   -128,   -124,    127,    125,    -48,    127,    -21,    -22,     41,    -12,    127,    -48,    127,     55,     20,      9,   -128,    127,    127,     51,     59,    -16,    -43,    110,     82,     73,     50,    108,    -47,     82,    -16,    127,    127,      3,    127,    127,    -55,     70,    -93,    116,    127,     69,     34,    100,   -126,    -41,    -61,    -14,     44,     17,   -110,     65,   -125,    -95,     53,     52,    -84,    -25,    -95,    -65,    -37,   -128,   -128,    -73,    -89,   -128,   -128,     98,    -46,    127,    -97,     93,     90,    105,   -128,    127,     12,      1,     73,    -25,     37,    -31,    -62,     88,   -128,    -86,    -85,    -40,     56,   -113,    -16,    117,     -1,     41,    -98,    -11,    127,    -55,    -32,    -29,    127,    -18,    -16,      4, 
    127,    -14,     21,    -24,    -82,     46,    -35,   -114,     96,    -91,     96,    127,    -19,    127,     69,     -5,     12,    108,   -128,   -128,     17,    -95,     88,     -8,    116,     55,    124,    -86,   -128,     20,    -33,   -119,    127,    126,    127,    -67,    -40,     86,     -6,     34,   -128,   -128,   -110,   -128,    -18,   -114,    -96,    127,    -85,    -66,    -29,      1,    106,    -19,    113,    -23,    100,    127,    -22,    -78,    -45,    127,    127,   -128,    -12,     72,    124,    -83,      0,    -49,    127,    -82,    -46,    -93,     45,     56,     46,   -125,    -58,   -128,     31,     86,     16,    127,   -128,    -75,   -128,     37,     69,    -31,    -76,     83,    121,    -81,     77,     64,    -63,    -81,    127,    -29,    103,   -128,   -128,     20,     90,     58,     49,     92,    110,    -15,   -101,      3,     -5,    -97,     59,   -128,     82,    127,    127,    117,     95,    127,    118,    -35,   -128,     50,    -66,     12,    -67,     50,    127,    -32,    -75,   -128,   -106,   -128,   -128,     59,    -73,   -118,    127,     56,    -65,     43,     68,    127,   -128,   -128,   -123,   -107,     65,     98,    -88,    -55,    -51,    -14,    127,     -7,     82,    116, 
     92,    -67,    -44,     23,    109,    127,     11,      6,    -53,    -57,    -47,    -31,    118,     32,     81,    -29,      9,   -128,      4,   -100,    -94,    -13,     -8,     85,    127,     28,     34,    -20,     -1,     47,     43,   -105,    -12,    -67,     70,      3,    -37,     -7,     18,   -128,    -40,     95,     49,    127,   -100,     28,    127,   -111,     41,    -41,     45,   -128,    -97,    127,    -80,   -128,     57,    -64,     -8,   -117,    -55,     -2,    127,   -128,     38,    -89,    -60,     29,    127,    109,    127,    -59,    127,    -50,    -12,     82,     51,    -17,    127,   -128,   -103,     10,   -120,   -128,    115,   -128,    113,     20,     49,     16,     64,    -98,      5,    -31,     58,   -128,    127,    -17,   -128,     36,   -128,    -31,   -128,    -45,    -61,     63,     89,   -115,    -50,     66,      6,    -24,     37,    127,      6,     15,      8,     49,     10,    -17,    -29,   -103,     -5,   -128,     90,     21,     83,    -23,    116,   -128,    -25,    -11,     -2,     31,    -19,     42,     95,   -128,   -128,    116,    127,    126,    127,    127,    -50,    -61,     70,    -19,     48,    127,   -117,    -26,     85,     22,   -112,    -27,      7,    -94,    -63,     53, 
     55,     36,     51,    127,   -128,     -4,    114,   -102,    127,      5,     49,     35,     62,     96,    -89,    104,    -53,     27,     21,    -14,     -7,    -17,    -98,   -128,    127,    -36,    -20,     48,     90,    -29,     95,     66,   -102,    -31,    -59,      4,    127,    127,     37,    -31,    -18,     54,     49,    127,     61,    100,   -128,   -128,      0,    127,      2,    -61,     20,     46,    -18,   -128,    -26,    127,    127,   -108,     74,    -78,    -42,    -63,     94,     30,    127,    124,    -19,     -4,   -114,   -128,     61,   -128,    127,    -52,     83,     20,   -128,     -7,     -3,     46,     12,    -73,   -128,      2,      5,     78,    -77,     14,     34,     44,      9,    127,     26,     31,    127,     19,    -13,    -24,    -26,     -9,   -128,      5,    127,   -128,      7,      8,    -63,    127,    -77,    -47,    -73,    115,    -38,    121,      9,   -106,     38,    -78,    -37,    -22,   -113,    -33,    -43,    -39,    -21,     73,    127,     62,     20,   -112,   -121,    -34,    127,      1,    -47,    -68,    127,    127,    -78,    117,    127,   -128,     18,    -75,     49,   -128,    -22,     41,    -38,    107,    -71,    110,    -38,    100,     37,   -128,      5,     47, 
   -101,    127,   -126,     -5,     53,     75,     68,     89,   -128,     48,     65,     62,    118,     53,    -21,   -128,    127,    -55,    127,   -128,      8,     85,      3,    -22,   -128,   -128,    -54,    -70,     70,    120,   -128,    -89,   -128,     90,    127,    -84,     55,     70,   -111,      3,     75,     -3,   -128,     -4,     61,   -128,    -58,     -5,    127,   -128,     15,     71,     73,    -52,     98,     71,   -123,   -128,    -17,   -110,     20,     -8,    107,      8,    127,     32,    127,    -34,    -11,    -99,    -85,    -20,    127,   -128,     68,    -78,    -13,     61,     19,   -128,   -122,   -128,     25,    -79,      5,     90,    127,    -68,    -99,    -43,   -108,    -45,    -61,      9,    -24,    127,     43,     66,     33,     55,     55,   -106,     47,     22,    -25,      2,   -128,    119,     36,    102,     35,   -128,     82,   -128,   -113,    -27,     51,   -128,     23,    -92,    -76,     91,     88,    -94,    -16,    -17,   -128,     67,     14,   -128,     27,     66,     36,    -66,    109,    -94,     99,   -128,    -99,    -12,    106,     67,    -10,   -127,     37,    127,    -19,   -120,     40,     86,    -42,    -17,     51,     90,     16,    -42,     50,    127,     39,    112, 
   -108,   -108,    -14,     -4,    -13,     19,    -64,   -128,    -78,     94,      2,     98,    115,    127,    -25,    -51,     49,     77,    127,    -52,    127,    -98,    127,    -16,    -54,    -87,    -17,     49,   -128,     41,   -128,    -83,     65,     58,   -128,     14,    -12,    127,     15,     -9,    -16,    -63,   -128,    -17,    -50,   -128,   -115,     31,    127,     10,   -128,     93,     96,   -119,     43,     15,    127,     -4,   -128,    -71,     -5,    -23,     57,    127,    -46,    -43,    -73,   -104,   -128,    -61,     45,    -79,    -66,     33,    -35,    106,     58,     22,    -25,     15,    -61,     35,     40,    -20,     51,    -14,     51,   -128,     64,     91,    -76,   -128,    -56,     -2,     47,     72,     25,     26,     21,    -61,    -45,     11,     64,     10,    -52,    -84,    -51,     55,    117,     51,   -128,     -6,   -128,    -69,     33,    109,     11,    127,    -85,    -91,     24,    -14,    -24,    113,     82,      4,    -98,   -117,    105,   -128,      2,    -30,    -53,    127,     41,   -128,    -70,    -48,     -3,     35,   -128,    127,    104,    -12,    114,    -24,   -118,     21,   -128,    127,     21,      8,     37,    -25,     77,   -118,     49,     45,     31,   -128, 
   -128,    127,   -128,     -2,    127,    127,    -30,   -128,    -53,    -89,     32,     69,     25,     -4,    -15,    -34,    127,     44,     81,     -9,   -128,   -111,   -128,     33,   -128,    -60,   -128,    -87,      7,     11,   -128,     11,    -66,    -38,    -36,   -128,     60,    127,    -62,    127,     79,    -75,     54,   -128,   -128,     -9,   -128,    -78,    -68,    -85,   -122,    127,    127,    -94,     17,     99,     28,     66,   -112,    -76,     16,    127,      6,     15,    127,    -59,     35,     43,   -117,   -128,   -128,     -6,    -10,      8,   -128,     64,     96,    127,    -52,    114,    -36,    -50,    127,   -104,     13,   -106,     40,   -128,   -128,    -13,     -8,   -128,    -37,     10,   -128,    127,    127,    -60,    127,     35,     18,   -128,     66,    -60,     53,    -27,     76,    -12,    -18,    -64,     25,     32,   -108,    -75,    -38,    -37,   -128,    -65,    -83,    -62,     -2,     51,    119,     95,      4,    -17,    -88,    -61,     15,    -45,    -59,    100,     24,    -68,    127,    -79,     40,   -128,    -15,   -128,    -98,   -103,   -128,   -128,    -58,     59,    -47,    -12,    -65,    127,    -48,    -20,   -114,    -21,     80,    -26,    -60,     90,    -16,    124, 
     15,    -47,     18,     49,    -21,   -128,     12,     33,     14,    127,     -7,    -91,    127,   -120,    -80,     64,    111,    -16,    -92,    127,    -47,     63,    -53,    -56,     20,    -83,   -128,   -124,    -15,   -121,     72,     94,     53,   -120,    -22,     87,   -114,     48,     19,      0,     18,    -56,     25,     48,    106,    127,     60,    -45,    -48,     50,    127,     25,   -128,     43,    127,    -49,    -45,    -45,    -48,    127,     18,     12,   -128,    113,    -61,     90,    127,    127,   -100,     48,    -26,    -89,     62,     72,    127,     19,    -76,     85,   -128,     26,    -95,    127,     35,     43,   -117,     59,     20,    106,     25,   -128,    127,     14,    -38,    127,     10,    -32,    116,    127,    -38,      8,   -128,     15,     16,   -128,    127,   -128,    -71,    127,    -75,   -114,    -29,    -42,     25,    -23,     49,     46,     63,    -42,     48,   -128,    -86,      4,   -119,    -47,   -128,     15,    -12,    117,    -62,     74,   -121,    -29,    127,    114,   -102,    -27,     36,     -6,     -7,    127,    -66,   -103,    127,     58,   -124,    -25,     35,    -33,     -4,      6,    -89,     68,   -110,     67,     -8,    -46,     24,   -128,   -128,     40, 
   -128,    108,   -128,   -128,    127,    127,    127,     53,    107,    -54,    110,     26,   -128,    -22,    -35,    -19,    -85,     61,     20,     20,     13,    -37,   -128,     66,   -108,    127,     28,     90,   -128,    104,    -60,    -22,    -47,    -96,     78,     17,    100,    -71,    127,    -45,     66,   -100,    -61,    -76,    -59,   -110,    -62,     -1,    -81,   -128,     69,     -5,    -10,   -128,    127,    127,    127,      7,     21,     91,    -71,    127,    127,    -60,     56,     21,     53,   -128,     66,     14,     51,      5,    -58,    -22,    -39,     20,     10,    -28,    -38,    -44,    101,    111,     77,      6,    -14,   -128,     21,     15,     37,    -31,    127,      5,    -59,   -128,   -128,    117,     59,     24,    127,    108,     44,   -128,   -128,     74,    -38,    127,   -128,     69,     30,   -126,   -128,    120,    -32,     44,   -128,   -128,   -128,      8,    -62,    -32,     42,     11,    127,    -19,     33,     21,    113,   -128,    127,    -38,   -101,    127,     76,   -128,     26,   -128,    127,   -118,   -128,     60,    -78,    127,   -122,    -29,    -92,    -90,   -114,    -61,    -12,    122,    127,   -128,    -71,    -55,     18,   -128,     79,   -128,     63,    -29, 
     61,     26,    127,    127,    -53,   -128,    127,     78,     -4,    127,     42,    -37,    -71,    -67,     21,    127,    -46,   -128,    -47,     18,   -128,    127,     74,   -128,     18,     33,   -128,     59,   -111,     61,    127,    127,     63,   -128,   -128,    127,    -34,   -128,     79,     18,     71,    127,    127,    127,    127,     24,    -27,   -128,    -48,   -128,    127,    127,    -19,    -27,     -7,    -27,   -128,    -69,    -30,    127,    113,     -7,   -128,     81,     55,    127,    127,     69,    110,     89,    -60,    -68,     58,     86,     97,     -8,      8,     73,   -128,    127,     -5,    -80,   -116,     45,   -128,     92,   -128,     -6,   -102,     35,     31,     60,     38,    -42,    127,     25,    -80,    108,     -7,    -91,    -79,     83,     85,    -53,     45,    -90,   -110,    -54,    -83,     80,     38,      8,     66,   -128,     44,    124,      5,   -127,     -6,     10,     -8,    -62,    -13,    -76,   -119,    -63,     45,    123,   -128,    127,    -44,    -26,    -21,    127,     38,    127,    -46,     -6,    106,    -18,   -128,   -109,    108,    -27,     35,    127,     24,    -32,    107,     21,    127,    -75,     46,    -91,    -46,    100,   -112,    -75,   -128,   -113, 
     28,    105,     62,     29,   -128,    -24,    -46,    127,    121,    -41,   -125,     -9,     76,      5,     44,    127,    -59,     35,   -117,    -33,     49,   -120,    127,      2,    -10,     39,     45,    -45,   -128,    -94,    127,     -9,    127,    102,    -26,     37,     -2,    127,    127,    -76,     14,    -79,    127,    -24,    -18,    127,    122,     42,    -20,    -99,     76,   -101,     -3,     22,   -128,   -128,     58,     -7,    -51,    -54,    -99,    -66,    -52,    -64,   -110,     26,     39,    -27,     -7,    107,    127,     30,    -52,    -30,     28,    102,     90,     -4,    -84,    -12,     -3,     74,     36,    -57,   -105,    -54,     40,    -49,    118,    100,    127,   -128,     54,     -9,     -6,     81,     -8,     -4,    127,   -128,   -128,     61,     42,     42,     62,    119,     54,     40,    120,     72,     89,     -8,    -21,    -17,     32,    127,     34,     80,     30,    127,    -12,    -21,     77,    127,     69,    -75,    -40,   -128,    -69,    127,     33,    127,     -3,     -4,    122,    -52,   -128,    -82,     32,     37,   -100,    -68,     21,    -25,     60,    -77,     50,    127,     38,    105,     -2,     22,     11,     66,      3,     30,   -128,    -35,      4,   -128, 
    127,     16,     40,    110,    -23,    -13,    -97,    -88,    -61,   -106,   -101,    -79,    -27,    -61,      4,    -69,     67,    -36,    -83,    -79,     27,     36,     29,    -57,    -34,      5,     39,    -48,     47,    -93,     18,     -9,    127,      1,     64,    -62,    -55,   -101,   -109,    -88,     14,   -128,    127,    -88,     23,    126,    -84,   -119,   -111,     92,    127,    -48,     22,     15,     13,     82,   -128,   -128,   -128,    -28,    125,     43,    115,    127,     71,     80,    -51,     59,    127,    -28,     20,    -22,     49,     35,    -96,     40,     23,    119,    -51,    -26,    -29,   -128,   -128,    -98,    104,    -68,   -120,   -117,    -85,     32,    -29,    -39,     74,      5,     92,    127,     40,    -55,     -6,    117,   -128,    -91,    127,    -23,     32,    127,    127,      9,    -71,   -128,    109,     14,    -26,     47,    -44,   -128,    -83,     18,   -114,    113,      6,    -97,    -29,     -6,    -12,    127,    -47,    127,    -64,     15,     38,     25,    -63,    -92,    124,     84,     67,      1,   -128,    -64,    101,   -108,     47,     20,   -128,    104,    112,    -39,   -124,    -31,     98,    127,   -128,    -93,     70,   -102,    -34,    127,     18,   -106, 
    -10,    127,    -20,   -105,     93,     15,    -13,     87,    -21,   -100,     22,    -31,     86,    118,    -22,    127,      6,     52,    -26,    -25,     -6,    120,   -128,     57,     99,    125,    122,     17,     61,     28,   -110,     22,    -51,    -48,    107,     17,    -48,     58,    127,    -96,    127,    127,     -5,    102,    -31,     95,     25,    -64,    -61,    -92,      2,     40,   -128,    127,   -128,   -108,     79,   -128,     34,    -78,   -128,   -128,   -128,    -11,    127,    -94,    -65,     74,   -128,    127,    127,    -22,    -78,    111,     45,     39,    119,     51,   -128,     44,    -85,   -128,     93,    -19,    -15,    -93,     48,     88,   -128,   -128,     75,     80,   -128,      7,    -71,     -7,     38,     64,    127,     28,     23,   -102,     21,    -32,     99,   -128,     31,     11,    127,     54,   -125,     77,     92,     98,    -65,    -31,     -2,    -82,     43,    -11,     66,    -62,     43,     80,     74,    -97,    127,    -18,     47,     70,     85,      5,     18,   -112,     46,     47,    122,    -50,     48,     24,     32,     60,      3,    -66,     96,    -80,    127,    -20,   -127,   -128,    127,   -114,    -26,     78,    -22,    127,     -7,      0,    127,    -22, 
     -3,    -18,    -61,    118,    -14,    -66,    -15,     30,    -61,    -44,     64,     57,    -41,     49,      4,   -128,    -43,    -54,     -7,     47,   -128,      1,      2,     50,    -57,    -68,     31,      5,     83,     87,     -1,   -104,     67,    103,     -9,     72,     65,    -18,     67,    -98,     71,   -116,     92,    -92,     31,   -118,    -37,     82,   -128,    -10,     84,     33,    127,     33,    -44,    -54,     45,    -52,    -51,   -128,    -26,    110,    127,     -5,     43,    -24,    -44,     -3,   -104,    -90,     79,     55,     52,     -4,    -69,     79,     87,     30,    114,     52,     29,    102,     11,   -121,    127,     37,    -90,    121,     40,    -21,     83,    -71,    101,   -128,    127,    -54,    113,     16,    -36,     14,    -59,   -120,      5,    -45,    -91,    123,     82,    -24,    101,   -128,    -61,      1,    -31,    -53,    -43,   -115,   -120,    -39,    -99,    -15,    -18,     34,     58,     33,    -64,    -44,     85,   -128,    -55,   -128,     -7,    127,     49,    -91,      4,   -128,     10,      4,   -128,   -128,     50,    -22,   -116,     55,    114,    -10,     71,     92,    -62,    -51,     85,     83,     65,     38,     20,    -28,    -17,     56,    -70,    127, 
    -10,    -52,    -15,   -128,   -119,   -116,     67,      5,     80,    106,   -128,   -128,     36,    -21,    127,    127,     29,     56,     -6,    127,    -57,   -128,   -128,     39,    103,    -52,     81,    127,   -112,    110,    -49,    -94,   -128,    -28,    -26,    -42,    113,     66,   -128,    -47,     45,   -128,     21,    -22,     45,     61,   -126,   -128,     33,     11,     98,   -128,    -85,    127,   -100,     94,   -128,     -3,    127,     27,    -33,    127,     61,     44,     84,    -16,    127,    -24,   -128,    -46,   -128,   -107,   -128,   -128,     65,    -14,    127,     20,    -70,    -20,     93,    -38,     27,   -128,    -51,   -128,    -64,    -60,   -128,      1,    -44,   -119,    -18,    -77,     10,    -33,      2,    -38,    -53,     35,    -41,    -47,   -128,    -16,      3,   -105,     40,    -21,    -99,     21,     44,    -50,    -34,    -52,     30,     34,    127,    127,    -98,   -106,    101,   -128,    -28,   -128,     84,    127,     27,    127,    -71,   -128,     71,   -128,     15,     12,    111,    -87,    -11,    -12,    127,     41,    113,      3,     36,   -128,    -96,    117,    115,   -107,    -61,   -105,    -20,    124,     60,    127,   -128,   -128,     -4,     65,     37,   -128, 
   -128,     13,    -22,    -98,    127,     22,     21,    101,    -87,     54,    112,   -118,   -128,    -33,   -128,    -17,    -48,     51,     27,    -29,    -21,     96,     18,    -96,    127,     78,    127,     72,      9,     -3,     39,     29,    -41,     66,   -108,   -128,    -56,   -109,     68,    -28,    119,    -83,    -99,    -38,     14,     89,     11,     94,    -32,   -128,    -56,    -59,    -22,   -100,    -29,   -125,     28,    -82,   -128,    -53,    127,    -32,     59,    127,     13,     56,    -88,    -93,    113,   -104,     76,     80,    -60,    127,   -128,     92,     94,    117,     78,    127,     47,   -128,    -21,   -128,    -14,    127,    -70,     60,    117,   -115,     75,     99,   -128,   -128,   -128,    -28,    -94,     69,     36,    -37,     77,     30,     56,    127,     46,    127,   -128,     69,     43,     55,    -98,    127,   -115,    127,    -21,   -128,     83,   -128,     61,     58,     81,    -22,     46,    -48,     35,    -62,    127,   -128,    -33,     85,    -93,     70,    -51,     56,    109,     61,     54,    101,    -45,     13,   -128,     48,     15,    127,    -58,    -74,    -72,     40,     76,     37,     87,    -56,     58,   -128,    127,    123,   -107,    -57,   -123,   -108, 
     70,     20,   -104,   -115,     95,     66,   -105,    127,     64,   -128,    127,   -128,    127,   -128,     27,    127,    113,    -29,   -126,    -15,    -71,    -51,     11,     33,    -94,   -116,     -9,      9,    127,    -25,    -54,    127,      4,    127,     94,    -28,    -45,    108,     22,    127,     51,    127,    -67,     21,    -72,     -4,     34,     74,    -14,     98,      4,      5,     10,     61,    119,    -40,   -128,     51,   -128,   -128,   -128,    121,     85,     50,    127,    -44,      2,    -18,    -46,     46,    127,    127,    103,     17,   -128,    127,      6,    127,   -128,    -40,    -79,    -40,     89,    -34,     94,     16,     -3,   -128,    -89,    -64,    127,    127,   -128,    112,     19,     83,     28,    -86,    113,    -33,    -95,   -128,    127,    -81,     75,    127,     60,      5,    127,    -33,    -42,    -65,     54,    -43,     -5,   -128,     23,   -113,    127,    -56,     -5,   -108,    127,    100,   -128,     99,    -61,      1,    -14,   -128,    109,    127,     33,    104,    127,     14,    -96,    -20,   -128,      1,    127,    127,    127,     30,     60,    -36,    127,   -111,   -128,     17,    -38,     77,     57,    -52,     29,   -128,   -113,    -52,   -116,     10, 
     60,    -22,    127,    -97,     81,    -36,    -12,    -96,     -2,     25,    -37,     15,    -42,    -24,    127,     26,    127,    -12,    -46,     41,   -119,     15,    -17,     -7,     -3,   -128,    -61,    -85,     38,    -39,    -46,   -128,     48,    -57,      9,     23,   -128,    -80,     11,    -51,     88,     70,     10,     76,     -8,    -23,    -59,     70,     -7,    -64,     82,     43,    -97,    -45,    -12,      7,     77,   -128,     64,    -44,     40,    127,     71,   -128,    127,    127,     27,   -128,     59,    127,     82,    127,     67,     23,     18,    -11,    -53,     54,     68,    -59,    127,    127,    -19,    -85,    -89,    -85,    -34,     26,     34,     94,    -95,   -128,    120,     -8,    127,    -30,    127,      1,     -9,    127,    -46,   -124,    -30,    -94,    -78,    127,    -64,     63,   -128,   -128,     88,     -7,    -73,    -51,     75,    -89,    -81,    -92,      7,     83,    127,    -45,    -35,   -128,    111,    127,    127,    -32,     83,     10,    -46,    -70,    115,    -70,    -54,    -57,    111,   -104,   -128,      5,   -106,     18,    118,      4,     65,     38,     74,     17,    -84,   -128,      7,     18,   -128,     -7,      2,   -128,      1,     95,    -87,    127, 
     -8,    127,   -128,   -128,     36,    -87,    -65,     89,    -99,     19,     83,     -9,    -22,    -23,    127,   -114,    108,    106,    111,    127,     -3,     23,   -128,    123,    -80,   -128,    -42,     32,    -31,    -47,     -8,   -115,    -64,   -114,    127,     21,    -61,     79,    -73,    123,    123,      5,    -37,   -128,    -66,    115,      6,     39,   -128,     81,    127,    -40,   -128,   -128,    127,   -128,    -41,    -66,     68,   -113,   -108,     28,     -4,   -128,     79,     57,    127,    -10,   -128,   -128,    -39,     88,    -60,   -128,    -49,    127,    127,     97,    -35,   -117,    -17,    127,     55,    -34,    -66,   -128,    127,   -128,   -128,   -128,    -16,      5,   -128,    127,   -108,   -128,    105,     46,     86,    100,   -111,   -112,    -93,     69,    -30,     28,    -14,    -22,     34,   -127,     25,   -128,    127,   -128,    127,    124,   -116,    -41,    127,   -128,      0,    127,    -71,     12,     -9,     16,   -128,     75,     -4,     45,   -102,    -19,    -35,     58,    -15,    -85,    -64,    -72,    107,    -30,   -128,     -8,     85,   -128,    -60,     35,   -128,     62,    -16,    -59,   -124,     -5,   -128,     15,     20,     40,    103,     74,     25,     87, 
     53,     68,    127,    127,    -17,      5,   -104,   -128,    -46,    -72,    -25,     71,     92,     20,    104,     -4,    -76,    -84,     56,    -65,   -128,    -71,    -77,    -43,    -16,     77,    -31,     88,     45,     12,    -22,     74,     68,     31,   -128,   -128,    -44,    -65,     23,     86,    127,    127,    127,    -63,    -15,     34,   -128,   -128,     45,      7,   -104,    -28,     16,    123,   -128,    -18,    -69,    127,     37,     17,    127,     -1,   -128,     19,    127,     -5,    -77,     49,    -81,    120,   -128,    -90,    -24,    127,    -36,    -27,     31,     84,      1,    127,    105,   -128,    127,    -54,     83,     82,    127,    127,    -86,     36,     88,   -103,    127,   -128,    -66,     44,      5,    -39,    -22,    -24,   -116,    -52,      8,   -106,    113,   -109,     35,     68,     82,    127,    -84,    127,    -88,    -94,   -124,     14,   -128,    127,    -66,    127,   -128,   -128,     35,     68,    -19,     11,     82,      6,    -60,     36,    105,    -51,    -43,    -28,    -41,    -75,    -45,    127,     48,     76,     40,   -123,    -67,      8,    127,    127,    120,   -128,    -81,     -8,    127,    -17,     -8,      3,    -21,     62,   -128,    -40,    127,   -107, 
    -22,   -128,    -34,     27,    -67,     -9,    127,    -59,     41,     79,   -128,     -2,     32,   -118,     21,     -8,     44,    103,    127,    127,    -47,    -47,    -45,    127,    127,   -128,    -19,    -80,     10,   -128,    127,     66,   -128,   -128,     49,    -63,   -124,    127,    -42,   -113,    -91,    -25,     17,     71,   -104,    127,     39,   -128,     12,   -128,    127,   -100,    -89,    101,    127,    -55,     58,      0,     63,   -124,     42,   -126,    127,    -15,    -69,   -128,     27,    127,    -24,   -128,     37,   -128,    104,     -3,   -128,    -48,   -100,    -55,    -53,    -99,    127,     -3,    -54,      2,   -128,    -13,    -17,    -70,   -128,    -65,    -57,     18,   -105,     93,   -113,     -9,    -44,     53,    -46,   -128,    102,    -20,   -121,     11,     42,   -128,     54,    -61,   -128,      4,    111,   -128,     18,    127,    127,     16,    127,     11,     24,    -70,     70,     54,   -112,     -3,     82,    -67,    -31,   -128,    -52,     94,     67,    -31,    122,    -82,     10,    -41,    127,    114,    127,    127,     15,    -98,     33,    -78,    -23,    127,    127,     37,    127,     86,   -128,    127,    -21,    -94,     -2,     24,   -108,   -128,    -72,    -63, 
     82,     62,     23,    -58,     42,   -128,   -128,     43,    -64,    -20,     38,     86,      8,   -123,   -128,     69,     -6,     23,   -105,    127,     -5,     51,    127,    -12,     28,     19,     62,   -117,    127,    -88,   -128,     22,    -80,    -25,    -19,     56,    126,      5,     36,     14,    -25,    -50,     63,     -8,    -34,     69,     73,     59,   -128,     96,     50,    112,     -6,     19,    -73,     23,     46,     -8,    -67,    -72,     56,     67,    -84,   -100,    111,    -17,    -90,    -45,     15,     59,   -113,    113,     51,    -34,    -26,   -105,    -49,    100,     18,   -128,     56,   -102,     44,     57,    -26,    -13,     88,    127,    -59,    -22,    -64,    -91,    118,     41,      0,      5,    -25,    -20,    -54,     90,     13,    127,    -21,      4,    -16,    -31,    106,     78,    -32,   -128,    121,     36,    -53,    -52,      0,     14,     38,    -37,     12,     61,   -108,     20,     74,     13,    100,    -85,    -16,    127,     19,     12,     85,     17,     36,     -3,    -54,    -20,   -128,    -83,      6,    -95,     88,   -128,     28,   -128,   -104,   -128,   -118,    127,     70,   -111,    105,     83,     77,   -108,    -82,     -3,     45,     86,   -115,   -111, 
   -128,      1,    -51,   -128,    -87,     -8,    -77,     16,      0,    127,     -4,    127,     10,   -109,     65,     24,    -97,     50,     16,     54,     48,    -50,    -92,    -66,    127,     14,    124,    -21,    -31,    -92,    107,    127,    -79,     70,     70,    -84,     90,    -85,    -12,    127,     14,    -26,    -94,     15,    105,     86,     34,   -128,     44,   -128,     73,   -122,   -118,    -19,     71,   -128,    -34,     95,    -47,     46,     43,    -12,    127,   -128,    -89,     59,    127,     -8,    -42,    -93,   -128,    -37,     33,    -98,   -128,      2,     -9,    -98,     16,    -20,    101,     23,   -128,    -99,   -128,    -11,    -18,   -107,   -112,    111,     37,     16,      3,     62,    -59,   -124,    -32,   -114,     54,    -69,     -2,     48,   -128,    127,    101,    127,     17,   -128,    -96,     12,   -108,    -59,    -59,     16,     83,    -16,     39,    -29,    113,    127,     51,    -39,     62,   -118,    -74,    -95,   -128,    127,    -78,     45,     31,     21,    -90,    -21,    -93,     63,    -35,    -87,     54,     63,     55,     22,    127,     27,    102,     52,    -24,    -42,    127,     86,   -128,     82,     46,   -128,    -89,    -19,    127,     23,    -10,   -119, 
     60,   -128,    107,    -16,     48,   -128,    127,     98,    115,    127,   -114,   -128,   -128,   -128,    127,     64,    -91,      7,    -63,     29,     45,    -42,    -36,    -52,     -4,    -38,   -128,     57,     20,    -47,     96,    104,     74,    -56,    -90,     84,      9,    -10,    -71,   -118,     14,     98,    -10,     20,    127,     96,    -66,    -55,   -128,     75,     50,    -72,   -128,     77,     54,   -128,    -68,     52,    127,     34,     74,     36,   -128,     -2,    114,    118,    127,    -53,   -128,    127,    -53,    -73,     -8,    127,    -72,    -52,    -44,     48,     44,    120,    109,    121,    127,     25,     -6,   -128,   -126,      9,    -94,   -128,     29,     84,    127,     57,   -128,    100,   -128,    127,    -47,    -13,     87,     87,    -45,   -128,    -98,   -128,     82,     22,    -70,     56,     83,   -128,     90,    -97,    -80,     41,    -58,    110,    -32,     15,      0,     -8,   -128,     68,   -108,     57,    -36,    103,    127,     39,     37,    -36,     62,     44,    -79,    127,    -18,    -34,    127,     68,     31,   -126,    -89,    -68,    -60,     83,     67,     70,    -12,      0,    117,   -127,     60,     -4,      0,     79,    -58,    -44,   -121,      5, 
     91,    -65,     10,   -128,    127,     71,     62,     25,   -128,    122,    -46,   -108,    -21,    -68,     -3,    -54,     80,     30,     23,    -52,    -54,     -1,   -128,     77,     79,     53,    127,   -128,     72,    122,     67,   -128,   -128,    -82,     52,   -121,    -71,    -62,     65,      3,   -125,    -88,     38,    -76,    -57,     82,     22,   -118,     79,   -128,    -61,   -128,    -50,    -35,    -28,    -13,   -102,    -60,    127,     49,    127,    127,    118,     78,    -34,   -115,     -4,    -83,    120,    -39,     10,     29,    -63,     94,    -66,     33,    106,    -81,     19,    127,     24,     43,    -84,     21,    -36,    118,    -56,     58,    -33,   -128,    -65,      3,    -33,    -65,     -7,     19,     54,     65,    127,    127,    -12,    -35,    127,     57,    -76,      7,    -47,    127,    -67,   -128,     84,    -40,   -111,     56,     47,    -73,     92,    -38,    -69,    -33,     32,    -34,   -120,   -128,     79,     16,     58,    -85,     -5,      5,    -41,     63,    -79,     43,     44,   -128,     70,     26,    -28,    -82,     -6,    -47,    -77,     81,     19,     65,    -10,     12,    -40,     34,    -32,     96,     16,     68,     25,      8,     -5,      5,    -28,     37, 
     19,    -41,     19,     47,     11,    127,     26,    115,    -23,     90,     13,     11,     93,      6,     70,    123,    -33,    127,    109,     54,   -117,    106,    -66,   -128,    -85,     84,    -41,    127,    -30,   -128,     -4,   -128,    -75,    -28,    -11,    127,     20,     57,   -128,   -128,    -79,     94,    -43,    -35,     45,    -50,    -32,    -52,    127,   -128,    127,    127,     72,      2,     69,    -18,   -128,    127,   -106,    -68,     70,    -87,     88,     98,    111,    -29,    -40,     53,    127,   -110,    127,     11,    -36,     -3,    -40,   -107,     67,    -14,     17,     30,     94,    114,     26,     -2,    -10,    127,   -128,   -128,     -9,    -64,    -32,    -63,     -9,   -116,     91,     98,   -128,      9,    -65,   -121,    127,    -20,     92,    -32,    -25,     28,   -128,     28,     25,      2,   -121,    -97,    127,    -45,   -128,    127,    -29,   -128,    118,     48,    127,     73,     20,   -126,    -15,   -128,    -48,    -96,   -128,     14,    -42,     71,     98,    127,    -74,    127,     28,   -128,     40,   -128,   -109,    -23,     59,     70,   -104,    -49,    -36,    127,    104,    -62,    -55,    127,    127,    -34,   -118,   -111,   -113,    127,   -102,   -123, 
     78,     43,     87,    127,     34,    127,     -5,    -51,   -102,   -128,     63,    125,   -107,    -29,    -45,   -128,      8,    -78,    -33,     17,    127,    -36,     28,   -128,   -104,    -95,    -97,    -50,     54,     -9,     21,      1,      7,     78,    -86,    -64,    127,    -26,    -84,    106,    -32,    127,     16,    -23,    127,     66,    112,   -128,     75,    -81,      7,    -29,     77,    127,    -13,    -69,   -128,    127,     30,    -70,    -33,   -121,     -6,    -83,    127,     98,    -52,    127,    -43,   -128,   -110,     45,     54,   -128,      5,     30,    114,     57,    -52,     20,    -40,    -92,     65,   -128,     47,    -72,    107,    -37,    -99,      3,    -77,     -4,    108,     26,      4,     27,    -91,    100,    -96,     43,   -128,     48,     42,    -44,     99,    -43,   -128,    127,    -51,    -61,     32,     18,    127,   -128,    -12,    127,     34,     16,     83,     91,    -35,     52,    127,     31,    -66,     42,    -63,    127,    -12,   -121,    -72,    -33,     15,    127,   -100,    127,   -124,   -128,    -68,     -5,    127,     52,    127,    127,      6,    -41,    -29,    127,   -128,      8,     89,     36,     11,     25,   -128,    100,     26,     28,     13,    127, 
     66,   -128,    -17,    -34,     94,    -82,     26,    -91,      8,    127,     25,    -30,     73,    -87,    100,    -15,      8,     90,    123,     49,    -48,     30,    -74,     67,     81,    -59,    -46,     82,     36,    -22,    126,     11,     12,    -30,     49,     51,    -20,     64,   -128,   -117,   -128,   -128,    127,     24,   -117,    -35,   -128,     15,    -12,    -79,    127,     11,   -128,     34,     22,     21,    -59,   -117,    -36,     56,    -92,     56,     14,     33,     17,    -24,    -39,    -16,    -98,    -18,   -122,    -23,    -41,    -94,     51,    100,    -13,    -68,   -128,     -6,    -28,     22,    127,     31,   -125,    -48,    -29,     59,     26,   -127,     69,     16,      5,    -32,    -50,   -108,     93,    -49,    -80,    -35,   -128,     19,   -128,    109,   -128,   -128,   -128,     51,      6,     20,    -29,     35,    -32,     27,      6,     59,   -101,      1,     82,    -83,    -60,   -128,     -3,    -89,    -14,    115,      7,     22,    -52,     -4,     95,    -57,    127,    -45,    -96,     -1,     -3,    -52,    125,    -50,    -56,   -128,     44,   -112,    127,     24,      6,    -95,     54,     30,   -128,     67,     -1,    127,    -79,    104,    -44,   -128,     29,    -61, 
   -128,     27,   -128,     71,    -32,    -50,   -116,      9,     32,    127,     45,     31,     66,     80,     -4,    127,   -128,    124,    125,    -44,      4,    -42,    -31,   -128,     78,    -16,   -128,    -30,    -56,    -48,    127,     63,     60,    -14,     72,     69,     34,     86,    -68,    -83,     32,    110,   -104,     33,     71,      6,    127,     53,    -11,   -109,     32,    -41,     17,     93,     52,    -99,   -128,    126,    -41,    -37,    -51,   -128,    -91,      7,    -99,     80,    127,    127,     45,    -32,     57,    -77,    -52,     74,    127,    127,    -78,     25,    -46,     53,   -128,     53,    -32,    -33,      6,     71,     38,     57,    -41,    -25,    -13,    127,   -127,    109,     15,   -128,    -72,     -4,     67,   -128,   -128,    127,    -74,     11,     19,    -22,     69,    -73,    127,    115,   -128,   -100,    114,     -6,    127,    -63,    -13,     32,     24,   -113,     40,     44,   -125,    -44,     35,     -9,     54,     25,   -114,    127,   -127,   -128,    -49,     45,    -81,     25,   -128,     86,    127,     58,     -8,     50,     74,    127,     10,    -94,    -58,     80,    112,    127,    -61,     77,   -128,     84,    -18,    127,     51,    -33,   -128,     93, 
   -128,    127,   -128,    -32,    127,    -57,   -102,    -14,     36,    -68,    123,    -53,    -18,   -128,    -22,     -1,    -15,    -19,   -101,   -118,    127,    106,    -76,     51,   -128,    126,     47,    127,    100,     70,     90,     28,      2,   -128,     54,   -120,   -115,   -128,     10,   -104,     30,     42,      2,     65,    -12,    -19,     10,    -91,   -119,     88,    -15,   -124,   -103,    127,    -13,   -104,    100,    -25,    -42,    100,      9,   -128,     48,     99,    -10,   -128,    -87,    -53,    -46,    -17,    120,     19,   -128,     64,   -113,     78,    127,   -128,    -95,    127,   -124,    -89,     35,    -28,    108,    -87,      6,    127,   -128,   -128,    127,    127,    -11,     -4,    -81,     85,     86,    -43,     25,     88,     40,    -39,    123,    127,     10,    -23,     96,    113,     65,    -23,     10,     79,    127,    127,     28,    -72,   -128,   -128,     60,    -60,     32,    -76,    -65,     44,   -128,    -59,    127,   -109,     69,     36,     -9,    127,     50,   -128,    115,    112,    127,    -64,    -86,    -29,     77,     89,     60,     32,      8,   -115,     88,    -23,    -83,    -90,     39,    -51,    127,     23,    -14,     15,     23,      3,    127,    -85, 
    -43,   -114,    -68,      0,    -62,    -32,   -128,    -54,     19,    127,    127,    -12,    106,    -43,    -38,     19,   -128,   -128,   -100,    119,    127,     14,    -20,    118,    -53,     72,    -11,      4,   -128,   -128,    -54,    -30,    -42,   -128,    -44,    -56,    -74,   -128,   -121,     67,    -34,    -54,     81,   -128,     77,    127,     38,    -53,    -42,    -54,   -103,    127,     91,    -32,     28,     93,    122,     29,   -128,     75,     20,   -128,    127,     89,      8,    127,    -49,     83,   -128,     62,   -128,    -94,   -103,   -128,      2,    127,    117,      7,    -14,   -128,    127,    -24,   -128,     61,    127,   -128,     78,   -128,    127,      2,    -36,   -100,     -1,   -128,    -15,   -128,    -97,     66,   -128,    111,    127,    127,     16,     48,   -101,      5,     80,   -128,   -104,    -79,    -88,    127,      9,     81,    126,     25,   -100,    -42,    127,     88,    -41,     77,     50,     89,    -74,   -128,    -50,    -29,    -11,    127,   -128,     96,     58,      8,     48,    127,   -112,     -6,   -100,   -128,   -128,    -60,     40,    105,   -128,   -128,   -128,     40,     56,    -21,     10,   -111,    127,   -128,    -15,    -66,     65,    -14,    -21,      8, 
   -124,    -60,    -52,     89,    -26,    -15,    -64,     96,     26,     76,    127,    -11,    125,    -94,     71,    110,   -128,     32,    -46,     -3,    -11,    -87,    -63,     -2,     13,     11,   -126,     -7,    -10,     50,     70,    -69,    -37,      3,   -102,     43,     67,   -128,    -28,    -33,    127,    127,    127,    -50,     35,    -53,   -102,     90,     53,    107,     32,     -1,     48,    125,     62,    -90,   -128,    127,    -66,     63,     27,    -98,   -121,     40,    127,   -128,     17,    127,     61,      6,     25,     48,    -20,    103,    127,   -128,     65,    -55,    127,     32,    120,    111,    -74,     80,    127,      5,     50,     61,   -128,    -71,      1,    -96,     22,    110,    -33,   -117,    -92,   -128,   -128,    -81,    -73,   -123,     45,   -128,      5,    -21,   -113,    -15,     12,   -128,   -128,      9,    127,    -18,    -78,     13,    -54,   -114,   -128,    -37,    -79,    -42,    -61,   -128,   -128,     26,     91,    120,   -128,     58,   -128,    -92,    101,    -50,   -128,     87,    -74,    -13,     -1,   -126,   -101,    115,    -24,     43,      1,     75,    -18,    127,   -128,     62,    116,    -24,    -80,     47,     41,   -128,    -12,    113,    -57,   -107, 
    -91,     -8,    -11,    127,     47,     20,    100,     71,     42,   -128,     51,    -40,    -22,    -86,    127,     93,    -84,    -24,    127,   -122,   -128,    126,    -15,   -103,   -128,    114,    -97,     57,    -45,    127,    -12,    -40,    -54,    -98,    121,     16,    114,   -128,    -34,    -66,     56,     61,   -117,     64,    -29,     26,    -74,   -110,    -66,    -51,    114,    102,     88,    -59,    -59,     74,      7,    -28,     14,     83,   -128,    -37,     74,     66,     93,    127,     58,    -43,     50,     46,   -121,    -80,   -128,      0,    127,    117,     77,    -92,   -123,     83,      1,     39,    127,    -15,   -128,    119,     34,    -19,    103,     26,    -33,    127,    -55,      8,   -118,     46,    127,   -128,    127,    -39,    -86,    -20,     20,    127,    -13,     57,    -52,   -119,      3,    127,     16,    -13,    -34,    -47,   -124,    109,     46,    -74,   -128,    -60,     63,   -128,     85,   -108,   -127,    127,     16,    -25,     39,   -111,     33,    -63,    127,    -42,     99,   -103,    109,    -61,     55,    -93,     48,    -94,    -42,    -48,    104,    127,    -66,   -128,    -12,     59,    125,     77,    103,      7,     69,    127,      1,    -83,    127,    127, 
     65,     88,     99,      1,    -73,     70,    127,    127,     34,     37,     -2,     95,    -98,    127,    -46,    -33,   -107,   -128,   -128,     48,   -128,    -97,    -62,    -11,   -128,     18,   -128,     49,    -55,     28,    127,     30,     23,    127,    -47,    127,    -18,    -34,    -59,    -18,     32,    127,    106,     33,     96,    -48,      8,     32,    -34,   -120,   -128,     11,     65,   -128,   -105,   -107,    -63,    127,     -1,    127,     84,    120,    -95,   -128,    -36,    127,     41,    -25,     93,    -43,     -4,      9,    127,    -17,    -16,    -31,     -8,     65,   -128,    107,   -110,      3,    127,    -43,     -4,     25,   -128,   -128,     -3,    127,   -109,    127,    127,   -128,    127,    -41,     27,    -23,    127,   -126,     43,     67,   -128,   -128,     49,    127,    -10,      8,      7,    118,     10,     56,    127,   -128,    -50,     47,     76,    127,    127,    106,    127,     39,    127,    127,    -86,   -113,     20,    -58,    127,     14,     50,    121,    -41,    -25,    123,    127,    -58,    -11,    -10,    -57,     16,    -32,      0,     -2,     97,   -128,     85,     18,    -34,    -91,    -16,   -100,    -44,     33,    -91,    127,     19,      3,    -96,    116, 
    -51,    -41,    -86,     94,    -65,     30,   -128,     81,     52,      9,     41,     97,    -81,     43,    -76,    -12,   -128,     23,     76,    116,    127,   -119,    -67,     98,     12,    127,    127,    -14,    -51,    -67,    -20,      0,     98,    -34,   -128,      9,    -55,    127,     40,    126,     86,     22,   -128,     14,   -114,    127,     28,   -128,   -101,    -37,    -82,     42,    -58,    -62,   -128,    -44,    -93,    -55,     21,   -119,    -30,   -120,    -46,     70,    127,      4,     64,     -6,     55,    -25,    100,   -128,     17,     31,     -3,      5,     29,    127,     46,     52,    -50,    -94,    -66,    -52,     29,    -58,    -87,    -78,    -99,     43,    -57,    -24,    -18,    120,   -128,    -24,      7,     65,     23,     38,     36,    127,    -71,    127,     31,    -70,     24,   -112,    104,    127,     -1,    127,   -128,     -9,     32,     47,    -71,     -2,     55,     94,     23,     85,      3,    127,    102,    -94,    -78,     88,     63,     88,      6,    -52,     28,    127,    127,     32,   -108,     75,    123,    103,   -128,     11,    127,     83,    -87,    -22,   -128,    127,    100,    127,     49,   -128,     24,   -128,     36,    107,    -56,     43,    127,    -84, 
   -125,     62,    102,    100,   -128,     77,    -20,    -32,    -39,     19,    -51,     76,     66,    127,    -13,     95,     -6,   -128,   -128,   -128,    -35,    -55,    -39,   -116,    101,     14,      9,   -128,     34,      1,    -64,    -36,     -6,     32,     -9,     46,     64,    -62,     -6,      6,     57,    -13,    127,    101,    100,    -10,     -2,    -57,    -51,    -26,     71,    118,     10,     48,    127,    -98,     37,    107,   -128,     67,    127,   -115,    101,   -128,    -54,    127,    127,     71,     -3,     87,    -10,   -128,    -67,   -128,    -43,   -113,      6,    -76,     27,   -128,    108,     56,   -128,   -128,   -128,    -42,     30,   -128,    -38,     16,   -105,    -88,     67,     82,     99,     67,      3,    -28,   -128,     -5,     15,     13,      1,     18,     23,     40,    127,     11,   -128,    -97,     22,    127,     86,     27,     44,    -51,    -28,    -23,    -26,    127,     45,    106,    -81,    -90,   -128,   -102,     48,     81,     71,    127,    -31,    -58,    -53,    -56,   -128,     83,    -85,   -128,    -75,    -40,     67,     62,     88,     27,   -102,     47,    -58,    -53,     59,      5,    -10,     46,    -58,   -124,      9,   -111,   -128,     36,   -128,    -83, 
     24,     12,    -18,   -128,    -46,    127,    -91,    -44,     27,    127,   -128,     58,     28,    127,   -110,     24,    -22,    -50,   -119,     69,    -75,     26,     83,    -94,     28,    -26,   -128,    -13,   -128,    -37,     42,     -8,     58,   -101,    -20,    127,    -33,    127,     26,     49,   -116,     57,    -90,    -29,     44,    -38,     30,    -44,    127,   -128,    -87,    -62,     95,    -65,    -56,    -84,     98,    127,    -98,    -52,    -10,    127,   -128,     12,   -128,     50,     70,   -128,    -67,     21,    -63,   -128,   -124,    -18,     74,      4,    127,   -128,   -116,    127,    -52,     43,    -12,    118,     52,    103,   -128,     69,    -34,    124,    -37,    -14,    -39,   -128,    127,   -128,   -128,    -56,    104,    -72,    -83,     44,    -60,      1,    -31,   -125,    -98,    -53,     13,     12,    -58,     60,    -56,   -104,     72,     56,    127,     31,     77,     87,    -55,    127,     -2,    -39,    -18,    -18,    -89,     25,    -84,    127,   -128,     65,   -128,    127,   -128,     44,    -81,   -128,    -68,    -96,   -124,    -50,     58,    119,      3,   -128,   -128,     42,     43,     25,   -128,    127,    -31,     13,      1,    -37,     68,    -45,    -21,    -75, 
     79,    -10,   -128,     -6,     15,     87,     75,    -71,    127,    -59,    -62,   -114,     70,     74,    127,     39,     -3,     14,      6,     47,     12,    -89,    -40,   -128,     68,     39,    -18,    127,   -113,    -83,    -68,   -105,    -22,    -17,     35,    -44,    -74,    -73,   -113,      4,     16,    -72,   -128,    -45,    127,     87,     -2,     -4,    127,    -36,   -128,     11,    -16,     88,     56,    -26,    -46,     79,    -73,     34,   -128,    105,    127,    -76,   -100,     26,     81,   -128,    -94,    -56,    -51,   -122,    -49,    -60,    -87,    104,   -128,    -75,    -33,   -113,    -28,    127,     17,    113,    -78,    100,   -128,     -2,    106,    101,    -15,     53,    -40,    -59,     56,   -123,    -35,   -128,   -100,   -111,     33,   -105,    -23,     25,    127,    127,    -62,    -72,     56,    -17,   -128,     49,     43,     59,    -42,    -31,   -126,    127,     53,    127,    -25,     71,    -40,   -128,    100,    123,    -32,    -39,    -20,     -9,    127,   -128,    -57,     46,   -128,    127,     66,     30,    127,      1,    -63,    127,    127,    -84,      1,    -41,   -100,   -123,   -103,   -128,   -126,    127,   -128,    -99,      8,   -128,    127,     87,     73,   -110, 
   -128,    -12,     13,    -54,    -68,    127,    -60,     14,     56,      9,   -128,     -8,     40,    127,    106,    127,     42,    127,   -128,     33,    -72,   -128,    -10,     48,   -128,    -53,    127,    -53,    -68,     94,    -57,   -110,    -64,     -2,    114,    -16,   -128,     77,    -49,     89,    127,    -39,    127,    -79,     31,    -28,    -83,    -17,    104,    127,   -128,    -39,      5,    -75,     71,     93,     63,     30,     13,     98,    -26,    -86,     66,   -104,   -128,    -75,    127,     62,     31,   -128,     40,    -49,      1,    -20,   -128,   -123,    -14,    -47,     59,     17,   -101,     43,    -37,    -92,     34,    127,   -128,   -120,     18,    -32,   -128,   -128,     14,     71,     72,     18,    127,    -39,    -63,    -16,     27,    -74,     93,   -107,      7,     81,    127,   -128,   -128,   -128,    -24,   -124,      4,      3,      5,     22,    -84,    -42,   -128,     18,    127,     26,    -57,   -128,    -12,     76,    127,    -71,    -81,   -128,    127,   -128,    105,    -66,    -23,     20,     82,     71,     91,    -87,    -80,      1,   -128,   -128,     36,    -47,    119,     94,    -51,    -28,   -105,    127,   -112,    127,   -119,    -88,   -128,     94,     99,   -128, 
     32,   -117,     31,   -128,     24,     20,     36,      3,    -64,     93,   -128,   -102,   -128,      9,     96,    127,     38,     41,     79,     48,    -47,    127,   -110,    127,     86,    -14,    127,     75,   -128,    127,     -5,    -48,   -100,   -128,    -59,    -65,     18,    -33,     46,     34,   -103,    -76,     43,     33,    -75,     94,    101,    -24,     70,   -108,     -1,   -120,     43,     73,    -57,     12,    -42,   -113,    127,     15,    127,     13,    -78,    127,     53,     12,    -15,    106,   -128,     84,   -128,    -98,    -81,     38,     18,     93,    127,   -113,    -61,    127,     51,      5,    127,     46,   -128,    106,     50,    -48,     71,     18,    122,     -3,    -79,   -128,   -113,   -126,    -82,     -9,     78,   -121,    -56,     40,    -68,    104,   -118,   -111,    -28,   -124,    -14,    127,    127,     82,   -109,     23,     55,     82,     52,     21,      4,    127,    -36,     96,    -94,      6,    -11,     14,     -1,    -78,     83,    127,     70,     13,    -12,     -7,    -85,     29,     14,    -35,    127,   -128,   -116,     84,    -79,      6,     29,    127,    -86,    -55,     45,    114,     43,    -49,     48,     94,     98,     80,      1,     31,    127,     29, 
    127,    -69,    -76,     44,     89,    127,    -62,    -68,   -102,     38,   -128,     99,     84,    -20,   -117,    -20,    -94,     89,     53,   -128,    -29,   -128,     -9,     37,     72,    -91,    -81,    -45,    127,     51,    -29,     31,    -86,   -128,     73,   -128,     76,    -30,   -106,     -7,    -37,     27,   -127,    127,   -128,     17,     79,   -125,    127,   -108,    -75,   -128,     68,    109,    -66,   -128,    -46,    -66,    127,     35,    -41,     20,    127,     60,     72,     -2,     34,    127,     34,    -96,    -49,   -128,     96,    -26,    -71,     -8,    -67,   -128,     64,     85,   -128,     -6,    -72,     14,    127,     32,     20,    -13,     62,   -103,     57,   -128,    -42,    -35,   -128,    -83,    127,     10,     96,     31,     10,      4,   -128,    -76,     28,   -128,    -60,     42,     38,    124,     65,    -17,   -128,    127,   -128,    -72,     93,   -121,     61,     -2,     25,   -128,      7,   -112,    127,    127,    -13,   -128,     -8,    -67,    127,    -53,     -7,     35,     41,   -128,      4,     76,   -126,    -32,    -91,    -14,    127,     -1,   -103,    -56,    -19,   -128,     55,     90,   -118,    127,     -3,   -128,    -14,    111,    -32,    -75,     -9,     69, 
    -75,      8,    102,   -128,    -73,    -87,    -30,    -95,    102,     45,    -22,     40,    -25,    111,     88,     34,     35,     16,    -60,    -52,     79,   -128,     89,    -13,     47,     51,    -32,    127,   -128,   -128,    103,    127,     22,      9,     -8,     53,   -128,     35,     12,     98,   -128,     25,    -79,    122,     -7,     79,   -117,    -82,     41,     31,   -128,   -128,   -128,    -34,   -128,   -104,    -26,     30,    -22,    -61,    -35,     -3,    -81,     33,   -128,    -13,     32,   -112,    -11,    -39,     47,    -42,   -107,   -128,    -31,    -67,     28,    -95,    -77,    -66,    -39,    -84,    -28,     -4,    -96,    -98,    -33,     43,    -78,     85,    124,   -110,    127,    -59,    113,   -107,    -34,    -31,   -118,   -128,    -79,    127,    -85,     99,    -22,     27,    -37,    -30,    -72,    119,     84,    -49,     64,     47,    127,     67,    111,    127,     93,    127,    -51,   -125,    127,    -23,     48,     27,    -22,    127,     33,   -128,    127,    -72,   -128,     50,    -50,    127,    -45,     99,     68,     26,    127,   -115,    -24,     36,    127,     29,     60,    -60,     19,    -34,    -31,    -67,     74,     48,      7,     50,      7,   -106,    120,      8, 
No Error.
No zero_error.
---------------------------------------------------------
Hardware latency (start_trans -> out_data_last): 21544 cycles (215440 ns)
[stall_monitor:in_F] total=25750 transfer=1200 valid_stall=0 ready_stall=8223 idle=16327 | stall=31.93% util=4.66%
[stall_monitor:in_W] total=25750 transfer=960 valid_stall=0 ready_stall=8223 idle=16567 | stall=31.93% util=3.73%
[stall_monitor:out_data] total=25750 transfer=2000 valid_stall=2004 ready_stall=10762 idle=10984 | stall=49.58% util=7.77%
---------------------------------------------------------
Simulation complete via $finish(1) at time 257550 NS + 0
/project/tsmc65/users/rasksha/ws/taoFPGA/sourcecode/tb/MM_Ultra_tb.sv:423         $finish();
xcelium> exit
TOOL:	xrun(64)	23.09-s013: Exiting on Aug 04, 2026 at 12:12:24 UTC  (total: 00:00:07)
